`   002f2d4b-7b58-4c32-86f1-0bd414848d4b_flavorText,每天最重要的营养美餐。
,
,
,
002f2d4b-7b58-4c32-86f1-0bd414848d4b_longDesc,一株植物获得[+1a]/[+1h]，然后额外攻击一次。
,
,
,
002f2d4b-7b58-4c32-86f1-0bd414848d4b_name,植物养料
,
,
,
002f2d4b-7b58-4c32-86f1-0bd414848d4b_shortDesc,一株植物获得[+1a]/[+1h]，然后额外攻击一次。
,
,
,
00848e55-e990-459f-8927-beefa06f815e_flavorText,他要来吸干你的叶绿素啦！
,
,
,
00848e55-e990-459f-8927-beefa06f815e_longDesc,[frenzy]\n在消灭植物时获得[+2a]/[+2h]。
,
,
,
00848e55-e990-459f-8927-beefa06f815e_name,吸血僵尸
,
,
,
00848e55-e990-459f-8927-beefa06f815e_shortDesc,[frenzy]。在消灭植物时获得[+2a]/[+2h]。
,
,
,
00f8f7f7-47ed-435e-91cf-1bccf134d528_flavorText,不用害怕他的凶猛外表，他对小个子总是关照有加。
,
,
,
00f8f7f7-47ed-435e-91cf-1bccf134d528_longDesc,打出：没有力量的植物获得[+2a]。
,
,
,
00f8f7f7-47ed-435e-91cf-1bccf134d528_name,刺头菠萝
,
,
,
00f8f7f7-47ed-435e-91cf-1bccf134d528_shortDesc,打出：没有力量的植物获得[+2a]。
,
,
,
0237d618-c027-4d95-af14-dca7beced0d2_flavorText,章鱼僵尸！这可是植物们最怕听到的四个字。
,
,
,
0237d618-c027-4d95-af14-dca7beced0d2_heraldFighter,由章鱼投手创造
,
,
,
0237d618-c027-4d95-af14-dca7beced0d2_longDesc,制造一个具有两栖和疯狂的3/2章鱼宠物。
,
,
,
0237d618-c027-4d95-af14-dca7beced0d2_name,章鱼投手
,
,
,
0237d618-c027-4d95-af14-dca7beced0d2_shortDesc,制造一个具有两栖和疯狂的3/2章鱼宠物。
,
,
,
025093e5-62a5-4085-a854-569fab0e4839_flavorText,喜欢的东西：通水管和探险运动。讨厌的东西：腰带。 
,
,
,
025093e5-62a5-4085-a854-569fab0e4839_longDesc,造成2点伤害。
,
,
,
025093e5-62a5-4085-a854-569fab0e4839_name,蹦极管道工
,
,
,
025093e5-62a5-4085-a854-569fab0e4839_shortDesc,造成2点伤害。
,
,
,
028be0b0-bf87-417a-8346-3e5bdcf247f9_flavorText,“玫瑰带刺，你也敢惹？”
,
,
,
028be0b0-bf87-417a-8346-3e5bdcf247f9_longDesc,当有僵尸对花朵造成伤害时，消灭这只僵尸。
,
,
,
028be0b0-bf87-417a-8346-3e5bdcf247f9_name,野玫瑰
,
,
,
028be0b0-bf87-417a-8346-3e5bdcf247f9_shortDesc,当有僵尸对花朵造成伤害时，消灭这只僵尸。
,
,
,
02d53162-6431-4bd3-b1df-16f03d690ced_flavorText,他精通僵尸柔道和僵尸空手道，还会吹口风琴。 
,
,
,
02d53162-6431-4bd3-b1df-16f03d690ced_longDesc,
,
,
,
02d53162-6431-4bd3-b1df-16f03d690ced_name,小鬼
,
,
,
02d53162-6431-4bd3-b1df-16f03d690ced_shortDesc,
,
,
,
03887b4d-9cd9-4f11-86ea-91954f789230_flavorText,没错，他和窝瓜是好兄弟；但暗地里他俩都努力想胜过对方。
,
,
,
03887b4d-9cd9-4f11-86ea-91954f789230_longDesc,
,
,
,
03887b4d-9cd9-4f11-86ea-91954f789230_name,千斤南瓜
,
,
,
03887b4d-9cd9-4f11-86ea-91954f789230_shortDesc,
,
,
,
045dd030-f276-4f53-92e0-ca1363474b60_flavorText,史上最年轻的飞行员豌豆射手；唯一获得过飞行执照的豌豆射手。
,
,
,
045dd030-f276-4f53-92e0-ca1363474b60_longDesc,在高地打出：获得[+2a]/[+2h]。
,
,
,
045dd030-f276-4f53-92e0-ca1363474b60_name,飞天射手
,
,
,
045dd030-f276-4f53-92e0-ca1363474b60_shortDesc,在高地上时获得[+2a]/[+2h]。
,
,
,
057cfef7-26b0-4701-84e5-5c8e0707d3b3_flavorText,她总能让其他植物绽放出最美的一面。
,
,
,
057cfef7-26b0-4701-84e5-5c8e0707d3b3_longDesc,打出：\n另一株植物获得[+2a]/[+2h]。
,
,
,
057cfef7-26b0-4701-84e5-5c8e0707d3b3_name,成长蘑菇
,
,
,
057cfef7-26b0-4701-84e5-5c8e0707d3b3_shortDesc,让另一株植物获得[+2a]/[+2h]。
,
,
,
057cfef7-26b0-4701-84e5-5c8e0707d3b3_Targeting,选择获得[+2a]/[+2h]的植物。
,
,
,
063a10ac-db16-45b1-99c7-079e6643e291_flavorText,闲暇的时候，他常给弱势植物们上游泳课。
,
,
,
063a10ac-db16-45b1-99c7-079e6643e291_longDesc,[aquatic]
,
,
,
063a10ac-db16-45b1-99c7-079e6643e291_name,海蘑菇
,
,
,
063a10ac-db16-45b1-99c7-079e6643e291_shortDesc,[aquatic]
,
,
,
06a50608-0b00-4e39-b8a2-60036000b1c9_longDesc,
,
,
,
06a50608-0b00-4e39-b8a2-60036000b1c9_name,喷射包僵尸
,
,
,
06a50608-0b00-4e39-b8a2-60036000b1c9_shortDesc,
,
,
,
06e07806-2706-47ce-82b2-4bd2915a9b62_flavorText,他的喷射背包按小时收费。
,
,
,
06e07806-2706-47ce-82b2-4bd2915a9b62_longDesc,[gravestone]\n现身：一只僵尸额外攻击一次。
,
,
,
06e07806-2706-47ce-82b2-4bd2915a9b62_name,电工僵尸
,
,
,
06e07806-2706-47ce-82b2-4bd2915a9b62_shortDesc,[gravestone]。现身：一只僵尸额外攻击一次。
,
,
,
06e07806-2706-47ce-82b2-4bd2915a9b62_Targeting,选择要发动额外攻击的僵尸。
,
,
,
075d072c-ff4b-4d25-b587-089a7771cc66_flavorText,他也知道咖啡对身体不好，奈何上瘾就戒不掉。
,
,
,
075d072c-ff4b-4d25-b587-089a7771cc66_longDesc,打出：所有僵尸获得[+1a]/[+1h]和[frenzy]。
,
,
,
075d072c-ff4b-4d25-b587-089a7771cc66_name,咖啡僵尸
,
,
,
075d072c-ff4b-4d25-b587-089a7771cc66_shortDesc,所有僵尸获得[+1a]/[+1h]和[frenzy]。
,
,
,
08010cd1-9506-4bdb-91b7-848f56136979_flavorText,迪斯科不死！
,
,
,
08010cd1-9506-4bdb-91b7-848f56136979_heraldFighter,由迪斯科僵尸创造
,
,
,
08010cd1-9506-4bdb-91b7-848f56136979_longDesc,打出：召唤一只[1a]/[1h]的伴舞僵尸。
,
,
,
08010cd1-9506-4bdb-91b7-848f56136979_name,迪斯科僵尸
,
,
,
08010cd1-9506-4bdb-91b7-848f56136979_shortDesc,召唤一只[1a]/[1h]的伴舞僵尸。
,
,
,
08010cd1-9506-4bdb-91b7-848f56136979_Targeting,选择一个位置来召唤一只[1a]/[1h]的伴舞僵尸。
,
,
,
08e238e9-165b-454b-a941-4d0b0548b2b4_flavorText,“如果我有一把好武器……等等……我就是那把好武器！”
,
,
,
08e238e9-165b-454b-a941-4d0b0548b2b4_longDesc,
,
,
,
08e238e9-165b-454b-a941-4d0b0548b2b4_name,大锤菇
,
,
,
08e238e9-165b-454b-a941-4d0b0548b2b4_shortDesc,
,
,
,
0935041d-0d31-490e-aa94-6db3d8310c02_flavorText,如果你喜欢光秃秃的石头和枯萎的植物，找他负责园艺造型准没错。
,
,
,
0935041d-0d31-490e-aa94-6db3d8310c02_longDesc,[gravestone]\n现身：一株植物获得[-2a]。
,
,
,
0935041d-0d31-490e-aa94-6db3d8310c02_name,园艺僵尸
,
,
,
0935041d-0d31-490e-aa94-6db3d8310c02_shortDesc,[gravestone]。现身：一株植物获得[-2a]。
,
,
,
0935041d-0d31-490e-aa94-6db3d8310c02_Targeting,选择获得[-2a]的植物。
,
,
,
093b45c2-b603-4619-b669-15933b7c4364_flavorText,“只要有敌人来，就得先吃我当面一拳！”
,
,
,
093b45c2-b603-4619-b669-15933b7c4364_longDesc,对地面上的每个僵尸造成2点伤害。
,
,
,
093b45c2-b603-4619-b669-15933b7c4364_name,大力重拳
,
,
,
093b45c2-b603-4619-b669-15933b7c4364_shortDesc,对地面上的每个僵尸造成2点伤害。
,
,
,
097a247f-676a-41fa-9bd2-1f7fbdd315ba_flavorText,患有严重的窝瓜面瘫症。
,
,
,
097a247f-676a-41fa-9bd2-1f7fbdd315ba_longDesc,消灭一只僵尸。
,
,
,
097a247f-676a-41fa-9bd2-1f7fbdd315ba_name,窝瓜
,
,
,
097a247f-676a-41fa-9bd2-1f7fbdd315ba_shortDesc,消灭一只僵尸。
,
,
,
09f699a1-6cea-439a-bf77-2d428df13fab_flavorText,“还有什么比坚果墙更棒的？当然是身披盔甲的坚果墙。”
,
,
,
09f699a1-6cea-439a-bf77-2d428df13fab_longDesc,[armored=1]，[truestrike]，[teamup]
,
,
,
09f699a1-6cea-439a-bf77-2d428df13fab_name,无畏坚果
,
,
,
09f699a1-6cea-439a-bf77-2d428df13fab_shortDesc,[armored=1]，[truestrike]，[teamup]
,
,
,
0b6ebc97-728b-4127-8a63-07a19ef2fb76_longDesc,所有僵尸获得[+2h]。
,
,
,
0b6ebc97-728b-4127-8a63-07a19ef2fb76_name,坚强点！
,
,
,
0b6ebc97-728b-4127-8a63-07a19ef2fb76_shortDesc,所有僵尸获得[+2h]。
,
,
,
0b97cbac-a500-4138-80ce-49426c605093_flavorText,为植物加油鼓劲，帮他们更快生根发芽。
,
,
,
0b97cbac-a500-4138-80ce-49426c605093_longDesc,一株植物在本回合获得[+2h]，而且无法受到伤害。
,
,
,
0b97cbac-a500-4138-80ce-49426c605093_name,生根墙
,
,
,
0b97cbac-a500-4138-80ce-49426c605093_shortDesc,一株植物在本回合获得[+2h]，而且无法受到伤害。
,
,
,
0c3c04ed-b875-4c01-9ee8-ab5257791711_flavorText,足以毁掉植物，对僵尸来说又正好酸碱平衡、健康无害。
,
,
,
0c3c04ed-b875-4c01-9ee8-ab5257791711_longDesc,平地上的所有植物获得[-1a]/[-1h]。
,
,
,
0c3c04ed-b875-4c01-9ee8-ab5257791711_name,酸雨
,
,
,
0c3c04ed-b875-4c01-9ee8-ab5257791711_shortDesc,平地上的所有植物获得[-1a]/[-1h]。
,
,
,
0ce23b81-25d7-4d41-bd20-ec83e9a920dd_longDesc,
,
,
,
0ce23b81-25d7-4d41-bd20-ec83e9a920dd_name,测试 僵尸摧毁目标植物 斗士爆发
,
,
,
0ce23b81-25d7-4d41-bd20-ec83e9a920dd_shortDesc,
,
,
,
0ceb92dd-2a98-47ec-be7e-59174caf3d2b_flavorText,有蛇！
,
,
,
0ceb92dd-2a98-47ec-be7e-59174caf3d2b_longDesc,当你打出宠物时，所有宠物获得[+1a]。
,
,
,
0ceb92dd-2a98-47ec-be7e-59174caf3d2b_name,动物园僵尸
,
,
,
0ceb92dd-2a98-47ec-be7e-59174caf3d2b_shortDesc,当你打出宠物时，所有宠物获得[+1a]。
,
,
,
0dcdd716-1200-4b1c-823b-5e757617620a_flavorText,“吸收了这么多核辐射……怎么还是没有超能力呢？”
,
,
,
0dcdd716-1200-4b1c-823b-5e757617620a_longDesc,[aquatic]\n所有小鬼获得[deadly]。
,
,
,
0dcdd716-1200-4b1c-823b-5e757617620a_name,毒物小鬼
,
,
,
0dcdd716-1200-4b1c-823b-5e757617620a_shortDesc,[aquatic]。所有小鬼获得[deadly]。
,
,
,
0e3d2b25-8482-4a60-a28c-9e0ed007fb6b_flavorText,“我的肤色其实更有夏天的感觉。”
,
,
,
0e3d2b25-8482-4a60-a28c-9e0ed007fb6b_longDesc,当有僵尸或墓碑被冻结时，消灭它。
,
,
,
0e3d2b25-8482-4a60-a28c-9e0ed007fb6b_name,冬窝瓜
,
,
,
0e3d2b25-8482-4a60-a28c-9e0ed007fb6b_shortDesc,当有僵尸或墓碑被冻结时，消灭它。
,
,
,
1000-Year Cheesemonger_flavorText,它滚的干酪，美“轮”美央。
,
,
,
1000-Year Cheesemonger_longDesc,[zombieevolution]：消灭一株植物。
,
,
,
1000-Year Cheesemonger_name,远古干酪推铲尸
,
,
,
1000-Year Cheesemonger_shortDesc,[zombieevolution]：消灭一株植物。
,
,
,
1000-Year Cheesemonger_Targeting,选择要消灭的植物。
,
,
,
10288bf7-456f-4241-ba9c-7c1624a6cc05_flavorText,即兴派对，无需预约。
,
,
,
10288bf7-456f-4241-ba9c-7c1624a6cc05_heraldFighter,由巨人盛宴创造
,
,
,
10288bf7-456f-4241-ba9c-7c1624a6cc05_longDesc,在随机线上召唤3个随机巨尸。
,
,
,
10288bf7-456f-4241-ba9c-7c1624a6cc05_name,巨尸盛宴
,
,
,
10288bf7-456f-4241-ba9c-7c1624a6cc05_shortDesc,在随机线上召唤3个随机巨尸。
,
,
,
11f0ce43-f8ad-4c07-a036-08fb595df793_longDesc,
,
,
,
11f0ce43-f8ad-4c07-a036-08fb595df793_name,伴舞僵尸+
,
,
,
11f0ce43-f8ad-4c07-a036-08fb595df793_shortDesc,
,
,
,
13460c21-ad49-4b22-95f5-d1c95086c660_flavorText,在场上110%地卖力，可惜对橄榄球一窍不通。
,
,
,
13460c21-ad49-4b22-95f5-d1c95086c660_longDesc,护甲1，狂暴，不受干扰。
,
,
,
13460c21-ad49-4b22-95f5-d1c95086c660_name,全明星僵尸
,
,
,
13460c21-ad49-4b22-95f5-d1c95086c660_shortDesc,护甲1，狂暴，不受干扰。
,
,
,
13bbd37a-8555-4a16-9ba6-929f77f037b8_flavorText,采用最柔软材质，只为给植物带来精心呵护。 
,
,
,
13bbd37a-8555-4a16-9ba6-929f77f037b8_longDesc,移动一株植物。创造一个把戏。
,
,
,
13bbd37a-8555-4a16-9ba6-929f77f037b8_name,园艺手套
,
,
,
13bbd37a-8555-4a16-9ba6-929f77f037b8_shortDesc,移动一株植物。创造一个把戏。
,
,
,
13bbd37a-8555-4a16-9ba6-929f77f037b8_Targeting,点击一个位置来移动这株植物。
,
,
,
13bbd37a-8555-4a16-9ba6-929f77f037b8_Targeting_PC,选择一个位置来移动这株植物。
,
,
,
13d7b729-74ad-4606-95de-f8b2e68011f1_flavorText,这是巫师干的：一个巨大的绿色巫“尸”。
,
,
,
13d7b729-74ad-4606-95de-f8b2e68011f1_longDesc,所有巨人僵尸都有靶心。打出时：将另一个僵尸变成一个随机的费用增加1的僵尸。
,
,
,
13d7b729-74ad-4606-95de-f8b2e68011f1_name,巫师巨尸
,
,
,
13d7b729-74ad-4606-95de-f8b2e68011f1_shortDesc,所有巨人僵尸都有靶心。打出时：将另一个僵尸变成一个随机的费用增加1的僵尸。
,
,
,
177fd8b4-532b-4d34-9ea9-a134ff807b1e_flavorText,他这身本事都是在08年红绿灯抓人大战里练就的。
,
,
,
177fd8b4-532b-4d34-9ea9-a134ff807b1e_longDesc,当对僵尸造成伤害时，[freeze]这只僵尸。
,
,
,
177fd8b4-532b-4d34-9ea9-a134ff807b1e_name,雪豆射手
,
,
,
177fd8b4-532b-4d34-9ea9-a134ff807b1e_shortDesc,当对僵尸造成伤害时，[freeze]这只僵尸。
,
,
,
1828a02e-3554-41c4-af93-946dbc5f0eae_flavorText,患有严重恐水症，死活不肯在水上飞行。 
,
,
,
1828a02e-3554-41c4-af93-946dbc5f0eae_heraldFighter,由召唤直升机创造
,
,
,
1828a02e-3554-41c4-af93-946dbc5f0eae_longDesc,召唤一只[6a]/[5h]的直升机敢死队小鬼。
,
,
,
1828a02e-3554-41c4-af93-946dbc5f0eae_name,召唤直升机
,
,
,
1828a02e-3554-41c4-af93-946dbc5f0eae_shortDesc,召唤一只[6a]/[5h]的直升机敢死队小鬼。
,
,
,
195a7fc7-718f-413a-9109-a5825600db7a_flavorText,冷门小知识：他从前其实有两枚牙齿。
,
,
,
195a7fc7-718f-413a-9109-a5825600db7a_longDesc,[teamup]\n 打出：在本回合获得[+1a]。
,
,
,
195a7fc7-718f-413a-9109-a5825600db7a_name,拳击白菜
,
,
,
195a7fc7-718f-413a-9109-a5825600db7a_shortDesc,[teamup。在本回合获得[+1a]。
,
,
,
19bfc239-582d-4cb8-8393-ec5f2000049a_longDesc,打出：在本回合获得3点脑子。
,
,
,
19bfc239-582d-4cb8-8393-ec5f2000049a_name,罐装脑子
,
,
,
19bfc239-582d-4cb8-8393-ec5f2000049a_shortDesc,在本回合获得3点脑子。
,
,
,
1a68871b-6f3e-414c-8b5b-3d93583592e1_flavorText,“我最喜欢的数字是5。”
,
,
,
1a68871b-6f3e-414c-8b5b-3d93583592e1_longDesc,这张牌会攻击自己和相邻线上的敌人。
,
,
,
1a68871b-6f3e-414c-8b5b-3d93583592e1_name,三重射手
,
,
,
1a68871b-6f3e-414c-8b5b-3d93583592e1_shortDesc,攻击自己和相邻线上的敌人。
,
,
,
1a92d805-d288-4d12-9a5e-ce0099a98132_flavorText,他其实并不算“疯狂”，只是“最近有点烦”。
,
,
,
1a92d805-d288-4d12-9a5e-ce0099a98132_heraldFighter,由疯狂化学家召唤
,
,
,
1a92d805-d288-4d12-9a5e-ce0099a98132_heraldTrick,由疯狂化学家召唤
,
,
,
1a92d805-d288-4d12-9a5e-ce0099a98132_longDesc,墓碑。每回合当你打出第一个把戏时，创造一个把戏，并且其费用减少1。
,
,
,
1a92d805-d288-4d12-9a5e-ce0099a98132_name,疯狂化学家
,
,
,
1a92d805-d288-4d12-9a5e-ce0099a98132_shortDesc,墓碑。每回合当你打出第一个把戏时，创造一个把戏，并且其费用减少1。
,
,
,
1b319058-bfd0-4dd3-8330-d6e84fba6f71_longDesc,对一株植物或植物英雄造成3点伤害。
,
,
,
1b319058-bfd0-4dd3-8330-d6e84fba6f71_name,催眠
,
,
,
1b319058-bfd0-4dd3-8330-d6e84fba6f71_shortDesc,造成3点伤害。
,
,
,
1b84d98f-208b-4ff4-9ec6-7f409fa80c2a_flavorText,你可能听说过他，他当年的健身系列片《30天练就健硕菇型》可是红极一时！
,
,
,
1b84d98f-208b-4ff4-9ec6-7f409fa80c2a_longDesc,打出：所有蘑菇获得[+1a]/[+1h]。
,
,
,
1b84d98f-208b-4ff4-9ec6-7f409fa80c2a_name,健身菇
,
,
,
1b84d98f-208b-4ff4-9ec6-7f409fa80c2a_shortDesc,所有蘑菇获得[+1a]/[+1h]。
,
,
,
1c5a1e68-01a0-4ab1-8bf7-4179fc70ca7b_flavorText,最近刚从军乐队鼓手提拔上来。 
,
,
,
1c5a1e68-01a0-4ab1-8bf7-4179fc70ca7b_longDesc,
,
,
,
1c5a1e68-01a0-4ab1-8bf7-4179fc70ca7b_name,军乐队指挥
,
,
,
1c5a1e68-01a0-4ab1-8bf7-4179fc70ca7b_shortDesc,
,
,
,
1c6baedc-ca29-4257-b15a-433078d24049_flavorText,“有人说死人不怕高压电。我看不一定。”
,
,
,
1c6baedc-ca29-4257-b15a-433078d24049_longDesc,
,
,
,
1c6baedc-ca29-4257-b15a-433078d24049_name,电击杏
,
,
,
1c6baedc-ca29-4257-b15a-433078d24049_shortDesc,
,
,
,
1ce967f1-eb5b-44e7-9323-c965bf421ff0_flavorText,不管你怎么吐槽这身装扮，僵尸们士气高涨的事实可不容置疑。
,
,
,
1ce967f1-eb5b-44e7-9323-c965bf421ff0_longDesc,回合开始：所有运动员僵尸获得[+1a]/[+1h]。
,
,
,
1ce967f1-eb5b-44e7-9323-c965bf421ff0_name,吉祥物小鬼
,
,
,
1ce967f1-eb5b-44e7-9323-c965bf421ff0_shortDesc,回合开始：所有运动员僵尸获得[+1a]/[+1h]。
,
,
,
1e43c3ef-a5c1-4abe-b659-d74263f7c51f_flavorText,家里有整整一柜棕外套，和一件格子呢外套。
,
,
,
1e43c3ef-a5c1-4abe-b659-d74263f7c51f_longDesc,
,
,
,
1e43c3ef-a5c1-4abe-b659-d74263f7c51f_name,僵尸。
,
,
,
1e43c3ef-a5c1-4abe-b659-d74263f7c51f_shortDesc,
,
,
,
1e4e55f9-37b6-4429-a874-d9d33c81f9ff_flavorText,长啊长，就是爽。
,
,
,
1e4e55f9-37b6-4429-a874-d9d33c81f9ff_longDesc,一株植物获得[+2a]/[+2h]。
,
,
,
1e4e55f9-37b6-4429-a874-d9d33c81f9ff_name,变巨术
,
,
,
1e4e55f9-37b6-4429-a874-d9d33c81f9ff_shortDesc,一株植物获得[+2a]/[+2h]。
,
,
,
1ec017e5-dc85-471e-9849-1f0e2a9afd1e_flavorText,这是运送小鬼成本第二低的方式。
,
,
,
1ec017e5-dc85-471e-9849-1f0e2a9afd1e_heraldFighter,由滚桶僵尸创造
,
,
,
1ec017e5-dc85-471e-9849-1f0e2a9afd1e_longDesc,[deadly]\n被消灭：在相邻线上召唤[1a]/[1h]且[aquatic]的水兵小鬼。
,
,
,
1ec017e5-dc85-471e-9849-1f0e2a9afd1e_name,滚桶僵尸
,
,
,
1ec017e5-dc85-471e-9849-1f0e2a9afd1e_shortDesc,[deadly]。被消灭：在相邻线上召唤[1a]/[1h]且[aquatic]的水兵僵尸。
,
,
,
1f60d02d-bd76-4f25-8c54-1d66808bd28a_flavorText,很显然，他对拿破仑情有独钟。
,
,
,
1f60d02d-bd76-4f25-8c54-1d66808bd28a_longDesc,墓碑。当小鬼伤害植物英雄时，抽一张牌。
,
,
,
1f60d02d-bd76-4f25-8c54-1d66808bd28a_name,小鬼队长
,
,
,
1f60d02d-bd76-4f25-8c54-1d66808bd28a_shortDesc,墓碑。当小鬼伤害植物英雄时，抽一张牌。
,
,
,
2046244f-4138-4f18-99b4-b53d55795579_flavorText,他照片里的人怎么都一副尖叫着逃开的样子？
,
,
,
2046244f-4138-4f18-99b4-b53d55795579_longDesc,在你打出锦囊牌时获得[+1a]/[+1h]。
,
,
,
2046244f-4138-4f18-99b4-b53d55795579_name,狗仔队僵尸
,
,
,
2046244f-4138-4f18-99b4-b53d55795579_shortDesc,在你打出锦囊牌时获得[+1a]/[+1h]。
,
,
,
2067f3e7-2cbc-4db9-8475-61f11cf675ba_flavorText,他只希望疯狂化学家能别再山寨他的发型。
,
,
,
2067f3e7-2cbc-4db9-8475-61f11cf675ba_longDesc,打出：每只科学家僵尸额外攻击一次。
,
,
,
2067f3e7-2cbc-4db9-8475-61f11cf675ba_name,道具发明家
,
,
,
2067f3e7-2cbc-4db9-8475-61f11cf675ba_shortDesc,每只科学家僵尸额外攻击一次。
,
,
,
20c29686-5b91-4541-9a4e-0f7125bb5ab2_flavorText,“你该去看看我对手的下场！”
,
,
,
20c29686-5b91-4541-9a4e-0f7125bb5ab2_longDesc,当僵尸打出锦囊牌时，获得[+1a]/[+1h]。
,
,
,
20c29686-5b91-4541-9a4e-0f7125bb5ab2_name,黑眼豌豆
,
,
,
20c29686-5b91-4541-9a4e-0f7125bb5ab2_shortDesc,当僵尸打出锦囊牌时，获得[+1a]/[+1h]。
,
,
,
20d61ef9-56f4-4c34-b37b-116d023956bf_flavorText,可能会让僵尸显得离你更近。
,
,
,
20d61ef9-56f4-4c34-b37b-116d023956bf_longDesc,打出：你在本回合每获得一点阳光，这张牌获得[+1a]。
,
,
,
20d61ef9-56f4-4c34-b37b-116d023956bf_name,放大草
,
,
,
20d61ef9-56f4-4c34-b37b-116d023956bf_shortDesc,打出：你在本回合每获得一点阳光，攻击力便获得[+1a]。
,
,
,
213136f7-fc61-48a5-9e81-38c6b5a91e80_flavorText,没想到吧！你派对上来了个吃人脑子的怪物哟！
,
,
,
213136f7-fc61-48a5-9e81-38c6b5a91e80_longDesc,[gravestone]\n现身：移动这只僵尸。
,
,
,
213136f7-fc61-48a5-9e81-38c6b5a91e80_name,惊喜巨尸
,
,
,
213136f7-fc61-48a5-9e81-38c6b5a91e80_shortDesc,[gravestone]。现身：移动这只僵尸。
,
,
,
213136f7-fc61-48a5-9e81-38c6b5a91e80_Targeting,选择一个位置来移动这只僵尸。
,
,
,
2191604d-1bc0-4579-824a-5d41f8ebed2d_flavorText,香蕉？恐龙？傻傻分不清楚。
,
,
,
2191604d-1bc0-4579-824a-5d41f8ebed2d_longDesc,[doublestrike]\n[dinoroar]：这张牌获得[+1a]/[+1h]。
,
,
,
2191604d-1bc0-4579-824a-5d41f8ebed2d_name,霸王蕉
,
,
,
2191604d-1bc0-4579-824a-5d41f8ebed2d_shortDesc,[doublestrike]。[dinoroar]：获得[+1a]/[+1h]。
,
,
,
21bd8b9b-9fc4-47cc-8cbd-cafced2f7df5_flavorText,他就是萝卜中的战斗机。
,
,
,
21bd8b9b-9fc4-47cc-8cbd-cafced2f7df5_longDesc,打出：[bounce]另一株植物。
,
,
,
21bd8b9b-9fc4-47cc-8cbd-cafced2f7df5_name,急救萝卜
,
,
,
21bd8b9b-9fc4-47cc-8cbd-cafced2f7df5_shortDesc,[bounce]另一株植物。
,
,
,
21bd8b9b-9fc4-47cc-8cbd-cafced2f7df5_Targeting,选择要[bounce]的另一株植物。
,
,
,
2209c30f-5f2a-4b39-b2c7-e52f3eef261b_longDesc,
,
,
,
2209c30f-5f2a-4b39-b2c7-e52f3eef261b_name,双重麻烦
,
,
,
2209c30f-5f2a-4b39-b2c7-e52f3eef261b_shortDesc,
,
,
,
231008b3-d16a-45b0-a736-8827a74789bd_flavorText,“听话点，小僵尸。”
,
,
,
231008b3-d16a-45b0-a736-8827a74789bd_longDesc,打出：移动一只僵尸。
,
,
,
231008b3-d16a-45b0-a736-8827a74789bd_name,鞭藤
,
,
,
231008b3-d16a-45b0-a736-8827a74789bd_shortDesc,移动一只僵尸。
,
,
,
231008b3-d16a-45b0-a736-8827a74789bd_Targeting,移动一只僵尸。
,
,
,
235d9d98-deb4-4187-b78d-7cd54fd49b17_flavorText,在他前面的999型僵尸机器人现已成为经典收藏品，受人追捧。
,
,
,
235d9d98-deb4-4187-b78d-7cd54fd49b17_longDesc,墓碑。揭示时：摧毁这里和隔壁的所有植物。
,
,
,
235d9d98-deb4-4187-b78d-7cd54fd49b17_name,僵尸机器人1000型
,
,
,
235d9d98-deb4-4187-b78d-7cd54fd49b17_shortDesc,墓碑。揭示时：摧毁这里和隔壁的所有植物。
,
,
,
281bf161-c2a1-4e88-a992-5c7f47d37f3f_flavorText,是的，他确实脾气火爆；可大多数时候，他还是挺圆润温和的。 
,
,
,
281bf161-c2a1-4e88-a992-5c7f47d37f3f_longDesc,[teamup]\n被消灭：对自己线上的一只僵尸造成6点伤害。
,
,
,
281bf161-c2a1-4e88-a992-5c7f47d37f3f_name,烫大头
,
,
,
281bf161-c2a1-4e88-a992-5c7f47d37f3f_shortDesc,[teamup]。被消灭：对自己线上的一只僵尸造成6点伤害。
,
,
,
2890ebec-2c12-40b0-8b42-9efb7d52527a_flavorText,他虽然待人严厉，但心里其实只希望莓果们能成大器。
,
,
,
2890ebec-2c12-40b0-8b42-9efb7d52527a_longDesc,当另一株莓果对僵尸或僵尸英雄造成伤害时，强莓中士会对其造成2点额外伤害。
,
,
,
2890ebec-2c12-40b0-8b42-9efb7d52527a_name,强莓中士
,
,
,
2890ebec-2c12-40b0-8b42-9efb7d52527a_shortDesc,当另一株莓果对僵尸或僵尸英雄造成伤害时，强莓中士会对其造成2点额外伤害。
,
,
,
28d5dfae-7e2f-4f1d-9694-3e933922d56e_flavorText,“大家老是问，‘干嘛这么生气呀？’还不是因为那群僵尸！真是的，这不是明知故问吗？”
,
,
,
28d5dfae-7e2f-4f1d-9694-3e933922d56e_longDesc,被消灭：对僵尸英雄造成6点伤害。
,
,
,
28d5dfae-7e2f-4f1d-9694-3e933922d56e_name,愤怒的葡萄
,
,
,
28d5dfae-7e2f-4f1d-9694-3e933922d56e_shortDesc,被消灭：对僵尸英雄造成6点伤害。
,
,
,
295a431c-b762-4fc5-9531-96fc1e1d1dcb_flavorText,对Z机甲来说，任何目标都是值得摧毁的目标。
,
,
,
295a431c-b762-4fc5-9531-96fc1e1d1dcb_longDesc,对一株植物造成3点伤害，对其他所有植物造成1点伤害。
,
,
,
295a431c-b762-4fc5-9531-96fc1e1d1dcb_name,导弹狂射
,
,
,
295a431c-b762-4fc5-9531-96fc1e1d1dcb_shortDesc,对一株植物造成3点伤害，对其他所有植物造成1点伤害。
,
,
,
29b93df1-d373-424d-a97a-2c9da3dcb667_longDesc,抽5张牌。治疗20点生命值。获得30点脑子。
,
,
,
29b93df1-d373-424d-a97a-2c9da3dcb667_name,0 僵尸作弊 0
,
,
,
29b93df1-d373-424d-a97a-2c9da3dcb667_shortDesc,抽5张牌。为你的英雄治疗20点生命值。获得30点阳光。
,
,
,
2a58f086-daf8-43b4-a452-b430212f058f_longDesc,
,
,
,
2a58f086-daf8-43b4-a452-b430212f058f_name,Rubo的主人
,
,
,
2a58f086-daf8-43b4-a452-b430212f058f_shortDesc,
,
,
,
2a6a346b-bb24-4d25-98b2-a242c5ffd1be_flavorText,他给家里打电话的方式，和一般人可不一样。
,
,
,
2a6a346b-bb24-4d25-98b2-a242c5ffd1be_longDesc,所有巨尸获得[frenzy]。
,
,
,
2a6a346b-bb24-4d25-98b2-a242c5ffd1be_name,重击巨尸
,
,
,
2a6a346b-bb24-4d25-98b2-a242c5ffd1be_shortDesc,所有巨尸获得[frenzy]。
,
,
,
2a897076-e81b-4d55-ae18-aa83d0485865_flavorText,让僵尸站直很难，站直在僵尸身上更难。
,
,
,
2a897076-e81b-4d55-ae18-aa83d0485865_longDesc,打出：治疗4点生命值。
,
,
,
2a897076-e81b-4d55-ae18-aa83d0485865_name,医疗僵尸
,
,
,
2a897076-e81b-4d55-ae18-aa83d0485865_shortDesc,治疗4点生命值。
,
,
,
2a897076-e81b-4d55-ae18-aa83d0485865_Targeting,选择一只僵尸或英雄来恢复4点生命值。
,
,
,
2aa11f52-3fac-4ec5-8719-8adde30ad7f5_flavorText,冬天野餐的完美选择。
,
,
,
2aa11f52-3fac-4ec5-8719-8adde30ad7f5_longDesc,溅射伤害 4。打出时：冻结一个僵尸。当此牌伤害一个僵尸时，冻结该僵尸。
,
,
,
2aa11f52-3fac-4ec5-8719-8adde30ad7f5_name,冬瓜
,
,
,
2aa11f52-3fac-4ec5-8719-8adde30ad7f5_shortDesc,溅射伤害 4。打出时：冻结一个僵尸。当此牌伤害一个僵尸时，冻结该僵尸。
,
,
,
2be6972d-45fa-4589-95f8-ec6c2fdabb2e_flavorText,每周都会跟毒藤和毒蘑菇一起吃个午饭，大家一起谈笑风生。
,
,
,
2be6972d-45fa-4589-95f8-ec6c2fdabb2e_longDesc,[ambush=5]
,
,
,
2be6972d-45fa-4589-95f8-ec6c2fdabb2e_name,毒橡树
,
,
,
2be6972d-45fa-4589-95f8-ec6c2fdabb2e_shortDesc,[ambush=5]
,
,
,
2c914186-d677-4e55-b615-54cded478d32_flavorText,僵尸最好的朋友。
,
,
,
2c914186-d677-4e55-b615-54cded478d32_heraldFighter,由狗头僵尸创造
,
,
,
2c914186-d677-4e55-b615-54cded478d32_longDesc,[gravestone]\n当对植物英雄造成伤害时，在随机一条线上随机召唤一块[gravestone]。
,
,
,
2c914186-d677-4e55-b615-54cded478d32_name,狗头僵尸
,
,
,
2c914186-d677-4e55-b615-54cded478d32_shortDesc,[gravestone]。当对植物英雄造成伤害时，在随机一条线上随机召唤一块[gravestone]。
,
,
,
2cbca8f4-1cd6-46ce-bca0-032d841c8916_flavorText,蓝调是忧郁的，僵尸是哭丧的。
,
,
,
2cbca8f4-1cd6-46ce-bca0-032d841c8916_longDesc,打出：造成2点伤害。
,
,
,
2cbca8f4-1cd6-46ce-bca0-032d841c8916_name,蓝调莓
,
,
,
2cbca8f4-1cd6-46ce-bca0-032d841c8916_shortDesc,造成2点伤害。
,
,
,
2cbca8f4-1cd6-46ce-bca0-032d841c8916_Targeting,造成2点伤害。
,
,
,
2e4ae395-c3e2-4447-a28c-6d67c18c4f61_flavorText,“听我号令，烧个精光！”
,
,
,
2e4ae395-c3e2-4447-a28c-6d67c18c4f61_longDesc,[teamup]\n位于身后的豌豆获得[+2a]和[truestrike]。
,
,
,
2e4ae395-c3e2-4447-a28c-6d67c18c4f61_name,火炬树桩
,
,
,
2e4ae395-c3e2-4447-a28c-6d67c18c4f61_shortDesc,[teamup]。位于身后的豌豆获得[+2a]和[truestrike]。
,
,
,
2e901695-83f7-4fa4-aa6b-35fc569e0c09_flavorText,应向每只步兵僵尸配发一（1）条作战断足。
,
,
,
2e901695-83f7-4fa4-aa6b-35fc569e0c09_longDesc,在高地打出：造成3点伤害。
,
,
,
2e901695-83f7-4fa4-aa6b-35fc569e0c09_name,步兵僵尸
,
,
,
2e901695-83f7-4fa4-aa6b-35fc569e0c09_shortDesc,在高地打出：造成3点伤害。
,
,
,
2e901695-83f7-4fa4-aa6b-35fc569e0c09_Targeting,造成3点伤害。
,
,
,
2f9fa005-8b50-4d1a-89be-38e4a82036c4_flavorText,“鳄鱼不是鱼，鳄梨也不是梨。”
,
,
,
2f9fa005-8b50-4d1a-89be-38e4a82036c4_longDesc,[aquatic] \n被消灭：对自己线上的一只僵尸造成4点伤害。
,
,
,
2f9fa005-8b50-4d1a-89be-38e4a82036c4_name,鳄梨
,
,
,
2f9fa005-8b50-4d1a-89be-38e4a82036c4_shortDesc,[aquatic]。被消灭：对自己线上的一只僵尸造成4点伤害。
,
,
,
2fd5c2aa-63d6-4179-b90a-d92c34203fd3_flavorText,你想驾驶巨大的鲨鱼机器人吗？那就加入僵王博士吧！
,
,
,
2fd5c2aa-63d6-4179-b90a-d92c34203fd3_longDesc,[aquatic]\n当有植物受到伤害时，消灭这株植物。\n当有植物被消灭时，这名队友获[+1a]。
,
,
,
2fd5c2aa-63d6-4179-b90a-d92c34203fd3_name,机械僵鲨
,
,
,
2fd5c2aa-63d6-4179-b90a-d92c34203fd3_shortDesc,[aquatic]。当有植物受到伤害时，消灭这株植物。当有植物被消灭时，这名队友获[+1a]。
,
,
,
2fe49558-6272-4d39-9e19-614141e9deb3_flavorText,等等，他得接个电话。
,
,
,
2fe49558-6272-4d39-9e19-614141e9deb3_longDesc,打出：抽一张牌。
,
,
,
2fe49558-6272-4d39-9e19-614141e9deb3_name,大哥大僵尸
,
,
,
2fe49558-6272-4d39-9e19-614141e9deb3_shortDesc,抽一张牌。
,
,
,
2fffc28d-0278-446b-ae3b-ddd52d838a45_flavorText,“磁性？重力？哎呀，我实在也不懂道它们怎么会飞回来。”
,
,
,
2fffc28d-0278-446b-ae3b-ddd52d838a45_longDesc,[strikethrough]
,
,
,
2fffc28d-0278-446b-ae3b-ddd52d838a45_name,回旋花
,
,
,
2fffc28d-0278-446b-ae3b-ddd52d838a45_shortDesc,[strikethrough]
,
,
,
30d8fec3-e1d1-483d-b358-92d37e1f1041_flavorText,俗话说得好：“三个臭皮匠，赛过诸葛亮。”
,
,
,
30d8fec3-e1d1-483d-b358-92d37e1f1041_longDesc,回合结束：消灭自己和相邻线上的所有僵尸。
,
,
,
30d8fec3-e1d1-483d-b358-92d37e1f1041_name,三头大嘴花
,
,
,
30d8fec3-e1d1-483d-b358-92d37e1f1041_shortDesc,回合结束：消灭自己和相邻线上的所有僵尸。
,
,
,
315219a0-9665-498a-8b16-5b6727212273_longDesc,
,
,
,
315219a0-9665-498a-8b16-5b6727212273_name,测试 僵尸水生
,
,
,
315219a0-9665-498a-8b16-5b6727212273_shortDesc,
,
,
,
317bf3e1-1686-4923-81a9-9d07934a0ae6_flavorText,到底该叫“八爪鱼”还是“章鱼”呢？你可能觉得他有自己的想法，但其实他一点也不在意。
,
,
,
317bf3e1-1686-4923-81a9-9d07934a0ae6_longDesc,两栖，狂暴。打出时：制作一个3/2的两栖和狂暴的章鱼宠物。被摧毁时：弹回这个章鱼僵尸。
,
,
,
317bf3e1-1686-4923-81a9-9d07934a0ae6_name,章鱼僵尸
,
,
,
317bf3e1-1686-4923-81a9-9d07934a0ae6_shortDesc,两栖，狂暴。打出时：制作一个3/2的两栖和狂暴的章鱼宠物。被摧毁时：弹回这个章鱼僵尸。
,
,
,
31e2da4d-8773-4896-9870-838dddc08f60_flavorText,一地鸡毛。
,
,
,
31e2da4d-8773-4896-9870-838dddc08f60_longDesc,对每株植物造成2点伤害。
,
,
,
31e2da4d-8773-4896-9870-838dddc08f60_name,鸡群狂奔
,
,
,
31e2da4d-8773-4896-9870-838dddc08f60_shortDesc,对每株植物造成2点伤害。
,
,
,
3285fbe6-1405-4bbb-9668-a231ae6af722_flavorText,谁会不喜欢泡泡呢？当然是讨厌的僵尸呗。
,
,
,
3285fbe6-1405-4bbb-9668-a231ae6af722_longDesc,移动一株植物，使其获[+4h]和[teamup]。
,
,
,
3285fbe6-1405-4bbb-9668-a231ae6af722_name,冒泡泡
,
,
,
3285fbe6-1405-4bbb-9668-a231ae6af722_shortDesc,移动一株植物，使其获[+4h]。
,
,
,
3285fbe6-1405-4bbb-9668-a231ae6af722_Targeting,选择一个位置来移动这株植物，使其获[+4h]。
,
,
,
334d36b6-01b0-41e3-aa8a-fe0b15f5ab50_flavorText,它举办的泳池派对向来的是最棒的。
,
,
,
334d36b6-01b0-41e3-aa8a-fe0b15f5ab50_longDesc,[aquatic]
,
,
,
334d36b6-01b0-41e3-aa8a-fe0b15f5ab50_name,人鱼小鬼
,
,
,
334d36b6-01b0-41e3-aa8a-fe0b15f5ab50_shortDesc,[aquatic]
,
,
,
338802fd-44ce-41ba-9659-62a10e79457b_flavorText,魔咒念多了，反而说话结结巴巴。
,
,
,
338802fd-44ce-41ba-9659-62a10e79457b_longDesc,[gravestone]\n当对植物英雄造成伤害时，对随机一株植物造成3点伤害。
,
,
,
338802fd-44ce-41ba-9659-62a10e79457b_name,魔咒僵尸
,
,
,
338802fd-44ce-41ba-9659-62a10e79457b_shortDesc,[gravestone]。当对植物英雄造成伤害时，对随机一株植物造成3点伤害。
,
,
,
347af810-3555-4823-a0f4-100fe2a8c6b6_flavorText,他虽然个子小，但有音量来弥补。
,
,
,
347af810-3555-4823-a0f4-100fe2a8c6b6_longDesc,[gravestone]\n现身：一只僵尸获得[+2a]/[+2h]。
,
,
,
347af810-3555-4823-a0f4-100fe2a8c6b6_name,喇叭小鬼
,
,
,
347af810-3555-4823-a0f4-100fe2a8c6b6_shortDesc,[gravestone]。现身：一只僵尸获得[+2a]/[+2h]。
,
,
,
347af810-3555-4823-a0f4-100fe2a8c6b6_Targeting,选择获得[+2a]/[+2h]的僵尸。
,
,
,
353d7ec7-66b8-49b3-abd0-25c990b85948_flavorText,当年差一丁点就成了陆军豆。
,
,
,
353d7ec7-66b8-49b3-abd0-25c990b85948_longDesc,"[aquatic], [teamup]\n打出：所有两栖植物获得[+1a]/[+1h]。"
,
,
,
353d7ec7-66b8-49b3-abd0-25c990b85948_name,海军豆
,
,
,
353d7ec7-66b8-49b3-abd0-25c990b85948_shortDesc,[aquatic]，[teamup]。所有两栖植物获得[+1a]/[+1h]。
,
,
,
3543764d-7f3b-4d90-aefb-1f32f22fd477_flavorText,提前过上感恩节。
,
,
,
3543764d-7f3b-4d90-aefb-1f32f22fd477_heraldFighter,由丰饶玉米角创造
,
,
,
3543764d-7f3b-4d90-aefb-1f32f22fd477_longDesc,打出：在每条线上随机召唤一株植物。
,
,
,
3543764d-7f3b-4d90-aefb-1f32f22fd477_name,丰饶玉米角
,
,
,
3543764d-7f3b-4d90-aefb-1f32f22fd477_shortDesc,在每条线上随机召唤一株植物。
,
,
,
354f4b16-4381-4c8c-b524-e8cfedae524f_flavorText,欢迎呼叫坚果墙，他随叫随到。
,
,
,
354f4b16-4381-4c8c-b524-e8cfedae524f_heraldFighter,由坚果信标创造
,
,
,
354f4b16-4381-4c8c-b524-e8cfedae524f_longDesc,召唤一株[wallnut]。\n抽一张牌。
,
,
,
354f4b16-4381-4c8c-b524-e8cfedae524f_name,坚果信标
,
,
,
354f4b16-4381-4c8c-b524-e8cfedae524f_shortDesc,召唤一株[wallnut]。抽一张牌。
,
,
,
35837e1b-5c9b-4cde-ad59-c0a0a1c077e4_flavorText,在她看来，最适合搭配排舞的歌非《僵尸摇摆》莫属。 
,
,
,
35837e1b-5c9b-4cde-ad59-c0a0a1c077e4_longDesc,[gravestone]\n[strikethrough]\n现身：移动这只僵尸。
,
,
,
35837e1b-5c9b-4cde-ad59-c0a0a1c077e4_name,排舞僵尸
,
,
,
35837e1b-5c9b-4cde-ad59-c0a0a1c077e4_shortDesc,[gravestone]，[strikethrough]。现身：移动这只僵尸。
,
,
,
35837e1b-5c9b-4cde-ad59-c0a0a1c077e4_Targeting,选择一个位置来移动这只僵尸。
,
,
,
37e7c15b-f476-4167-8dba-38acb11e8f82_flavorText,想清理蘑菇吗？用火就行。
,
,
,
37e7c15b-f476-4167-8dba-38acb11e8f82_longDesc,打出：对所有植物和僵尸造成1点伤害。
,
,
,
37e7c15b-f476-4167-8dba-38acb11e8f82_name,焰火僵尸
,
,
,
37e7c15b-f476-4167-8dba-38acb11e8f82_shortDesc,对所有植物和僵尸造成1点伤害。
,
,
,
38fa5de6-cde9-4de7-9c46-7882bf25182b_flavorText,“我富含淀粉、易燃易爆！”
,
,
,
38fa5de6-cde9-4de7-9c46-7882bf25182b_longDesc,[teamup]\n被消灭：对自己线上的一只僵尸造成2点伤害。
,
,
,
38fa5de6-cde9-4de7-9c46-7882bf25182b_name,土豆地雷
,
,
,
38fa5de6-cde9-4de7-9c46-7882bf25182b_shortDesc,[teamup]。被消灭：对自己线上的一只僵尸造成2点伤害。
,
,
,
3b28ad06-a5d8-460c-a00a-65f46bbc65c9_longDesc,
,
,
,
3b28ad06-a5d8-460c-a00a-65f46bbc65c9_name,石工
,
,
,
3b28ad06-a5d8-460c-a00a-65f46bbc65c9_shortDesc,
,
,
,
3c772fe5-c73c-485c-ab3f-fee4a94a39ac_longDesc,
,
,
,
3c772fe5-c73c-485c-ab3f-fee4a94a39ac_name,重复
,
,
,
3c772fe5-c73c-485c-ab3f-fee4a94a39ac_shortDesc,
,
,
,
3d2607ff-8b12-4bc4-b4fc-bf46832982b2_flavorText,他们老是互相接完各自说的话，真可爱。
,
,
,
3d2607ff-8b12-4bc4-b4fc-bf46832982b2_heraldFighter,由结对梨创造
,
,
,
3d2607ff-8b12-4bc4-b4fc-bf46832982b2_longDesc,打出：\n在自己线上召唤一株[2a]/[2h]且[teamup]的好梨友。
,
,
,
3d2607ff-8b12-4bc4-b4fc-bf46832982b2_name,结对梨
,
,
,
3d2607ff-8b12-4bc4-b4fc-bf46832982b2_shortDesc,在自己线上召唤一株[2a]/[2h]且[teamup]的好梨友。
,
,
,
3e290224-8f40-4cd9-8c02-49eb16c574ab_flavorText,就咬一小下。
,
,
,
3e290224-8f40-4cd9-8c02-49eb16c574ab_longDesc,植物获得-1/-1。如果这摧毁了该植物，创造一张美食牌。
,
,
,
3e290224-8f40-4cd9-8c02-49eb16c574ab_name,来一口
,
,
,
3e290224-8f40-4cd9-8c02-49eb16c574ab_shortDesc,植物获得-1/-1。如果这摧毁了该植物，创造一张美食牌。
,
,
,
3e914688-db71-4c0c-968d-a759f7c91305_longDesc,打出：\n消灭一株植物。
,
,
,
3e914688-db71-4c0c-968d-a759f7c91305_name,机枪豌豆
,
,
,
3e914688-db71-4c0c-968d-a759f7c91305_shortDesc,消灭一株植物。
,
,
,
3f1c789c-9e33-4f6a-bc30-104acc53d837_flavorText,那帮爱唱反调的家伙没说错，在雷暴天里放风筝确实是个妙极了的主意。
,
,
,
3f1c789c-9e33-4f6a-bc30-104acc53d837_longDesc,[gravestone]\n当这名队友造成伤害时，抽一张牌。
,
,
,
3f1c789c-9e33-4f6a-bc30-104acc53d837_name,腐烂克林尸
,
,
,
3f1c789c-9e33-4f6a-bc30-104acc53d837_shortDesc,[gravestone]。当这名队友造成伤害时，抽一张牌。
,
,
,
3f69e6ab-fc48-46a6-bc29-a66324bcd4e3_flavorText,别担心，我会保护你的。
,
,
,
3f69e6ab-fc48-46a6-bc29-a66324bcd4e3_longDesc,打出：你的格挡槽获得相当于双倍蓄力的能量。
,
,
,
3f69e6ab-fc48-46a6-bc29-a66324bcd4e3_name,保镖葫芦
,
,
,
3f69e6ab-fc48-46a6-bc29-a66324bcd4e3_shortDesc,你的格挡槽获得相当于双倍蓄力的能量。
,
,
,
3f961cab-1ca4-4f5e-93b8-1c0383220450_flavorText,“不是吹牛，我可以说是这个系列的开山鼻祖啦。”
,
,
,
3f961cab-1ca4-4f5e-93b8-1c0383220450_longDesc,[teamup]\n回合开始：你在本回合获得[+1s]。
,
,
,
3f961cab-1ca4-4f5e-93b8-1c0383220450_name,向日葵
,
,
,
3f961cab-1ca4-4f5e-93b8-1c0383220450_shortDesc,[teamup]。回合开始：你在本回合获得[+1s]。
,
,
,
3fbd38c3-b5ab-4988-8e60-64791b88d931_flavorText,这就叫“急剧增长”。
,
,
,
3fbd38c3-b5ab-4988-8e60-64791b88d931_longDesc,抽两张牌。
,
,
,
3fbd38c3-b5ab-4988-8e60-64791b88d931_name,枝繁叶茂
,
,
,
3fbd38c3-b5ab-4988-8e60-64791b88d931_shortDesc,抽两张牌。
,
,
,
40132ca9-caec-42c0-b51d-c92b0c45d352_flavorText,喜欢独角兽、彩虹……还有在网上看萌萌哒猫咪。
,
,
,
40132ca9-caec-42c0-b51d-c92b0c45d352_longDesc,[teamup]\n打出：把一只僵尸移动到这条线上。
,
,
,
40132ca9-caec-42c0-b51d-c92b0c45d352_name,甜土豆
,
,
,
40132ca9-caec-42c0-b51d-c92b0c45d352_shortDesc,[teamup]。把一只僵尸移动到这条线上。
,
,
,
40132ca9-caec-42c0-b51d-c92b0c45d352_Targeting,选择一只僵尸来移动到甜土豆的线上。
,
,
,
402b6fca-77bc-4079-9e25-bf0a25850252_flavorText,虽然说白了只是个小鬼的克隆体，但也能凑合用。
,
,
,
402b6fca-77bc-4079-9e25-bf0a25850252_longDesc,[aquatic]
,
,
,
402b6fca-77bc-4079-9e25-bf0a25850252_name,无穷小子克隆体
,
,
,
402b6fca-77bc-4079-9e25-bf0a25850252_shortDesc,[aquatic]
,
,
,
4153a62b-b665-41cc-9173-1df58d5ada8b_flavorText,“我随便一下，就能毁掉你珍视的一切。”
,
,
,
4153a62b-b665-41cc-9173-1df58d5ada8b_longDesc,消灭所有[4a]或以上的植物和僵尸。抽一张蘑菇牌。
,
,
,
4153a62b-b665-41cc-9173-1df58d5ada8b_name,末日菇
,
,
,
4153a62b-b665-41cc-9173-1df58d5ada8b_shortDesc,消灭所有[4a]或以上的植物和僵尸。抽一张蘑菇牌。
,
,
,
41c22056-f0e2-4d4e-b292-88bd3b94d76f_flavorText,对伦巴、探戈和儿童舞也兴趣浓厚。
,
,
,
41c22056-f0e2-4d4e-b292-88bd3b94d76f_longDesc,打出：场上每有一只跳舞僵尸，便对植物英雄造成2点伤害。
,
,
,
41c22056-f0e2-4d4e-b292-88bd3b94d76f_name,弗拉明戈僵尸
,
,
,
41c22056-f0e2-4d4e-b292-88bd3b94d76f_shortDesc,场上每有一只跳舞僵尸，便对植物英雄造成2点伤害。
,
,
,
4216e32d-6537-4705-ba6a-cfe373a82f01_flavorText,在你草坪上闹场虫灾！
,
,
,
4216e32d-6537-4705-ba6a-cfe373a82f01_longDesc,消灭一株植物。
,
,
,
4216e32d-6537-4705-ba6a-cfe373a82f01_name,蝗虫群
,
,
,
4216e32d-6537-4705-ba6a-cfe373a82f01_shortDesc,消灭一株植物。
,
,
,
42c3b1b3-32b7-45e3-b1e2-22a71b56bcd3_flavorText,“人若犯我，我必犯人。”
,
,
,
42c3b1b3-32b7-45e3-b1e2-22a71b56bcd3_longDesc,组队。受伤时：对僵尸英雄造成2点伤害。
,
,
,
42c3b1b3-32b7-45e3-b1e2-22a71b56bcd3_name,刺梨
,
,
,
42c3b1b3-32b7-45e3-b1e2-22a71b56bcd3_shortDesc,组队。受伤时：对僵尸英雄造成2点伤害。
,
,
,
4365550a-8305-4982-a28a-51717cd38753_flavorText,“猜猜谁手痒痒想打架了？就这边这个家伙！”
,
,
,
4365550a-8305-4982-a28a-51717cd38753_longDesc,[ambush=4]
,
,
,
4365550a-8305-4982-a28a-51717cd38753_name,毒藤
,
,
,
4365550a-8305-4982-a28a-51717cd38753_shortDesc,[ambush=4]
,
,
,
43cec3db-8b28-4e3d-8666-863a3d7bde2d_flavorText,尖酸刻薄、愤愤不平，这样说是没错。可他有他的理由啊。
,
,
,
43cec3db-8b28-4e3d-8666-863a3d7bde2d_longDesc,打出：\n对每只僵尸造成1点伤害。
,
,
,
43cec3db-8b28-4e3d-8666-863a3d7bde2d_name,酸葡萄
,
,
,
43cec3db-8b28-4e3d-8666-863a3d7bde2d_shortDesc,对每只僵尸造成1点伤害。
,
,
,
43d3b20a-90b4-4a34-8d55-674b02a38dc1_flavorText,自2009年起便开始打击僵尸……至今从未停止。
,
,
,
43d3b20a-90b4-4a34-8d55-674b02a38dc1_longDesc,
,
,
,
43d3b20a-90b4-4a34-8d55-674b02a38dc1_name,豌豆射手
,
,
,
43d3b20a-90b4-4a34-8d55-674b02a38dc1_shortDesc,
,
,
,
4444f545-7ee5-45e3-8e14-4114e108046b_flavorText,“是时候来硬的了，宝贝儿！”
,
,
,
4444f545-7ee5-45e3-8e14-4114e108046b_longDesc,回合开始：你在本回合获得[+1s]。
,
,
,
4444f545-7ee5-45e3-8e14-4114e108046b_name,金属向日葵
,
,
,
4444f545-7ee5-45e3-8e14-4114e108046b_shortDesc,回合开始：你在本回合获得[+1s]。
,
,
,
445c8ac1-07dd-498e-9938-b30f42cec128_flavorText,你，把右脚放进去！等等，别放，你一会可能还用得上它呢。
,
,
,
445c8ac1-07dd-498e-9938-b30f42cec128_heraldFighter,由斗舞创造
,
,
,
445c8ac1-07dd-498e-9938-b30f42cec128_longDesc,在你选择的路径中制造一个1/1替补舞者。然后在随机路径中再出现一个。
,
,
,
445c8ac1-07dd-498e-9938-b30f42cec128_name,斗舞
,
,
,
445c8ac1-07dd-498e-9938-b30f42cec128_shortDesc,在你选择的路径中制造一个1/1替补舞者。然后在随机路径中再出现一个。
,
,
,
47eb7229-0e75-4f28-b176-e03c63cd617e_flavorText,从甘蓝大学辍学，转而从事自然医学。
,
,
,
47eb7229-0e75-4f28-b176-e03c63cd617e_longDesc,[strikethrough]\n回合开始：场上每有一株花朵，便为你的英雄治疗1点生命值。
,
,
,
47eb7229-0e75-4f28-b176-e03c63cd617e_name,高能向日葵
,
,
,
47eb7229-0e75-4f28-b176-e03c63cd617e_shortDesc,[strikethrough]。回合开始：场上每有一株花朵，便为你的英雄治疗1点生命值。
,
,
,
48097dc6-7a51-42ad-8381-38ccbf7e90dc_flavorText,“这就是物理学，你感受一下！我浑身上下都在散发各种相干辐射呢！”
,
,
,
48097dc6-7a51-42ad-8381-38ccbf7e90dc_longDesc,穿透。打出时：本回合你每制造一个阳光，这张牌获得+1攻击力。
,
,
,
48097dc6-7a51-42ad-8381-38ccbf7e90dc_name,激光豆
,
,
,
48097dc6-7a51-42ad-8381-38ccbf7e90dc_shortDesc,穿透。打出时：本回合你每制造一个阳光，这张牌获得+1攻击力。
,
,
,
48435dcd-67eb-4da6-8ab5-92cafb76b3f7_flavorText,到哪都受人欢迎。
,
,
,
48435dcd-67eb-4da6-8ab5-92cafb76b3f7_heraldFighter,由热舞罂粟创造
,
,
,
48435dcd-67eb-4da6-8ab5-92cafb76b3f7_longDesc,打出：在自己和相邻线上召唤[linklilbuddies]。
,
,
,
48435dcd-67eb-4da6-8ab5-92cafb76b3f7_name,热舞罂粟
,
,
,
48435dcd-67eb-4da6-8ab5-92cafb76b3f7_shortDesc,在自己和相邻线上召唤[linklilbuddies]。
,
,
,
48c71740-6296-4649-b9ff-71bbb9fe9a71_flavorText,嘴巴只能发出“脑——子”的她，唱女高音越发力不从心了。
,
,
,
48c71740-6296-4649-b9ff-71bbb9fe9a71_longDesc,在手牌中：当有僵尸被消灭时，这名队友获[+2a]。
,
,
,
48c71740-6296-4649-b9ff-71bbb9fe9a71_name,女武神僵尸
,
,
,
48c71740-6296-4649-b9ff-71bbb9fe9a71_shortDesc,在手牌中：当有僵尸被消灭时，这名队友获[+2a]。
,
,
,
48e5e486-e3e9-4d79-8f7d-60f754bd1a29_flavorText,僵尸更要讲求团队合作！
,
,
,
48e5e486-e3e9-4d79-8f7d-60f754bd1a29_longDesc,打出：所有运动员僵尸在本回合无法受到伤害。
,
,
,
48e5e486-e3e9-4d79-8f7d-60f754bd1a29_name,僵尸教练
,
,
,
48e5e486-e3e9-4d79-8f7d-60f754bd1a29_shortDesc,所有运动员僵尸在本回合无法受到伤害。
,
,
,
49448a1e-7a8b-495f-bc27-1550a93db9ba_flavorText,骆驼：一种脏兮兮坏脾气、爱朝人吐唾沫的动物。可僵尸照样喜欢。
,
,
,
49448a1e-7a8b-495f-bc27-1550a93db9ba_longDesc,所有僵尸获得[+2h]。
,
,
,
49448a1e-7a8b-495f-bc27-1550a93db9ba_name,骆驼画板
,
,
,
49448a1e-7a8b-495f-bc27-1550a93db9ba_shortDesc,所有僵尸获得[+2h]。
,
,
,
4a5659ee-3f30-45bd-a775-ff3acccb49cc_longDesc,[gravestone]\n盖住牌面朝下打出，在锦囊牌回合开始时显现。
,
,
,
4a5659ee-3f30-45bd-a775-ff3acccb49cc_name,无脑人
,
,
,
4a5659ee-3f30-45bd-a775-ff3acccb49cc_shortDesc,[gravestone]
,
,
,
4b0455b2-9e87-4bd5-aa44-c97eeb5b67d5_flavorText,“对不起，只是……我实在不会讲什么别有风味的笑话。”
,
,
,
4b0455b2-9e87-4bd5-aa44-c97eeb5b67d5_longDesc,
,
,
,
4b0455b2-9e87-4bd5-aa44-c97eeb5b67d5_name,香草
,
,
,
4b0455b2-9e87-4bd5-aa44-c97eeb5b67d5_shortDesc,
,
,
,
4b41ff4a-c917-4286-b746-009827183014_flavorText,“我们其实是异卵双胞胎。”
,
,
,
4b41ff4a-c917-4286-b746-009827183014_longDesc,[teamup]\n回合开始：你在本回合获得[+2s]。
,
,
,
4b41ff4a-c917-4286-b746-009827183014_name,双生向日葵
,
,
,
4b41ff4a-c917-4286-b746-009827183014_shortDesc,[teamup]。回合开始：你在本回合获得[+2s]。
,
,
,
4bc41e8e-0ca2-4366-9373-5a97efd60fdc_flavorText,“草长得越高，越容易被剪。脑子！”——古代僵尸寓言
,
,
,
4bc41e8e-0ca2-4366-9373-5a97efd60fdc_longDesc,消灭一株[5a]或以上的植物。
,
,
,
4bc41e8e-0ca2-4366-9373-5a97efd60fdc_name,拦腰砍断
,
,
,
4bc41e8e-0ca2-4366-9373-5a97efd60fdc_shortDesc,消灭一株[5a]或以上的植物。
,
,
,
4c678bdb-18ad-450f-a4b7-8373c6af9c8b_longDesc,被消灭：对植物英雄造成3点伤害。
,
,
,
4c678bdb-18ad-450f-a4b7-8373c6af9c8b_name,终场舞者
,
,
,
4c678bdb-18ad-450f-a4b7-8373c6af9c8b_shortDesc,被消灭：对植物英雄造成3点伤害。
,
,
,
4d2d3072-1641-49ee-8fb4-e22df0382377_flavorText,冬眠时有起床气，尤其吵不得。
,
,
,
4d2d3072-1641-49ee-8fb4-e22df0382377_longDesc,受到伤害：获得[+4a]。
,
,
,
4d2d3072-1641-49ee-8fb4-e22df0382377_name,冬眠熊莓
,
,
,
4d2d3072-1641-49ee-8fb4-e22df0382377_shortDesc,受到伤害：获得[+4a]。
,
,
,
4f6ad95c-e9c3-43ea-95cf-223e47302f51_flavorText,“我也算是甜品！反正差不多！”
,
,
,
4f6ad95c-e9c3-43ea-95cf-223e47302f51_longDesc,[teamup]
,
,
,
4f6ad95c-e9c3-43ea-95cf-223e47302f51_name,开心冰果
,
,
,
4f6ad95c-e9c3-43ea-95cf-223e47302f51_shortDesc,[teamup]
,
,
,
50c383b3-88d2-4dac-8d0f-e558a770494b_flavorText,左边那只猫可是僵酷网上的大红人哦。
,
,
,
50c383b3-88d2-4dac-8d0f-e558a770494b_longDesc,当你打出宠物时，这张牌在本回合获得[+3a]。
,
,
,
50c383b3-88d2-4dac-8d0f-e558a770494b_name,猫夫人
,
,
,
50c383b3-88d2-4dac-8d0f-e558a770494b_shortDesc,当你打出宠物时，在本回合获得[+3a]。
,
,
,
51457c7b-f561-4250-9e29-a0e4bbd34cce_flavorText,重要提示：她帽子上的水果是塑料制品。
,
,
,
51457c7b-f561-4250-9e29-a0e4bbd34cce_longDesc,[gravestone]\n现身：造成1点伤害。
,
,
,
51457c7b-f561-4250-9e29-a0e4bbd34cce_name,康加舞僵尸
,
,
,
51457c7b-f561-4250-9e29-a0e4bbd34cce_shortDesc,[gravestone]。现身：造成1点伤害。
,
,
,
51457c7b-f561-4250-9e29-a0e4bbd34cce_Targeting,造成1点伤害。
,
,
,
515f1709-c431-4ca8-98fa-893592c3b475_flavorText,为什么要用水桶？唉，真是的，经济这么不景气，还有什么选择？
,
,
,
515f1709-c431-4ca8-98fa-893592c3b475_longDesc,[armored=1]
,
,
,
515f1709-c431-4ca8-98fa-893592c3b475_name,铁桶僵尸
,
,
,
515f1709-c431-4ca8-98fa-893592c3b475_shortDesc,[armored=1]
,
,
,
51e8baca-57d5-440b-a5d8-a4f1b20bf1e9_flavorText,比史上第三的玉米卷不知高到哪去了！
,
,
,
51e8baca-57d5-440b-a5d8-a4f1b20bf1e9_longDesc,治疗4点生命值。\n抽一张牌。
,
,
,
51e8baca-57d5-440b-a5d8-a4f1b20bf1e9_name,史上第二的玉米卷
,
,
,
51e8baca-57d5-440b-a5d8-a4f1b20bf1e9_shortDesc,治疗4点生命值。抽一张牌。
,
,
,
51ecff67-ba4e-46ba-ad1b-5426b1381d4e_flavorText,摔跤狂的招式可全是真功夫，丝毫不掺假。不信可以随便找个植物问问。
,
,
,
51ecff67-ba4e-46ba-ad1b-5426b1381d4e_longDesc,消灭一株[4a]或以下的植物。
,
,
,
51ecff67-ba4e-46ba-ad1b-5426b1381d4e_name,震地猛击
,
,
,
51ecff67-ba4e-46ba-ad1b-5426b1381d4e_shortDesc,消灭一株[4a]或以下的植物。
,
,
,
52827e9d-5e5a-49fa-85f5-07d2dd72ae67_flavorText,这是个尚在成长中的行业。
,
,
,
52827e9d-5e5a-49fa-85f5-07d2dd72ae67_longDesc,在高地打出：获得[+1a]/[+1h]。
,
,
,
52827e9d-5e5a-49fa-85f5-07d2dd72ae67_name,烟囱工僵尸
,
,
,
52827e9d-5e5a-49fa-85f5-07d2dd72ae67_shortDesc,在高地上时获得[+1a]/[+1h]。
,
,
,
535b4dc0-9478-4ddf-a80a-a94fddf22901_flavorText,好蘑菇，不孤独。
,
,
,
535b4dc0-9478-4ddf-a80a-a94fddf22901_heraldFighter,由孢子多多创造
,
,
,
535b4dc0-9478-4ddf-a80a-a94fddf22901_longDesc,在你选择的路径中制造一个1/1按钮蘑菇。然后在随机路径中再出现一个。
,
,
,
535b4dc0-9478-4ddf-a80a-a94fddf22901_name,孢子多多
,
,
,
535b4dc0-9478-4ddf-a80a-a94fddf22901_shortDesc,在你选择的路径中制造一个1/1按钮蘑菇。然后在随机路径中再出现一个。
,
,
,
54a3f5a2-d015-47de-ad15-861b2072f35b_flavorText,他的炮弹富含维他命A和β胡萝卜素，可僵尸根本不懂其中的好处。
,
,
,
54a3f5a2-d015-47de-ad15-861b2072f35b_longDesc,[teamup]
,
,
,
54a3f5a2-d015-47de-ad15-861b2072f35b_name,大炮萝卜
,
,
,
54a3f5a2-d015-47de-ad15-861b2072f35b_shortDesc,[teamup]
,
,
,
54b0df99-c255-49da-a18e-a8c0068db7a1_flavorText,呼气：正常。吸气？好像没有。
,
,
,
54b0df99-c255-49da-a18e-a8c0068db7a1_longDesc,[aquatic]
,
,
,
54b0df99-c255-49da-a18e-a8c0068db7a1_name,潜水僵尸
,
,
,
54b0df99-c255-49da-a18e-a8c0068db7a1_shortDesc,[aquatic]
,
,
,
55ad35c5-c28b-40ad-b4f4-728fd956f9cf_flavorText,唯一比放牧猫咪还难的事情。
,
,
,
55ad35c5-c28b-40ad-b4f4-728fd956f9cf_longDesc,[gravestone]\n现身：消灭一株坚果或者莓果。
,
,
,
55ad35c5-c28b-40ad-b4f4-728fd956f9cf_name,松鼠牧人
,
,
,
55ad35c5-c28b-40ad-b4f4-728fd956f9cf_shortDesc,[gravestone]。现身：消灭一株坚果或者莓果。
,
,
,
55ad35c5-c28b-40ad-b4f4-728fd956f9cf_Targeting,选择要消灭的坚果或者莓果。
,
,
,
55e039d0-cee7-4cf7-be45-7a6e1cf96495_flavorText,“非得拆了墓碑不可！”
,
,
,
55e039d0-cee7-4cf7-be45-7a6e1cf96495_longDesc,消灭一块墓碑。
,
,
,
55e039d0-cee7-4cf7-be45-7a6e1cf96495_name,墓碑克星
,
,
,
55e039d0-cee7-4cf7-be45-7a6e1cf96495_shortDesc,消灭一块墓碑。
,
,
,
573988ca-627c-4734-ab35-08f5d8e6781a_flavorText,弹药与花生酱和葡萄干搭配可达到最佳效果。
,
,
,
573988ca-627c-4734-ab35-08f5d8e6781a_longDesc,[teamup]
,
,
,
573988ca-627c-4734-ab35-08f5d8e6781a_name,炮弹芹
,
,
,
573988ca-627c-4734-ab35-08f5d8e6781a_shortDesc,[teamup]
,
,
,
582a8395-5f6e-425c-b94c-04a7bfec877d_flavorText,心地善良的小蘑菇们，总喜欢搂搂抱抱相亲相爱。
,
,
,
582a8395-5f6e-425c-b94c-04a7bfec877d_heraldFighter,由双人菇创造
,
,
,
582a8395-5f6e-425c-b94c-04a7bfec877d_longDesc,打出：\n在自己线上召唤一株[1a]/[1h]且[teamup]的小喷菇。
,
,
,
582a8395-5f6e-425c-b94c-04a7bfec877d_name,双人菇
,
,
,
582a8395-5f6e-425c-b94c-04a7bfec877d_shortDesc,在自己线上召唤一株[1a]/[1h]且[teamup]的小喷菇。
,
,
,
582a8395-5f6e-425c-b94c-04a7bfec877d_Targeting,选择一个位置来召唤一株[1a]/[1h]蘑菇。
,
,
,
59584f29-8dc3-411a-86a8-dc2efa85ada2_flavorText,好似给植物的心灵抹上药膏一般治愈。
,
,
,
59584f29-8dc3-411a-86a8-dc2efa85ada2_longDesc,治疗2点生命值。
,
,
,
59584f29-8dc3-411a-86a8-dc2efa85ada2_name,焕发活力
,
,
,
59584f29-8dc3-411a-86a8-dc2efa85ada2_shortDesc,治疗2点生命值。
,
,
,
5a972ff5-d6b6-422c-b9a9-863f31c60957_flavorText,烦人但是有效！
,
,
,
5a972ff5-d6b6-422c-b9a9-863f31c60957_longDesc,造成1点伤害。
,
,
,
5a972ff5-d6b6-422c-b9a9-863f31c60957_name,弹植物
,
,
,
5a972ff5-d6b6-422c-b9a9-863f31c60957_shortDesc,造成1点伤害。
,
,
,
5aad6be7-3a48-4c49-b82b-2b244bb0128a_flavorText,对橡皮鸡的把戏念念不忘。 
,
,
,
5aad6be7-3a48-4c49-b82b-2b244bb0128a_longDesc,在手牌中：当你打出锦囊牌时，这名队友的花费减少[1b]。\n打出：这名队友额外攻击一次。
,
,
,
5aad6be7-3a48-4c49-b82b-2b244bb0128a_name,魔术僵尸
,
,
,
5aad6be7-3a48-4c49-b82b-2b244bb0128a_shortDesc,在手牌中：当你打出锦囊牌时，这名队友的花费减少[1b]。打出：这名队友额外攻击一次。
,
,
,
5af23a1d-74ab-4d72-881c-3f4dddc403a3_flavorText,反倒成了僵尸的噩梦。
,
,
,
5af23a1d-74ab-4d72-881c-3f4dddc403a3_longDesc,消灭平地上的一只僵尸。
,
,
,
5af23a1d-74ab-4d72-881c-3f4dddc403a3_name,割草机
,
,
,
5af23a1d-74ab-4d72-881c-3f4dddc403a3_shortDesc,消灭平地上的一只僵尸。
,
,
,
5c69080b-37fa-4a74-8d5b-584c3a46d1b8_flavorText,掘墓可是个辛苦活，但看着客人们一个个爬起来，就是最好的回报。
,
,
,
5c69080b-37fa-4a74-8d5b-584c3a46d1b8_longDesc,打出：把所有僵尸藏进[Gravestone]，然后随机交换位置。
,
,
,
5c69080b-37fa-4a74-8d5b-584c3a46d1b8_name,糊涂掘墓人
,
,
,
5c69080b-37fa-4a74-8d5b-584c3a46d1b8_shortDesc,把所有僵尸藏进[gravestone]，然后随机交换位置。
,
,
,
5da9af96-84ae-42aa-8e6d-ff7f76924b8a_flavorText,患有严重恐水症，死活不肯在水上飞行。 
,
,
,
5da9af96-84ae-42aa-8e6d-ff7f76924b8a_longDesc,
,
,
,
5da9af96-84ae-42aa-8e6d-ff7f76924b8a_name,直升机敢死队
,
,
,
5da9af96-84ae-42aa-8e6d-ff7f76924b8a_shortDesc,
,
,
,
5e4b72fb-4f78-410a-b355-12c141ccc007_flavorText,“哈哈哈”还不行，得是“木哈哈哈”。
,
,
,
5e4b72fb-4f78-410a-b355-12c141ccc007_longDesc,一只僵尸获得[+5a]/[+5h]和[frenzy]。
,
,
,
5e4b72fb-4f78-410a-b355-12c141ccc007_name,阴险大笑尸
,
,
,
5e4b72fb-4f78-410a-b355-12c141ccc007_shortDesc,一只僵尸获得[+5a]/[+5h]和[frenzy]。
,
,
,
60c7f3aa-9e56-469d-a1df-924591098273_flavorText,谁也想不通这火箭靠什么命中目标。
,
,
,
60c7f3aa-9e56-469d-a1df-924591098273_longDesc,消灭一株[4a]或以上的植物。
,
,
,
60c7f3aa-9e56-469d-a1df-924591098273_name,火箭发射
,
,
,
60c7f3aa-9e56-469d-a1df-924591098273_shortDesc,消灭一株[4a]或以上的植物。
,
,
,
611ddfb2-e48a-4054-b1f9-d0eb01c3fd7f_flavorText,火爆队长最清楚怎么点燃队友们的战火。
,
,
,
611ddfb2-e48a-4054-b1f9-d0eb01c3fd7f_longDesc,一株植物获得[+4a]。
,
,
,
611ddfb2-e48a-4054-b1f9-d0eb01c3fd7f_name,炽热树皮
,
,
,
611ddfb2-e48a-4054-b1f9-d0eb01c3fd7f_shortDesc,一株植物获得[+4a]。
,
,
,
61210b9f-f1e5-4d65-bc00-3ba29af09d11_flavorText,聪明的植物们都明白：僵尸还是冻僵的好。
,
,
,
61210b9f-f1e5-4d65-bc00-3ba29af09d11_longDesc,[freeze]一只僵尸。\n抽一张牌。
,
,
,
61210b9f-f1e5-4d65-bc00-3ba29af09d11_name,冰冻
,
,
,
61210b9f-f1e5-4d65-bc00-3ba29af09d11_shortDesc,[freeze]一只僵尸。抽一张牌。
,
,
,
61bddb85-301a-4841-bf11-458f6f0d5212_flavorText,反正记住：别问她牵的牛在哪。
,
,
,
61bddb85-301a-4841-bf11-458f6f0d5212_longDesc,打出：如果你在本回合至少取得[6s]，立刻获得[+1a]/[+1h]。
,
,
,
61bddb85-301a-4841-bf11-458f6f0d5212_name,牵牛花
,
,
,
61bddb85-301a-4841-bf11-458f6f0d5212_shortDesc,打出：如果你在本回合至少取得[6s]，立刻获得[+1a]/[+1h]。
,
,
,
627d117b-a687-47ed-99bf-0301850012aa_flavorText,这粒小种子是……天知道什么植物的。
,
,
,
627d117b-a687-47ed-99bf-0301850012aa_heraldFighter,由小种子变形而成
,
,
,
627d117b-a687-47ed-99bf-0301850012aa_longDesc,回合开始：这名队友随机把一株植物变为花费[6s]或以下的植物。
,
,
,
627d117b-a687-47ed-99bf-0301850012aa_name,小种子
,
,
,
627d117b-a687-47ed-99bf-0301850012aa_shortDesc,回合开始：随机把一株植物变为花费[6s]或以下的植物。
,
,
,
632c9aa8-3c41-46ca-944d-5046bb4a6504_flavorText,是时候翻开新的一“叶”了。
,
,
,
632c9aa8-3c41-46ca-944d-5046bb4a6504_heraldFighter,由花瓣变身变形而成
,
,
,
632c9aa8-3c41-46ca-944d-5046bb4a6504_longDesc,把一株植物变为一种随机植物。\n抽一张牌
,
,
,
632c9aa8-3c41-46ca-944d-5046bb4a6504_name,花瓣变身
,
,
,
632c9aa8-3c41-46ca-944d-5046bb4a6504_shortDesc,把一株植物变为一种随机植物。抽一张牌
,
,
,
650374d7-8504-40d8-88ab-38f6df26285f_longDesc,[aquatic]\n[gravestone]\n现身：移动这只僵尸。
,
,
,
650374d7-8504-40d8-88ab-38f6df26285f_name,鬼祟鲨鱼
,
,
,
650374d7-8504-40d8-88ab-38f6df26285f_shortDesc,[gravestone]，[aquatic]，移动。
,
,
,
65cf7108-503c-4675-8ab1-80a4125aede5_longDesc,治疗一株植物的全部生命值，并令其获得[+5h]。
,
,
,
65cf7108-503c-4675-8ab1-80a4125aede5_name,超级治疗
,
,
,
65cf7108-503c-4675-8ab1-80a4125aede5_shortDesc,治疗一株植物的全部生命值，并令其获得[+5h]。
,
,
,
661443ad-b8e4-4a8e-ae98-42bcf3d15676_longDesc,所有僵尸获得[+2a]/[+2h]。
,
,
,
661443ad-b8e4-4a8e-ae98-42bcf3d15676_name,怪物狂欢
,
,
,
661443ad-b8e4-4a8e-ae98-42bcf3d15676_shortDesc,所有僵尸获得[+2a]/[+2h]。
,
,
,
669a6dbb-4cc2-4211-9829-6f9a73062afc_flavorText,他们对病人的态度还有待改良。
,
,
,
669a6dbb-4cc2-4211-9829-6f9a73062afc_longDesc,当巨人僵尸造成伤害时，治疗你的英雄相同的数值。
,
,
,
669a6dbb-4cc2-4211-9829-6f9a73062afc_name,护士巨尸
,
,
,
669a6dbb-4cc2-4211-9829-6f9a73062afc_shortDesc,当巨人僵尸造成伤害时，治疗你的英雄相同的数值。
,
,
,
673954f8-7e13-4d1d-aa3a-faf3193cff7d_flavorText,僵王博士相信，没有什么问题是一架巨型机器人解决不了的。
,
,
,
673954f8-7e13-4d1d-aa3a-faf3193cff7d_longDesc,造成等同于僵尸数量的伤害。
,
,
,
673954f8-7e13-4d1d-aa3a-faf3193cff7d_name,机器人之怒
,
,
,
673954f8-7e13-4d1d-aa3a-faf3193cff7d_shortDesc,造成等同于僵尸数量的伤害。
,
,
,
684e153f-f50c-42cd-8a84-046c581629b8_flavorText,他并不确定怎么操作这个玩意。
,
,
,
684e153f-f50c-42cd-8a84-046c581629b8_longDesc,[gravestone]\n当一只科学家僵尸造成伤害，其将获得[+1a]。
,
,
,
684e153f-f50c-42cd-8a84-046c581629b8_name,僵尸无人机工程师
,
,
,
684e153f-f50c-42cd-8a84-046c581629b8_shortDesc,[gravestone]当一只科学家僵尸造成伤害，其将获得[+1a]。
,
,
,
6937b0c6-a0c8-44e6-911d-8537f2424b64_flavorText,相当于一台全副武装的点唱机。
,
,
,
6937b0c6-a0c8-44e6-911d-8537f2424b64_heraldFighter,由3000型劲舞机创造
,
,
,
6937b0c6-a0c8-44e6-911d-8537f2424b64_longDesc,[gravestone]\n现身：召唤一只[3a]/[1h]的迪斯科僵尸（召唤一只[1a]/[1h]的伴舞僵尸）。
,
,
,
6937b0c6-a0c8-44e6-911d-8537f2424b64_name,3000型劲舞机
,
,
,
6937b0c6-a0c8-44e6-911d-8537f2424b64_shortDesc,[gravestone]。现身：召唤一只[3a]/[1h]的迪斯科僵尸（召唤一只[1a]/[1h]的伴舞僵尸）。
,
,
,
6937b0c6-a0c8-44e6-911d-8537f2424b64_Targeting,选择一个位置来召唤一只[3a]/[1h]的迪斯科僵尸。
,
,
,
69cd560b-ad31-46b7-98f0-c54ad5a39b98_flavorText,当然得选海象：马可没法水陆两栖。
,
,
,
69cd560b-ad31-46b7-98f0-c54ad5a39b98_longDesc,[aquatic]，[ambush=3]
,
,
,
69cd560b-ad31-46b7-98f0-c54ad5a39b98_name,海象骑手
,
,
,
69cd560b-ad31-46b7-98f0-c54ad5a39b98_shortDesc,[aquatic]，[ambush=3]
,
,
,
6a0c866a-6d4f-4e3e-a034-473ad1987be7_flavorText,只不过是个脱落的僵尸脑袋在胡乱尖叫。不吓人，一点也不吓人。
,
,
,
6a0c866a-6d4f-4e3e-a034-473ad1987be7_longDesc,移动一株植物。创造一个怪物。
,
,
,
6a0c866a-6d4f-4e3e-a034-473ad1987be7_name,恐吓
,
,
,
6a0c866a-6d4f-4e3e-a034-473ad1987be7_shortDesc,移动一株植物。创造一个怪物。
,
,
,
6a0c866a-6d4f-4e3e-a034-473ad1987be7_Targeting,选择一个位置来移动这株植物。
,
,
,
6a10c22c-b7a3-4756-bdfa-b5f608a58c6c_flavorText,嘿，他已经够瘦了——相比相扑选手来说。
,
,
,
6a10c22c-b7a3-4756-bdfa-b5f608a58c6c_longDesc,[gravestone]\n现身：移动一株植物。
,
,
,
6a10c22c-b7a3-4756-bdfa-b5f608a58c6c_name,相扑僵尸
,
,
,
6a10c22c-b7a3-4756-bdfa-b5f608a58c6c_shortDesc,[gravestone]。现身：移动一株植物。
,
,
,
6a10c22c-b7a3-4756-bdfa-b5f608a58c6c_Targeting,移动一株植物。
,
,
,
6c867094-9813-4b61-a0f5-21575bf28114_flavorText,需要八个字符，其中包含一个大写字母、一个数字和字母Z。
,
,
,
6c867094-9813-4b61-a0f5-21575bf28114_longDesc,把一只僵尸藏进[gravestone]。\n抽一张牌。
,
,
,
6c867094-9813-4b61-a0f5-21575bf28114_name,墓碑密码
,
,
,
6c867094-9813-4b61-a0f5-21575bf28114_shortDesc,把一只僵尸藏进[gravestone]。抽一张牌。
,
,
,
6d77251a-5596-4d56-83eb-4e775c0bc56c_flavorText,玩《植物大战僵尸》的时候，可没有“友谊第一”的说法！
,
,
,
6d77251a-5596-4d56-83eb-4e775c0bc56c_longDesc,打出：在本回合获得[+3a]。
,
,
,
6d77251a-5596-4d56-83eb-4e775c0bc56c_name,网球高手
,
,
,
6d77251a-5596-4d56-83eb-4e775c0bc56c_shortDesc,在本回合获得[+3a]。
,
,
,
6d9084e1-7efb-472b-9205-362e1aa45015_flavorText,“能够和他人融洽共事。”这是他简历里的原话。
,
,
,
6d9084e1-7efb-472b-9205-362e1aa45015_longDesc,[teamup]
,
,
,
6d9084e1-7efb-472b-9205-362e1aa45015_name,坚果墙
,
,
,
6d9084e1-7efb-472b-9205-362e1aa45015_shortDesc,[teamup]
,
,
,
6ddcb546-d3f8-4635-a268-58a12eb8c3fc_longDesc,消灭场上所有牌。
,
,
,
6ddcb546-d3f8-4635-a268-58a12eb8c3fc_name,0 植物清场作弊 0
,
,
,
6ddcb546-d3f8-4635-a268-58a12eb8c3fc_shortDesc,消灭场上所有牌。
,
,
,
6e352c10-d949-411d-b018-a41eb709b033_flavorText,云游四海，仗剑天下。
,
,
,
6e352c10-d949-411d-b018-a41eb709b033_longDesc,[gravestone]\n当有海盗对植物英雄造成伤害时，让那名海盗获得[+1a]/[+1h]。
,
,
,
6e352c10-d949-411d-b018-a41eb709b033_name,剑客僵尸
,
,
,
6e352c10-d949-411d-b018-a41eb709b033_shortDesc,[gravestone]。当有海盗对植物英雄造成伤害时，让那名海盗获得[+1a]/[+1h]。
,
,
,
6f7bc43a-c755-438d-93e8-40a040b0a3c9_flavorText,从9世纪起就开始干打碎盾牌的活，对这门手艺已经熟得不行了。 
,
,
,
6f7bc43a-c755-438d-93e8-40a040b0a3c9_longDesc,靶心。打出时及当这个伤害植物英雄时，清空他们的格挡计量器。
,
,
,
6f7bc43a-c755-438d-93e8-40a040b0a3c9_name,碎盾维京僵尸
,
,
,
6f7bc43a-c755-438d-93e8-40a040b0a3c9_shortDesc,靶心。打出时及当这个伤害植物英雄时，清空他们的格挡计量器。
,
,
,
6fd1b860-33b0-4863-bf90-d5c9beb815e1_flavorText,他的碑文经常刊登在全球各地的墓碑上。
,
,
,
6fd1b860-33b0-4863-bf90-d5c9beb815e1_longDesc,当有僵尸从墓碑中显现时，让那只僵尸获得[+1a]/[+1h]。
,
,
,
6fd1b860-33b0-4863-bf90-d5c9beb815e1_name,墓碑雕刻家
,
,
,
6fd1b860-33b0-4863-bf90-d5c9beb815e1_shortDesc,当有僵尸从墓碑中显现时，让那只僵尸获得[+1a]/[+1h]。
,
,
,
708fe727-d55d-4961-82b6-1afb543c932f_longDesc,打出：\n额外攻击一次。
,
,
,
708fe727-d55d-4961-82b6-1afb543c932f_name,僵王博士的巨尸
,
,
,
708fe727-d55d-4961-82b6-1afb543c932f_shortDesc,打出：额外攻击一次。
,
,
,
70e5e94b-5b82-4648-9011-ad1182c71b48_flavorText,和大众观点相反，当国王的感觉其实也不怎么样。
,
,
,
70e5e94b-5b82-4648-9011-ad1182c71b48_heraldFighter,由国王僵尸变形而成
,
,
,
70e5e94b-5b82-4648-9011-ad1182c71b48_longDesc,回合结束：随机把一只其他僵尸变为[5a]/[5h]且[armored=2]的活死人骑士。
,
,
,
70e5e94b-5b82-4648-9011-ad1182c71b48_name,国王僵尸
,
,
,
70e5e94b-5b82-4648-9011-ad1182c71b48_shortDesc,回合结束：随机把一只其他僵尸变为[5a]/[5h]且[armored=2]的活死人骑士。
,
,
,
72c0081f-195f-4a81-90f6-41ed383d2e71_flavorText,他喷呀喷呀，偶尔还能把僵尸吹倒。
,
,
,
72c0081f-195f-4a81-90f6-41ed383d2e71_longDesc,[teamup]
,
,
,
72c0081f-195f-4a81-90f6-41ed383d2e71_name,小喷菇
,
,
,
72c0081f-195f-4a81-90f6-41ed383d2e71_shortDesc,[teamup]
,
,
,
7392b9c4-7902-404c-979f-5644c86f88bb_flavorText,他对爬树救猫咪这种事有点热心过头了。
,
,
,
7392b9c4-7902-404c-979f-5644c86f88bb_longDesc,[gravestone]\n现身：[bounce]另一只僵尸。
,
,
,
7392b9c4-7902-404c-979f-5644c86f88bb_name,消防员僵尸
,
,
,
7392b9c4-7902-404c-979f-5644c86f88bb_shortDesc,[gravestone]。现身：[bounce]另一只僵尸。
,
,
,
7392b9c4-7902-404c-979f-5644c86f88bb_Targeting,选择要[bounce]的僵尸。
,
,
,
74c87b4c-55fe-4745-8d6c-9ac4fd8ed082_flavorText,一直在婉言鼓励樱桃炸弹和酸葡萄参加他的禅修班。
,
,
,
74c87b4c-55fe-4745-8d6c-9ac4fd8ed082_longDesc,[armored=1]\n替你的英雄承受伤害。
,
,
,
74c87b4c-55fe-4745-8d6c-9ac4fd8ed082_name,美须藤
,
,
,
74c87b4c-55fe-4745-8d6c-9ac4fd8ed082_shortDesc,[armored=1]。替你的英雄承受伤害。
,
,
,
75c55047-041e-4b80-8979-79e295477378_flavorText,“天降沙拉！”
,
,
,
75c55047-041e-4b80-8979-79e295477378_longDesc,在高地打出：\n获得[+1a]/[+1h]。
,
,
,
75c55047-041e-4b80-8979-79e295477378_name,卷心菜投手
,
,
,
75c55047-041e-4b80-8979-79e295477378_shortDesc,在高地上时获得[+1a]/[+1h]。
,
,
,
75ef5193-d566-488e-8af4-7670da55b58e_flavorText,他们偶尔会吵嘴，但多数时候亲如一家：毕竟是一颗豆荚里的豆子呀。 
,
,
,
75ef5193-d566-488e-8af4-7670da55b58e_longDesc,回合开始：获得[+1a]/[+1h]。
,
,
,
75ef5193-d566-488e-8af4-7670da55b58e_name,豌豆荚
,
,
,
75ef5193-d566-488e-8af4-7670da55b58e_shortDesc,回合开始：获[+1a]/[+1h]。
,
,
,
75f7fdda-1d3e-4b8f-8ffb-4db6c72c7533_flavorText,领袖总是身兼重任，但他毫不退缩。
,
,
,
75f7fdda-1d3e-4b8f-8ffb-4db6c72c7533_longDesc,打出：场上每有一株其他植物，便获得[+2a]。
,
,
,
75f7fdda-1d3e-4b8f-8ffb-4db6c72c7533_name,蘑菇头目
,
,
,
75f7fdda-1d3e-4b8f-8ffb-4db6c72c7533_shortDesc,场上每有一株其他植物，便获得[+2a]。
,
,
,
76be5f28-4ad9-4206-984d-4565e4d660dd_flavorText,“炸他个底朝天！”
,
,
,
76be5f28-4ad9-4206-984d-4565e4d660dd_longDesc,对自己和相邻线上的每只僵尸造成4点伤害。
,
,
,
76be5f28-4ad9-4206-984d-4565e4d660dd_name,樱桃炸弹
,
,
,
76be5f28-4ad9-4206-984d-4565e4d660dd_shortDesc,对自己和相邻线上的每只僵尸造成4点伤害。
,
,
,
77088b73-fc3c-4a91-a783-0ed9be041cd0_flavorText,这就是胜利的滋味！
,
,
,
77088b73-fc3c-4a91-a783-0ed9be041cd0_longDesc,所有僵尸获得[deadly]。\n抽一张牌。
,
,
,
77088b73-fc3c-4a91-a783-0ed9be041cd0_name,臭气熏天
,
,
,
77088b73-fc3c-4a91-a783-0ed9be041cd0_shortDesc,所有僵尸获得[deadly]。抽一张牌。
,
,
,
77100ede-2826-478b-a283-9baf1eb2846b_longDesc,抽5张牌。治疗20点生命值。获得30点阳光。
,
,
,
77100ede-2826-478b-a283-9baf1eb2846b_name,0 植物作弊 0
,
,
,
77100ede-2826-478b-a283-9baf1eb2846b_shortDesc,抽5张牌。为你的英雄治疗20点生命值。获得30点阳光。
,
,
,
774897dd-cd95-4bb6-8c10-7a01c2d4c405_flavorText,僵尸看她的表情总是“冷冰冰的”。
,
,
,
774897dd-cd95-4bb6-8c10-7a01c2d4c405_longDesc,当有僵尸被冻结时，获得[+2a]/[+2h]。
,
,
,
774897dd-cd95-4bb6-8c10-7a01c2d4c405_name,小雪花
,
,
,
774897dd-cd95-4bb6-8c10-7a01c2d4c405_shortDesc,当有僵尸被冻结时，获得[+2a]/[+2h]。
,
,
,
78a14d56-9758-40df-ac4d-a4416e0aabb1_longDesc,[armored=1]
,
,
,
78a14d56-9758-40df-ac4d-a4416e0aabb1_name,纱门僵尸
,
,
,
78a14d56-9758-40df-ac4d-a4416e0aabb1_shortDesc,[armored=1]
,
,
,
795d6f6b-5ce6-45de-a930-20da62af7cfb_longDesc,打出：\n消灭一只僵尸。
,
,
,
795d6f6b-5ce6-45de-a930-20da62af7cfb_name,僵尸暴动
,
,
,
795d6f6b-5ce6-45de-a930-20da62af7cfb_shortDesc,消灭一只僵尸。
,
,
,
79e9c67d-2216-4673-abd8-b9708c0d6c22_flavorText,你心里想的数字，就在1到“脑子”之间。
,
,
,
79e9c67d-2216-4673-abd8-b9708c0d6c22_longDesc,抽两张牌。
,
,
,
79e9c67d-2216-4673-abd8-b9708c0d6c22_name,心灵感应
,
,
,
79e9c67d-2216-4673-abd8-b9708c0d6c22_shortDesc,抽两张牌。
,
,
,
7a20f621-d60a-4bb6-9989-9e800df880d2_flavorText,耀斑花还没见过能挡得住她的防晒霜。
,
,
,
7a20f621-d60a-4bb6-9989-9e800df880d2_longDesc,造成2点伤害。你获得+2阳光。
,
,
,
7a20f621-d60a-4bb6-9989-9e800df880d2_name,烈日灼烧
,
,
,
7a20f621-d60a-4bb6-9989-9e800df880d2_shortDesc,造成2点伤害。你获得+2阳光。
,
,
,
7a306a86-c517-4120-a2df-c2ecceadde7c_flavorText,“哥们儿，帮忙瞧瞧我举了多重？”
,
,
,
7a306a86-c517-4120-a2df-c2ecceadde7c_longDesc,当你打出植物时，这张牌获得[+1a]/[+1h]。
,
,
,
7a306a86-c517-4120-a2df-c2ecceadde7c_name,肌肉甘蓝
,
,
,
7a306a86-c517-4120-a2df-c2ecceadde7c_shortDesc,当你打出植物时，获得[+1a]/[+1h]。
,
,
,
7dd581a3-cd7e-4266-aa3f-da38ab70be58_flavorText,它眼珠子细长，到哪都留下一股股墨汁，可海妖还是喜欢。
,
,
,
7dd581a3-cd7e-4266-aa3f-da38ab70be58_longDesc,[aquatic]
,
,
,
7dd581a3-cd7e-4266-aa3f-da38ab70be58_name,章鱼宠物
,
,
,
7dd581a3-cd7e-4266-aa3f-da38ab70be58_shortDesc,[aquatic]
,
,
,
7e3a5247-ac44-4e1c-8e67-9470db7ced26_flavorText,他并没有意识到，没了幽灵服装，他看起来更恐怖了……
,
,
,
7e3a5247-ac44-4e1c-8e67-9470db7ced26_longDesc,被消灭：获得一张[linkhauntingghost]。
,
,
,
7e3a5247-ac44-4e1c-8e67-9470db7ced26_name,闹鬼僵尸
,
,
,
7e3a5247-ac44-4e1c-8e67-9470db7ced26_shortDesc,被消灭：获得一张[linkhauntingghost]。
,
,
,
7e714922-6a72-4e15-b26f-e3ef6e18cd3a_flavorText,里面又黑又静，让他觉得特别安心，这点别人都体会不到。
,
,
,
7e714922-6a72-4e15-b26f-e3ef6e18cd3a_longDesc,[gravestone]\n现身：这名队友在本回合无法受到伤害。
,
,
,
7e714922-6a72-4e15-b26f-e3ef6e18cd3a_name,垃圾桶僵尸
,
,
,
7e714922-6a72-4e15-b26f-e3ef6e18cd3a_shortDesc,[gravestone]。现身：这名队友在本回合无法受到伤害。
,
,
,
7f315c39-a3c4-4351-9bf9-a2415af96415_longDesc,造成3点伤害
,
,
,
7f315c39-a3c4-4351-9bf9-a2415af96415_name,枯萎
,
,
,
7f315c39-a3c4-4351-9bf9-a2415af96415_shortDesc,造成3点伤害
,
,
,
80401e7e-626a-4c24-8e39-b61ee07aba99_flavorText,他可以算得上是只小鬼爆破专家。
,
,
,
80401e7e-626a-4c24-8e39-b61ee07aba99_longDesc,[gravestone]\n回合结束：对自己造成1点伤害。
,
,
,
80401e7e-626a-4c24-8e39-b61ee07aba99_name,爆炸小鬼
,
,
,
80401e7e-626a-4c24-8e39-b61ee07aba99_shortDesc,[gravestone]\n回合结束：对自己造成1点伤害。
,
,
,
810102c3-be34-41de-b192-b0bd57028bfa_flavorText,你知道植物体内有62%都是水分吗？嗯，现在一点不剩了。
,
,
,
810102c3-be34-41de-b192-b0bd57028bfa_longDesc,消灭一株受伤的植物。\n抽一张牌。
,
,
,
810102c3-be34-41de-b192-b0bd57028bfa_name,蒸发
,
,
,
810102c3-be34-41de-b192-b0bd57028bfa_shortDesc,消灭一株受伤的植物。抽一张牌。
,
,
,
819287e9-e7de-468d-9268-7b54814f65e6_flavorText,曾在Chewliard表演艺术学校苦练六年。
,
,
,
819287e9-e7de-468d-9268-7b54814f65e6_longDesc,
,
,
,
819287e9-e7de-468d-9268-7b54814f65e6_name,伴舞僵尸
,
,
,
819287e9-e7de-468d-9268-7b54814f65e6_shortDesc,
,
,
,
820c0be5-e95c-490b-9c56-9c77f0b64ce9_longDesc,对一株植物造成2点伤害。
,
,
,
820c0be5-e95c-490b-9c56-9c77f0b64ce9_name,管道工僵尸
,
,
,
820c0be5-e95c-490b-9c56-9c77f0b64ce9_shortDesc,对一株植物造成2点伤害。
,
,
,
843873b3-10cf-43da-8c60-3b43c86ec13f_flavorText,有点像相亲……但是是和僵尸……还要打架。
,
,
,
843873b3-10cf-43da-8c60-3b43c86ec13f_heraldFighter,由召唤术创造
,
,
,
843873b3-10cf-43da-8c60-3b43c86ec13f_longDesc,随机召唤一只花费不多于[2b]的僵尸。
,
,
,
843873b3-10cf-43da-8c60-3b43c86ec13f_name,召唤术
,
,
,
843873b3-10cf-43da-8c60-3b43c86ec13f_shortDesc,随机召唤一只花费不多于[2b]的僵尸。
,
,
,
84bdc130-4884-4976-82ae-562b37861069_longDesc,从高地移动一只僵尸，令其获得[+1a]/[+1h]。
,
,
,
84bdc130-4884-4976-82ae-562b37861069_name,高空跳伞训练
,
,
,
84bdc130-4884-4976-82ae-562b37861069_shortDesc,从高地移动一只僵尸，令其获[+1a]/[+1h]。
,
,
,
8570c741-f4b7-455b-9075-8312c6b2bb96_flavorText,“又冰冷又火辣的感觉可不好受，真想换个温热的环境舒服舒服。”
,
,
,
8570c741-f4b7-455b-9075-8312c6b2bb96_longDesc,打出：[freeze]一只僵尸。
,
,
,
8570c741-f4b7-455b-9075-8312c6b2bb96_name,冻辣椒
,
,
,
8570c741-f4b7-455b-9075-8312c6b2bb96_shortDesc,[freeze]一只僵尸。
,
,
,
8570c741-f4b7-455b-9075-8312c6b2bb96_Targeting,选择要[freeze]的僵尸。
,
,
,
867a395d-ca39-40a0-a967-6db7fb160bf9_flavorText,“我的秘密武器？就是这顶可爱的小帽子！”
,
,
,
867a395d-ca39-40a0-a967-6db7fb160bf9_longDesc,[aquatic]
,
,
,
867a395d-ca39-40a0-a967-6db7fb160bf9_name,猫尾草
,
,
,
867a395d-ca39-40a0-a967-6db7fb160bf9_shortDesc,[aquatic]
,
,
,
8866dd42-ed4e-4804-9005-e3a4c510e1a2_flavorText,绿影侠的战术就是直捣中心。
,
,
,
8866dd42-ed4e-4804-9005-e3a4c510e1a2_longDesc,攻击中线，造成5点伤害。
,
,
,
8866dd42-ed4e-4804-9005-e3a4c510e1a2_name,精准轰击
,
,
,
8866dd42-ed4e-4804-9005-e3a4c510e1a2_shortDesc,攻击中线，造成5点伤害。
,
,
,
8ab124be-1d2f-4de4-b634-5ebb72be63a6_flavorText,“每个豆子都算上了，我保证分毫不差。”
,
,
,
8ab124be-1d2f-4de4-b634-5ebb72be63a6_longDesc,当你打出豆子时，这张牌获得[+1a]/[+1h]。\n打出：获得两张[1a]/[1h]的小豆丁。
,
,
,
8ab124be-1d2f-4de4-b634-5ebb72be63a6_name,会计豆
,
,
,
8ab124be-1d2f-4de4-b634-5ebb72be63a6_shortDesc,当你打出豆子时，获得[+1a]/[+1h]。打出：获得两张小豆丁。
,
,
,
8b59faf7-3a5a-4d5b-808a-4a7e1d44299f_flavorText,这是一次改变人生的体验。说实话，其实是改变一切的体验。
,
,
,
8b59faf7-3a5a-4d5b-808a-4a7e1d44299f_heraldFighter,由变形术变形而成
,
,
,
8b59faf7-3a5a-4d5b-808a-4a7e1d44299f_longDesc,把一只僵尸随机变为花费[1b]的僵尸。
,
,
,
8b59faf7-3a5a-4d5b-808a-4a7e1d44299f_name,变形术
,
,
,
8b59faf7-3a5a-4d5b-808a-4a7e1d44299f_shortDesc,把一只僵尸随机变为花费[1b]的僵尸。
,
,
,
8ba8f370-687d-4721-bb53-dadb7f37469e_flavorText,对野餐来说是坏消息，对植物来说是好消息。
,
,
,
8ba8f370-687d-4721-bb53-dadb7f37469e_longDesc,所有植物获得[+1a]/[+1h]。
,
,
,
8ba8f370-687d-4721-bb53-dadb7f37469e_name,暴雨来临
,
,
,
8ba8f370-687d-4721-bb53-dadb7f37469e_shortDesc,所有植物获得[+1a]/[+1h]。
,
,
,
8bad030b-5d21-494d-99cd-d0714d18a471_flavorText,天气预告说下午会刮龙卷风，还有75%的几率从天上掉下海洋哺乳动物。
,
,
,
8bad030b-5d21-494d-99cd-d0714d18a471_longDesc,随机[bounce]一株植物。
,
,
,
8bad030b-5d21-494d-99cd-d0714d18a471_name,海豚飓风
,
,
,
8bad030b-5d21-494d-99cd-d0714d18a471_shortDesc,随机[bounce]一株植物。
,
,
,
8d093f6d-f44a-4b97-9245-19c2f68a1d17_flavorText,“这是你自找的，我忍够了！看我糊你一脸！”
,
,
,
8d093f6d-f44a-4b97-9245-19c2f68a1d17_longDesc,所有植物获得[+2a]。
,
,
,
8d093f6d-f44a-4b97-9245-19c2f68a1d17_name,莓果之怒
,
,
,
8d093f6d-f44a-4b97-9245-19c2f68a1d17_shortDesc,所有植物获得[+2a]。
,
,
,
8da0baad-b03e-445f-b449-4260bc04ff7b_flavorText,她只是单纯渴望其他复制松果的陪伴罢了。 
,
,
,
8da0baad-b03e-445f-b449-4260bc04ff7b_heraldFighter,由复制松果变形而成
,
,
,
8da0baad-b03e-445f-b449-4260bc04ff7b_longDesc,打出：把所有植物变为[3a]/[3h]的复制松果。
,
,
,
8da0baad-b03e-445f-b449-4260bc04ff7b_name,复制松果
,
,
,
8da0baad-b03e-445f-b449-4260bc04ff7b_shortDesc,把所有植物变为[3a]/[3h]的复制松果。
,
,
,
8e314da9-4efb-4154-855c-d417f9118885_flavorText,有时候，太阳落得特别早……
,
,
,
8e314da9-4efb-4154-855c-d417f9118885_longDesc,打出时：植物英雄本回合失去2阳光。
,
,
,
8e314da9-4efb-4154-855c-d417f9118885_name,太阳神僵尸
,
,
,
8e314da9-4efb-4154-855c-d417f9118885_shortDesc,打出时：植物英雄本回合失去2阳光。
,
,
,
8f5b9ee1-53d2-4936-8a7b-69fd863fb3df_flavorText,让你觉得温暖、阳光，还想狠踹僵尸的屁股。
,
,
,
8f5b9ee1-53d2-4936-8a7b-69fd863fb3df_longDesc,一株植物额外攻击一次。
,
,
,
8f5b9ee1-53d2-4936-8a7b-69fd863fb3df_name,光芒四射
,
,
,
8f5b9ee1-53d2-4936-8a7b-69fd863fb3df_shortDesc,一株植物额外攻击一次。
,
,
,
8f62a894-1fa1-433f-92a6-e2a07eeefcf7_flavorText,“我就喜欢让人大吃一惊。”
,
,
,
8f62a894-1fa1-433f-92a6-e2a07eeefcf7_longDesc,[aquatic]，[splashdamage=1]
,
,
,
8f62a894-1fa1-433f-92a6-e2a07eeefcf7_name,闪电芦苇
,
,
,
8f62a894-1fa1-433f-92a6-e2a07eeefcf7_shortDesc,[aquatic]，[splashdamage=1]
,
,
,
910b506e-b3c2-4fdc-ae7c-d420121bf694_flavorText,“妈妈是豌豆射手，爸爸是坚果。大家本来不看好这一对，但他们都错啦。”
,
,
,
910b506e-b3c2-4fdc-ae7c-d420121bf694_longDesc,[teamup]
,
,
,
910b506e-b3c2-4fdc-ae7c-d420121bf694_name,花生射手
,
,
,
910b506e-b3c2-4fdc-ae7c-d420121bf694_shortDesc,[teamup]
,
,
,
93c7575c-706d-4000-82a5-46e68c601e92_longDesc,角色已删除
,
,
,
93c7575c-706d-4000-82a5-46e68c601e92_name,忧郁菇
,
,
,
93c7575c-706d-4000-82a5-46e68c601e92_shortDesc,角色已删除
,
,
,
945925cf-e1af-40c1-b954-b2cc5b81cede_flavorText,马上行动！除光你家草坪上的杂草……和豌豆射手跟向日葵，还有坚果墙。
,
,
,
945925cf-e1af-40c1-b954-b2cc5b81cede_longDesc,消灭所有[2a]或以下的植物。
,
,
,
945925cf-e1af-40c1-b954-b2cc5b81cede_name,除草剂
,
,
,
945925cf-e1af-40c1-b954-b2cc5b81cede_shortDesc,消灭所有[2a]或以下的植物。
,
,
,
94cef52d-6637-495c-a339-f3a3a2d6699a_flavorText,他已经喜欢上了僵尸英雄的味道。
,
,
,
94cef52d-6637-495c-a339-f3a3a2d6699a_longDesc,打出：对僵尸英雄造成他们生命值[halfrounddown]的伤害。
,
,
,
94cef52d-6637-495c-a339-f3a3a2d6699a_name,狮王花
,
,
,
94cef52d-6637-495c-a339-f3a3a2d6699a_shortDesc,对僵尸英雄造成他们生命值[halfrounddown]的伤害。
,
,
,
95edb684-7a2d-417a-9b9e-34e16fb676eb_flavorText,急冻魔最喜欢冻得植物瑟瑟发抖。 
,
,
,
95edb684-7a2d-417a-9b9e-34e16fb676eb_longDesc,冻结所有植物。
,
,
,
95edb684-7a2d-417a-9b9e-34e16fb676eb_name,冰冻苔原
,
,
,
95edb684-7a2d-417a-9b9e-34e16fb676eb_shortDesc,冻结所有植物。
,
,
,
96789300-5280-486d-a5ea-007de33d15f4_flavorText,“不许动！哈，吓到没？”
,
,
,
96789300-5280-486d-a5ea-007de33d15f4_longDesc,[freeze]一只僵尸。
,
,
,
96789300-5280-486d-a5ea-007de33d15f4_name,冰冻生菜
,
,
,
96789300-5280-486d-a5ea-007de33d15f4_shortDesc,[freeze]一只僵尸。
,
,
,
979c3287-7555-42d5-a733-8a524815493c_flavorText,性格外向，香传百里。
,
,
,
979c3287-7555-42d5-a733-8a524815493c_longDesc,当有植物发动额外攻击时，抽一张牌。
,
,
,
979c3287-7555-42d5-a733-8a524815493c_name,派对百里香
,
,
,
979c3287-7555-42d5-a733-8a524815493c_shortDesc,当有植物发动额外攻击时，抽一张牌。
,
,
,
97c4f341-d028-45ba-97cc-e51fc2db3a4b_flavorText,患有情感依赖症，不过他在努力解决。
,
,
,
97c4f341-d028-45ba-97cc-e51fc2db3a4b_longDesc,[aquatic]，[teamup]
,
,
,
97c4f341-d028-45ba-97cc-e51fc2db3a4b_name,好梨友
,
,
,
97c4f341-d028-45ba-97cc-e51fc2db3a4b_shortDesc,[aquatic]，[teamup]
,
,
,
97fcb886-dad8-4a2f-aa32-31e0df4523e5_flavorText,霸王大嘴花喜欢生吞僵尸，但不喜欢之后闹肚子的感觉。
,
,
,
97fcb886-dad8-4a2f-aa32-31e0df4523e5_longDesc,消灭一只生命值最低的僵尸。
,
,
,
97fcb886-dad8-4a2f-aa32-31e0df4523e5_name,吞噬
,
,
,
97fcb886-dad8-4a2f-aa32-31e0df4523e5_shortDesc,消灭一只生命值最低的僵尸。
,
,
,
993fec89-2d80-47be-a9e4-ac5b8856a0fa_flavorText,收集了每一期《深海季刊》，但很少有空读。
,
,
,
993fec89-2d80-47be-a9e4-ac5b8856a0fa_longDesc,两栖，狩猎。当任何僵尸进入任何路径时，该僵尸获得+1/+1。
,
,
,
993fec89-2d80-47be-a9e4-ac5b8856a0fa_name,深海巨尸
,
,
,
993fec89-2d80-47be-a9e4-ac5b8856a0fa_shortDesc,两栖，狩猎。当任何僵尸进入任何路径时，该僵尸获得+1/+1。
,
,
,
9c6b2087-5a6d-43fa-bc96-63f6b6d4c6eb_flavorText,僵尸一旦跳起舞来，就会比平时更加活力十足。
,
,
,
9c6b2087-5a6d-43fa-bc96-63f6b6d4c6eb_longDesc,所有僵尸获得[+2a]/[+2h]。
,
,
,
9c6b2087-5a6d-43fa-bc96-63f6b6d4c6eb_name,怪物狂欢
,
,
,
9c6b2087-5a6d-43fa-bc96-63f6b6d4c6eb_shortDesc,所有僵尸获得[+2a]/[+2h]。
,
,
,
9d127a5d-f8bb-4b6a-a143-19aab4e6c013_flavorText,保证卖的全是100%有机脑子。
,
,
,
9d127a5d-f8bb-4b6a-a143-19aab4e6c013_longDesc,打出：你在本回合获得[+3b]。
,
,
,
9d127a5d-f8bb-4b6a-a143-19aab4e6c013_name,脑子商人
,
,
,
9d127a5d-f8bb-4b6a-a143-19aab4e6c013_shortDesc,你在本回合获得[+3b]。
,
,
,
9dbdb6e5-020b-4c67-a43a-b7abb6f28d14_flavorText,僵点子教授的主意都特别棒……完全没有规律，但就是特别棒。
,
,
,
9dbdb6e5-020b-4c67-a43a-b7abb6f28d14_heraldFighter,由灵光乍现召唤
,
,
,
9dbdb6e5-020b-4c67-a43a-b7abb6f28d14_heraldTrick,由灵光乍现召唤
,
,
,
9dbdb6e5-020b-4c67-a43a-b7abb6f28d14_longDesc,[conjure]任意三张牌。
,
,
,
9dbdb6e5-020b-4c67-a43a-b7abb6f28d14_name,灵光乍现
,
,
,
9dbdb6e5-020b-4c67-a43a-b7abb6f28d14_shortDesc,[conjure]任意三张牌。
,
,
,
9dd40a2b-0bf0-46a9-86af-ecdbcbd80e0d_flavorText,她有钢铁般的意志……和钢铁般的一切！
,
,
,
9dd40a2b-0bf0-46a9-86af-ecdbcbd80e0d_longDesc,打出：自己和相邻线上的植物获得[+2h]。
,
,
,
9dd40a2b-0bf0-46a9-86af-ecdbcbd80e0d_name,钢木兰
,
,
,
9dd40a2b-0bf0-46a9-86af-ecdbcbd80e0d_shortDesc,自己和相邻线上的植物获得[+2h]。
,
,
,
9fd8f05f-d64c-4d7d-ab74-f483a650ce7a_flavorText,“想使出我这招嘛……需要计策。我只能这么说。”
,
,
,
9fd8f05f-d64c-4d7d-ab74-f483a650ce7a_longDesc,当你打出锦囊牌时，额外攻击一次。
,
,
,
9fd8f05f-d64c-4d7d-ab74-f483a650ce7a_name,追击苔藓
,
,
,
9fd8f05f-d64c-4d7d-ab74-f483a650ce7a_shortDesc,当你打出锦囊牌时，额外攻击一次。
,
,
,
a0b225ce-0617-4197-bd44-3234168231e9_flavorText,“我怎么觉着这里越来越热了？”
,
,
,
a0b225ce-0617-4197-bd44-3234168231e9_longDesc,
,
,
,
a0b225ce-0617-4197-bd44-3234168231e9_name,火豌豆射手
,
,
,
a0b225ce-0617-4197-bd44-3234168231e9_shortDesc,
,
,
,
a2bb384f-6c59-4efc-a91a-3b3d3a524350_flavorText,喜欢温暖的拥抱。
,
,
,
a2bb384f-6c59-4efc-a91a-3b3d3a524350_longDesc,打出：获得一张雪人午餐盒。\n回合结束：[bounce]这只雪人。
,
,
,
a2bb384f-6c59-4efc-a91a-3b3d3a524350_name,僵尸雪人
,
,
,
a2bb384f-6c59-4efc-a91a-3b3d3a524350_shortDesc,获得一张雪人午餐盒。回合结束：[bounce]这只雪人。
,
,
,
a2bf2b9a-6b9a-437e-b980-8f02dcc08eed_flavorText,“我就像一阵风，从养猪场吹来。”
,
,
,
a2bf2b9a-6b9a-437e-b980-8f02dcc08eed_longDesc,[strikethrough]
,
,
,
a2bf2b9a-6b9a-437e-b980-8f02dcc08eed_name,大喷菇
,
,
,
a2bf2b9a-6b9a-437e-b980-8f02dcc08eed_shortDesc,[strikethrough]
,
,
,
a5d5a695-ec1a-47c5-aea8-3812dbd2a7f0_flavorText,既凶猛，又营养。
,
,
,
a5d5a695-ec1a-47c5-aea8-3812dbd2a7f0_longDesc,造成3点伤害。
,
,
,
a5d5a695-ec1a-47c5-aea8-3812dbd2a7f0_name,莓果轰击
,
,
,
a5d5a695-ec1a-47c5-aea8-3812dbd2a7f0_shortDesc,造成3点伤害。
,
,
,
a68c3e0f-b39e-4add-97fd-280b6c2e1e78_flavorText,对僵尸来说，“活”只是个相对的概念。
,
,
,
a68c3e0f-b39e-4add-97fd-280b6c2e1e78_longDesc,对一株植物造成2点伤害。\n为你的英雄治疗3点生命值。
,
,
,
a68c3e0f-b39e-4add-97fd-280b6c2e1e78_name,活力四射
,
,
,
a68c3e0f-b39e-4add-97fd-280b6c2e1e78_shortDesc,对一株植物造成2点伤害。为你的英雄治疗3点生命值。
,
,
,
a89a2702-07f4-46d7-9bbc-f33d546a118e_flavorText,虽然颠簸，但比走路强啊。顺便，你有看到一条小鬼腿吗？
,
,
,
a89a2702-07f4-46d7-9bbc-f33d546a118e_longDesc,受到伤害：[bounce]这只袋鼠。
,
,
,
a89a2702-07f4-46d7-9bbc-f33d546a118e_name,袋鼠骑手
,
,
,
a89a2702-07f4-46d7-9bbc-f33d546a118e_shortDesc,受到伤害：[bounce]这只袋鼠。
,
,
,
ability_afterlife,转生
,
,
,
ability_ambush,克制英雄
,
,
,
ability_animalpower,动物威能
,
,
,
ability_aquatic,两栖
,
,
,
ability_armored,装甲
,
,
,
ability_beanevolution,豆子进化
,
,
,
ability_beanpower,豆子威能
,
,
,
ability_berryevolution,莓果进化
,
,
,
ability_berrypower,莓果威能
,
,
,
ability_bounce,弹射
,
,
,
ability_captaindeadbeard,死胡子船长
,
,
,
ability_conjure,召唤
,
,
,
ability_conjures,召唤
,
,
,
ability_dancingevolution,跳舞进化
,
,
,
ability_dancingpower,跳舞威能
,
,
,
ability_deadly,致命
,
,
,
ability_desc_plants_afterlife,当被消灭后，你可以再打出一次
,
,
,
ability_desc_plants_ambush,自己线上没有僵尸时+{0}[a]
,
,
,
ability_desc_plants_animalpower,在手牌中或场上有动物时使用
,
,
,
ability_desc_plants_aquatic,可在水里和陆上打出
,
,
,
ability_desc_plants_armored,受到的伤害减少{0}
,
,
,
ability_desc_plants_beanevolution,对豆子打出这张牌来使用此能力。
,
,
,
ability_desc_plants_beanpower,在手牌中或场上有豆子时使用
,
,
,
ability_desc_plants_berryevolution,对莓果打出这张牌来使用此能力。
,
,
,
ability_desc_plants_berrypower,在手牌中或场上有莓果时使用
,
,
,
ability_desc_plants_bounce,将其移回所有者的手牌
,
,
,
ability_desc_plants_conjure,随机获得一张这种类型的卡牌
,
,
,
ability_desc_plants_conjures,随机获得一张这种类型的卡牌
,
,
,
ability_desc_plants_deadly,消灭其伤害到的所有植物或僵尸
,
,
,
ability_desc_plants_dinoroar,在你抽卡时使用此能力
,
,
,
ability_desc_plants_doublestrike,在自己线上的战斗结束后：额外攻击一次
,
,
,
ability_desc_plants_flowerpower,在手牌中或场上有花朵时使用
,
,
,
ability_desc_plants_freeze,受影响的僵尸跳过下一次攻击
,
,
,
ability_desc_plants_frenzy,在消灭僵尸后可再次攻击
,
,
,
ability_desc_plants_fruitpower,在手牌中或场上有水果时使用
,
,
,
ability_desc_plants_gravestone,躲在在墓碑下，直到锦囊牌阶段
,
,
,
ability_desc_plants_halfrounddown,把伤害向下取整
,
,
,
ability_desc_plants_hunt,当有僵尸被打出时，将这株植物移动到其线上
,
,
,
ability_desc_plants_leafyevolution,对绿叶植物打出这张牌来使用此能力。
,
,
,
ability_desc_plants_leafypower,在手牌中或场上有绿叶牌时使用
,
,
,
ability_desc_plants_linkastrocadopit,[1s]，[1h]，回合开始：把这株植物变为星际鳄梨。
,
,
,
ability_desc_plants_linkbananabomb,[1s]，对一只僵尸造成2点伤害。
,
,
,
ability_desc_plants_linkgoat,[1a]/[1h]，当任意山羊受到伤害时获得[+1a]/[+1h]。
,
,
,
ability_desc_plants_linkgraperesponsibility,[1s]，让一株植物的[h]加倍。
,
,
,
ability_desc_plants_linkhalfbananas,[2a]/[2h]，被消灭：你手中的所有香蕉获得[+1a]/[+1h]。
,
,
,
ability_desc_plants_linklava,在自己线上的战斗之前：对自己线上的植物和僵尸分别造成1点伤害。
,
,
,
ability_desc_plants_linklilbuddies,[1h]，[teamup]，打出：为你的英雄治疗2点生命值。
,
,
,
ability_desc_plants_linkmagicbeanstalk,[1s]，[4a]/[4h]，抽一张牌。
,
,
,
ability_desc_plants_linkmagicbeanstalks,[1s]，[4a]/[4h]，抽一张牌。
,
,
,
ability_desc_plants_linksap,自己线上的僵尸获得[-3a]。
,
,
,
ability_desc_plants_linkseedlings,[1h]，回合开始：随机变为一株花费[6s]或以下的植物。
,
,
,
ability_desc_plants_linksunflower,[1h]，[teamup]，回合开始：你在本回合获得[+1s]。
,
,
,
ability_desc_plants_linksunshroomier,[3h]，[teamup]，回合开始：你在本回合获得[+2s]。
,
,
,
ability_desc_plants_mushroomevolution,对蘑菇打出这张牌来使用此能力。
,
,
,
ability_desc_plants_mushroompower,在手牌中或场上有蘑菇时使用
,
,
,
ability_desc_plants_nutevolution,对坚果打出这张牌来使用此能力。
,
,
,
ability_desc_plants_nutpower,在手牌中或场上有豆子时使用
,
,
,
ability_desc_plants_overpower,在本回合获得至少{0}点阳光即可发动能力
,
,
,
ability_desc_plants_overshoot,在自己线上的战斗之前，先对僵尸英雄造成{0}点伤害
,
,
,
ability_desc_plants_peaevolution,对豌豆打出这张牌来使用此能力。
,
,
,
ability_desc_plants_peapower,在手牌中或场上有豌豆时使用
,
,
,
ability_desc_plants_pearpal,[2a]/[2h]，[aquatic]，[teamup]
,
,
,
ability_desc_plants_plantevolution,对植物打出这张牌来使用此能力。
,
,
,
ability_desc_plants_power,在手牌中或场上有此类牌时使用
,
,
,
ability_desc_plants_quest,完成此任务来转化这张牌
,
,
,
ability_desc_plants_rootpower,在手牌中或场上有根茎时使用
,
,
,
ability_desc_plants_shielded,获得保护的植物不会受到伤害
,
,
,
ability_desc_plants_splashdamage,发动攻击时，还会对相邻线上的僵尸造成{0}点伤害
,
,
,
ability_desc_plants_springboard,对植物打出这张牌来使用此能力。
,
,
,
ability_desc_plants_strikethrough,能攻击到自己线上的僵尸和僵尸英雄
,
,
,
ability_desc_plants_teamup,你可以在这条线上放置两株植物
,
,
,
ability_desc_plants_teamupevolution,对[teamup]植物打出这张牌来使用此能力。
,
,
,
ability_desc_plants_truestrike,不会为对手的格挡槽充能
,
,
,
ability_desc_plants_untrickable,不受僵尸锦囊牌影响
,
,
,
ability_desc_plants_wallnut,[1s]，[0a]/[6h]，[teamup]
,
,
,
ability_desc_plants_wallnuts,[1s]，[0a]/[6h]，[teamup]
,
,
,
ability_desc_zombies_afterlife,当被消灭后，你可以再打出一次
,
,
,
ability_desc_zombies_ambush,自己线上没有植物时+{0}[a]
,
,
,
ability_desc_zombies_aquatic,可在水里和陆上打出
,
,
,
ability_desc_zombies_armored,受到的伤害减少{0}
,
,
,
ability_desc_zombies_bounce,将其移回所有者的手牌
,
,
,
ability_desc_zombies_conjure,随机获得一张这种类型的卡牌
,
,
,
ability_desc_zombies_conjures,随机获得一张这种类型的卡牌
,
,
,
ability_desc_zombies_dancingevolution,对跳舞僵尸打出这张牌来使用此能力。
,
,
,
ability_desc_zombies_dancingpower,在手牌中或场上有跳舞牌时使用
,
,
,
ability_desc_zombies_deadly,消灭其伤害到的所有植物或僵尸
,
,
,
ability_desc_zombies_dinoroar,在你抽卡时使用此能力
,
,
,
ability_desc_zombies_doublestrike,在自己线上的战斗结束后：额外攻击一次
,
,
,
ability_desc_zombies_freeze,受影响的植物跳过下一次攻击
,
,
,
ability_desc_zombies_frenzy,在消灭一株植物后可再次攻击
,
,
,
ability_desc_zombies_gargantuarpower,在手牌中或场上有巨人时使用
,
,
,
ability_desc_zombies_gourmetpower,在手牌中或场上有美食家牌时使用
,
,
,
ability_desc_zombies_gravestone,躲在在墓碑下，直到锦囊牌阶段
,
,
,
ability_desc_zombies_half,把伤害向下取整
,
,
,
ability_desc_zombies_halfrounddown,把伤害向下取整
,
,
,
ability_desc_zombies_historypower,在手牌中或场上有历史牌时使用
,
,
,
ability_desc_zombies_hunt,当有植物被打出时，将这只僵尸移动到其线上
,
,
,
ability_desc_zombies_imppower,在手牌中或场上有小鬼时使用
,
,
,
ability_desc_zombies_linkcaptaindeadbeard,[2a]/[4h]，海盗获得[strikethrough]
,
,
,
ability_desc_zombies_linkdinoroar,在你抽卡时使用此能力
,
,
,
ability_desc_zombies_linkgoat,[1a]/[1h]，当任意山羊受到伤害时获得[+1a]/[+1h]。
,
,
,
ability_desc_zombies_linkhauntingghost,[2b]，[2a]/[1h]，[aquatic]，一株植物获得[-1a]/[-1h]。
,
,
,
ability_desc_zombies_linkleftovers,[2b]，所有僵尸获得[+1a]/[+1h]。
,
,
,
ability_desc_zombies_linkmysteryegg,[2h]，锦囊牌回合开始：P8021随机变为花费[2b]或以下的僵尸。
,
,
,
ability_desc_zombies_linkpotofgold,[1b]，抽取三张卡牌。
,
,
,
ability_desc_zombies_linksmashinggargantuar,[5a]/[5h]，巨尸获得[frenzy]
,
,
,
ability_desc_zombies_linkteleport,[1b]，在本回合中，你可以在应该打锦囊牌时打出一张僵尸。抽一张牌。
,
,
,
ability_desc_zombies_linktrapperterritory,在自己线上的战斗之前：对自己线上的每株植物造成1点伤害。
,
,
,
ability_desc_zombies_linktreat,[1b]，一只僵尸获得[+1a]/[+3h]。或者[2b]，一只僵尸获得[+3a]/[+1h]。
,
,
,
ability_desc_zombies_linkvengefulcyborg,[5b]，[5a]/[5h]，[hunt]
,
,
,
ability_desc_zombies_linkzombats,[2a]/[1h]，[aquatic]，这张牌对植物造成伤害时，抽一张牌。
,
,
,
ability_desc_zombies_mustacheevolution,对胡须僵尸打出这张牌来使用此能力。
,
,
,
ability_desc_zombies_mustachepower,在手牌中或场上有胡须牌时使用
,
,
,
ability_desc_zombies_overpower,在本回合获得至少{0}点脑子即可发动能力
,
,
,
ability_desc_zombies_overshoot,在自己线上的战斗之前，先对植物英雄造成{0}点伤害
,
,
,
ability_desc_zombies_partypower,在手牌中或场上有派对牌时使用
,
,
,
ability_desc_zombies_petpower,在手牌中或场上有宠物时使用
,
,
,
ability_desc_zombies_pirateevolution,对海盗僵尸打出这张牌来使用此能力。
,
,
,
ability_desc_zombies_piratepower,在手牌中或场上有海盗时使用
,
,
,
ability_desc_zombies_power,在手牌中或场上有此类牌时使用
,
,
,
ability_desc_zombies_professionalevolution,对职业僵尸打出这张牌来使用此能力。
,
,
,
ability_desc_zombies_professionalpower,在手牌中或场上有职业牌时使用
,
,
,
ability_desc_zombies_quest,完成此任务来转化这张牌
,
,
,
ability_desc_zombies_sciencepower,在手牌中或场上有科学牌时使用
,
,
,
ability_desc_zombies_shielded,获得保护的僵尸不会受到伤害
,
,
,
ability_desc_zombies_splashdamage,发动攻击时，还会对相邻线上的植物造成{0}点伤害
,
,
,
ability_desc_zombies_sportsevolution,对运动员僵尸打出这张牌来使用此能力。
,
,
,
ability_desc_zombies_sportspower,在手牌中或场上有运动员牌时使用
,
,
,
ability_desc_zombies_springboard,对僵尸打出这张牌来使用此能力。
,
,
,
ability_desc_zombies_strikethrough,能攻击到所有自己线上的植物和植物英雄
,
,
,
ability_desc_zombies_truestrike,不会为对手的格挡槽充能
,
,
,
ability_desc_zombies_untrickable,不受植物锦囊牌影响
,
,
,
ability_desc_zombies_wallnut,[1s]，[0a]/[6h]，[teamup]
,
,
,
ability_desc_zombies_wallnuts,[1s]，[0a]/[6h]，[teamup]
,
,
,
ability_desc_zombies_zombats,[2a]/[1h]，[aquatic]，这张牌对植物造成伤害时，抽一张牌。
,
,
,
ability_desc_zombies_zombieevolution,对僵尸打出这张牌来使用此能力。
,
,
,
ability_dinoroar,龙吼
,
,
,
ability_doublestrike,双重打击
,
,
,
ability_flowerpower,花朵能量
,
,
,
ability_freeze,冻结
,
,
,
ability_frenzy,狂热
,
,
,
ability_fruitpower,水果威能
,
,
,
ability_gargantuarpower,巨人威能
,
,
,
ability_gourmetpower,美食家威能
,
,
,
ability_gravestone,墓碑
,
,
,
ability_half,一半
,
,
,
ability_halfrounddown,一半
,
,
,
ability_historypower,历史威能
,
,
,
ability_hunt,捕猎
,
,
,
ability_imppower,小鬼威能
,
,
,
ability_leafyevolution,绿叶进化
,
,
,
ability_leafypower,绿叶威能
,
,
,
ability_linkastrocadopit,星际鳄梨果核
,
,
,
ability_linkbananabomb,香蕉炸弹
,
,
,
ability_linkcaptaindeadbeard,死胡子船长
,
,
,
ability_linkdinoroar,龙吼
,
,
,
ability_linkgoat,山羊
,
,
,
ability_linkgraperesponsibility,责任葡萄
,
,
,
ability_linkhalfbananas,半支香蕉
,
,
,
ability_linkhauntingghost,闹鬼幽灵
,
,
,
ability_linklava,火热岩浆
,
,
,
ability_linkleftovers,剩饭
,
,
,
ability_linklilbuddies,小伙伴
,
,
,
ability_linkmagicbeanstalk,魔法豆茎
,
,
,
ability_linkmagicbeanstalks,魔法豆茎
,
,
,
ability_linkmysteryegg,神秘鸡蛋
,
,
,
ability_linkpearpal,好梨友
,
,
,
ability_linkpotofgold,黄金盆
,
,
,
ability_linksap,树液之地
,
,
,
ability_linkseedlings,小种子
,
,
,
ability_linksmashinggargantuar,重击巨尸
,
,
,
ability_linksunflower,向日葵
,
,
,
ability_linksunshroomier,更大阳光菇
,
,
,
ability_linkteleport,传送
,
,
,
ability_linktrapperterritory,捕兽者领地
,
,
,
ability_linktreat,款待
,
,
,
ability_linkvengefulcyborg,复仇生化人
,
,
,
ability_linkwallnut,坚果墙
,
,
,
ability_linkwallnuts,坚果墙
,
,
,
ability_linkzombats,僵尸蝙蝠
,
,
,
ability_mushroomevolution,蘑菇进化
,
,
,
ability_mushroompower,蘑菇威能
,
,
,
ability_mustacheevolution,胡须进化
,
,
,
ability_mustachepower,胡须威能
,
,
,
ability_nutevolution,坚果进化
,
,
,
ability_nutpower,坚果威能
,
,
,
ability_overpower,过载
,
,
,
ability_overshoot,先攻
,
,
,
ability_partypower,派对威能
,
,
,
ability_peaevolution,豌豆进化
,
,
,
ability_peapower,豌豆威能
,
,
,
ability_petpower,宠物威能
,
,
,
ability_pirateevolution,海盗进化
,
,
,
ability_piratepower,海盗威能
,
,
,
ability_plantevolution,植物进化
,
,
,
ability_power,威能
,
,
,
ability_professionalevolution,职业僵尸进化
,
,
,
ability_professionalpower,职业威能
,
,
,
ability_quest,任务
,
,
,
ability_rootpower,根茎威能
,
,
,
ability_sciencepower,科学威能
,
,
,
ability_shielded,保护
,
,
,
ability_splashdamage,溅射
,
,
,
ability_sportsevolution,运动员进化
,
,
,
ability_sportspower,运动员威能
,
,
,
ability_springboard,融合
,
,
,
ability_strikethrough,穿透
,
,
,
ability_teamup,组队
,
,
,
ability_teamupevolution,组队进化
,
,
,
ability_truestrike,必中
,
,
,
ability_untrickable,锦囊免疫
,
,
,
ability_wallnut,坚果墙
,
,
,
ability_wallnuts,坚果墙
,
,
,
ability_zombieevolution,僵尸进化
,
,
,
ABOUT_DISPLAY,"Plants vs. Zombies Heroes (c) 2026 Electronic Arts Inc. Plants vs. Zombies, PopCap, EA and the EA logo are trademarks of Electronic Arts Inc.\n\nCopyright 2009-2015 Josh Close and Contributors\nLicensed under the Apache License, Version 2.0 (the ""License""); you may not use this file except in compliance with the License. You may obtain a copy of the License at\nhttp://www.apache.org/licenses/LICENSE-2.0\nUnless required by applicable law or agreed to in writing, software distributed under the License is distributed on an ""AS IS"" BASIS, WITHOUT WARRANTIES OR CONDITIONS OF ANY KIND, either express or implied. See the License for the specific language governing permissions and limitations under the License.\n\nCopyright 2014, Google Inc.  All rights reserved.\nRedistribution and use in source and binary forms, with or without modification, are permitted provided that the following conditions are met:\n* Redistributions of source code must retain the above copyright notice, this list of conditions and the following disclaimer.\n* Redistributions in binary form must reproduce the above copyright notice, this list of conditions and the following disclaimer in the documentation and/or other materials provided with the distribution.\n* Neither the name of Google Inc. nor the names of its contributors may be used to endorse or promote products derived from this software without specific prior written permission.\n THIS SOFTWARE IS PROVIDED BY THE COPYRIGHT HOLDERS AND CONTRIBUTORS ""AS IS"" AND ANY EXPRESS OR IMPLIED WARRANTIES, INCLUDING, BUT NOT LIMITED TO, THE IMPLIED WARRANTIES OF MERCHANTABILITY AND FITNESS FOR A PARTICULAR PURPOSE ARE DISCLAIMED. IN NO EVENT SHALL THE COPYRIGHT OWNER OR CONTRIBUTORS BE LIABLE FOR ANY DIRECT, INDIRECT, INCIDENTAL, SPECIAL, EXEMPLARY, OR CONSEQUENTIAL DAMAGES (INCLUDING, BUT NOT LIMITED TO, PROCUREMENT OF SUBSTITUTE GOODS OR SERVICES; LOSS OF USE, DATA, OR PROFITS; OR BUSINESS INTERRUPTION) HOWEVER CAUSED AND ON ANY THEORY OF LIABILITY, WHETHER IN CONTRACT, STRICT LIABILITY, OR TORT (INCLUDING NEGLIGENCE OR OTHERWISE) ARISING IN ANY WAY OUT OF THE USE OF THIS SOFTWARE, EVEN IF ADVISED OF THE POSSIBILITY OF SUCH DAMAGE.\nCode generated by the Protocol Buffer compiler is owned by the owner of the input file used when generating it.  This code is not standalone and requires a support library to be linked with it.  This support library is itself covered by the above license.\nCopyright 2008 Marc Gravell\nLicensed under the Apache License, Version 2.0 (the ""License""); you may not use this file except in compliance with the License.  You may obtain a copy of the License at http://www.apache.org/licenses/LICENSE-2.0.  Unless required by applicable law or agreed to in writing, software distributed under the License is distributed on an ""AS IS"" BASIS, WITHOUT WARRANTIES OR CONDITIONS OF ANY KIND, either express or implied.  See the License for the specific language governing permissions and limitations under the License.\n\n\nVISIT US AT: WWW.POPCAP.COM\nSUPPORT: http://help.ea.com/plants-vs-zombies/plants-vs-zombies-heroes/"
,
,
,
ABOUT_TITLE,产品说明
,
,
,
accb99c5-b7f3-4a86-b6f5-9c14a4dba25c_longDesc,
,
,
,
accb99c5-b7f3-4a86-b6f5-9c14a4dba25c_name,测试 僵尸增益 斗士爆发
,
,
,
accb99c5-b7f3-4a86-b6f5-9c14a4dba25c_shortDesc,
,
,
,
ACCOUNT_CHOOSEPROFILE_BUTTON_LOADPROFILE,同步游戏
,
,
,
ACCOUNT_CHOOSEPROFILE_CARDSCOLLECTED,已收集卡牌：
,
,
,
ACCOUNT_CHOOSEPROFILE_CONFIRM_HEADER,确认选择
,
,
,
ACCOUNT_CHOOSEPROFILE_DESCRIPTION,您的帐户可能绑定了多个游戏档案。请选择您想在此设备上使用的档案。
,
,
,
ACCOUNT_CHOOSEPROFILE_HEADER,选择档案
,
,
,
ACCOUNT_CHOOSEPROFILE_LASTPLAYED,上次游戏：
,
,
,
ACCOUNT_CHOOSEPROFILE_LOADING,正在同步进度……
,
,
,
ACCOUNT_CHOOSEPROFILE_NEWPROFILE,新档案
,
,
,
ACCOUNT_CHOOSEPROFILE_NEWPROFILE_CAPTION,开始新游戏。 
,
,
,
ACCOUNT_CHOOSEPROFILE_WARNING1,警告：开始同步将会载入您选择的档案，同时从设备上删除所有其他档案。
,
,
,
ACCOUNT_CHOOSEPROFILE_WARNING2,同步操作无法撤销！
,
,
,
ACCOUNT_CHOOSEPROFILE_WELCOME,欢迎回来
,
,
,
ACCOUNT_EMAILREG_REGISTER_BUTTON_CONFIRM,确认
,
,
,
ACCOUNT_EMAILREG_REGISTER_DESCRIPTION,《植物大战僵尸：花园战争2》的玩家：可使用相同的EA帐户邮箱关联这两款游戏！
,
,
,
ACCOUNT_EMAILREG_REGISTER_ERROR_ALREADYREGISTERED,似乎该电子邮件已经注册过EA账户了。
,
,
,
ACCOUNT_EMAILREG_REGISTER_ERROR_ALREADYSENT,一封电子邮件已发送。
,
,
,
ACCOUNT_EMAILREG_REGISTER_ERROR_GENERIC_NIMBLE,糟糕，某个地方出了问题。请稍后重试。
,
,
,
ACCOUNT_EMAILREG_REGISTER_ERROR_INVALID_FORMAT,电子邮件无效。请检查您的格式并重试。
,
,
,
ACCOUNT_EMAILREG_REGISTER_ERROR_INVALIDCOUNTRY,看起来您的地区尚不支持该内容。
,
,
,
ACCOUNT_EMAILREG_REGISTER_ERROR_MAXATTEMPTS,哇哦！短时间内尝试太多次了，请稍候再试。
,
,
,
ACCOUNT_EMAILREG_REGISTER_ERROR_NETWORK,未找到连接\n请检查您的网络连接并重试。
,
,
,
ACCOUNT_EMAILREG_REGISTER_ERROR_UNDERAGE,需达到许可年龄才可继续。
,
,
,
ACCOUNT_EMAILREG_REGISTER_HEADER,Link帐户
,
,
,
ACCOUNT_EMAILREG_REGISTER_PRIVACYPOLICY,"<link=""""privacy"""">保密和Cookie协议</link>"
,
,
,
ACCOUNT_EMAILREG_REGISTER_PROCESSING,请稍候……
,
,
,
ACCOUNT_EMAILREG_REGISTER_TEXTINPUT_LABEL,输入您的电子邮件地址
,
,
,
ACCOUNT_EMAILREG_SUCCESS_DESCRIPTION,游戏已连接至您的EA帐户。
,
,
,
ACCOUNT_EMAILREG_SUCCESS_HEADER,成功！
,
,
,
ACCOUNT_EMAILREG_VERIFY_BUTTON_BACK,编辑电子邮件地址
,
,
,
ACCOUNT_EMAILREG_VERIFY_BUTTON_SENDAGAIN,再发送一次代码
,
,
,
ACCOUNT_EMAILREG_VERIFY_BUTTON_VERIFIED,编辑电子邮件地址
,
,
,
ACCOUNT_EMAILREG_VERIFY_BUTTON_VERIFY,确认
,
,
,
ACCOUNT_EMAILREG_VERIFY_BUTTON_VERIFYING,再发送一次代码
,
,
,
ACCOUNT_EMAILREG_VERIFY_DESCRIPTION,我们向您的电子邮箱中发送了一组代码，请在此处输入该代码：
,
,
,
ACCOUNT_EMAILREG_VERIFY_ERROR_INVALID,代码无效。请检查格式并重试。
,
,
,
ACCOUNT_EMAILREG_VERIFY_HEADER,验证您的电子邮件
,
,
,
ACCOUNT_EMAILREG_VERIFY_RESEND_CODE_CONFIMATION,我们向您的电子邮箱中发送了一组代码。
,
,
,
ACCOUNT_EMAILREG_VERIFY_TEXTINPUT_LABEL,在此处输入代码
,
,
,
ACCOUNT_SETTINGS_BUTTON_ACCOUNT,我的帐号
,
,
,
ACCOUNT_SETTINGS_BUTTON_CREDITS,制作团队
,
,
,
ACCOUNT_SETTINGS_BUTTON_SIGNOUT,注销
,
,
,
ACCOUNT_SETTINGS_DESCRIPTION,连接以备份您的游戏进度，以便在多个设备上和好友一起游戏！
,
,
,
ACCOUNT_SETTINGS_HEADER,帐号信息
,
,
,
ACCOUNT_SETTINGS_LABEL_BONUS,奖励
,
,
,
ACCOUNT_SETTINGS_LABEL_SIGNEDIN,以以下方式登录：
,
,
,
ACCOUNT_SETTINGS_TAB_ACCOUNT,帐号
,
,
,
ACCOUNT_TITLE_BUTTON_CONNECT,连接
,
,
,
ACCOUNT_TITLE_BUTTON_RETURNING,老玩家
,
,
,
ACCOUNT_TITLE_DESCRIPTION,连接以恢复您的游戏进度，以便在多个设备上和好友一起游戏！
,
,
,
ACCOUNT_TITLE_HEADER,同步进度
,
,
,
ACCOUNT_TITLE_TAPTOPLAY,新游戏
,
,
,
ACCOUNT_TITLE_TEXT_SECURITY,未经您允许，我们不会分享您的个人信息或发言。
,
,
,
ACHIEVEMENTS_BUTTON,成就
,
,
,
AD_AVAILABLE_TEXT,赚取宝石！
,
,
,
AD_BANNER_OFFLINE,连接网络来赚取宝石！
,
,
,
AD_NOT_AVAILABLE_BANNER_TEXT,稍后再回来赚取宝石！
,
,
,
ad8576f3-914c-44cd-8745-3d2316f3409d_flavorText,问题：是先有鸡还是先有蛋？答案：先有僵尸！
,
,
,
ad8576f3-914c-44cd-8745-3d2316f3409d_longDesc,当植物在这里被打出时，这名队友会随机移动至一条线。
,
,
,
ad8576f3-914c-44cd-8745-3d2316f3409d_name,僵尸鸡
,
,
,
ad8576f3-914c-44cd-8745-3d2316f3409d_shortDesc,当植物在这里被打出时，这名队友会随机移动至一条线。
,
,
,
ADD_NEW_TEAM,定制牌组
,
,
,
aee670d7-eb0d-4c36-9a36-78ec2e5dc64d_flavorText,“我既是龙，也是草……我是个谜！”
,
,
,
aee670d7-eb0d-4c36-9a36-78ec2e5dc64d_longDesc,两栖，溅射伤害3
,
,
,
aee670d7-eb0d-4c36-9a36-78ec2e5dc64d_name,骁龙草
,
,
,
aee670d7-eb0d-4c36-9a36-78ec2e5dc64d_shortDesc,两栖，溅射伤害3
,
,
,
AGE_GATE_BUTTON,确认
,
,
,
AGE_GATE_BUTTON_EU,继续
,
,
,
AGE_GATE_INFO,"我已阅读并接受<u><link=""useragreement"">用户协议</link></u>以及EA <u><link=""privacy"">保密和Cookie协议</link></u>。"
,
,
,
AGE_GATE_INFO_EU,"我接受<u><link=""useragreement"">用户协议</link></u>，并且了解EA<u><link=""privacy"">保密和Cookie协议</link></u> 适用。 "
,
,
,
AGE_GATE_QUESTION,您的年龄？
,
,
,
Alien Ooze_flavorText,粘液攻击！
,
,
,
Alien Ooze_longDesc,植物获得-3/-3。如果在高地或环境中，改为获得-6/-6。
,
,
,
Alien Ooze_name,异形软泥怪
,
,
,
Alien Ooze_shortDesc,植物获得-3/-3。如果在高地或环境中，改为获得-6/-6。
,
,
,
Aloesaurus_flavorText,生命的咆哮力。毁灭的粉碎力。
,
,
,
Aloesaurus_longDesc,[dinoroar]：为所有植物和植物英雄治疗1点生命值。
,
,
,
Aloesaurus_name,芦荟异龙
,
,
,
Aloesaurus_shortDesc,[dinoroar]：为所有植物和植物英雄治疗1点生命值。
,
,
,
Ancient Vimpire_flavorText,吸血，一种从历史之初流传至今的上古诅咒。
,
,
,
Ancient Vimpire_longDesc,[aquatic]，[frenzy]\n每当拥有[frenzy]的僵尸消灭一株植物，那只僵尸获得[+2a]/[+2h]。
,
,
,
Ancient Vimpire_name,远古吸血僵尸
,
,
,
Ancient Vimpire_shortDesc,[aquatic]，[frenzy]。每当拥有[frenzy]的僵尸消灭一株植物，那只僵尸获得[+2a]/[+2h]。
,
,
,
Angry Colosseum_flavorText,胡须纪念碑的传说，引领僵尸探索者发现了古老的斗技场。
,
,
,
Angry Colosseum_longDesc,[frenzy]\n[springboard]：对这张牌打出的僵尸获得[+2a]/[+3h]和[frenzy]。
,
,
,
Angry Colosseum_name,失落的斗技场
,
,
,
Angry Colosseum_shortDesc,[frenzy]。[springboard]：对这张牌打出的僵尸获得[+2a]/[+3h]和[frenzy]。
,
,
,
Ankylosaurus Rider_flavorText,在探索空心地球丛林之余，它俩喜欢一起打棒球。
,
,
,
Ankylosaurus Rider_longDesc,[dinoroar]：对随机一株植物或植物英雄造成2点伤害。
,
,
,
Ankylosaurus Rider_name,甲龙
,
,
,
Ankylosaurus Rider_shortDesc,[dinoroar]：对随机一株植物或植物英雄造成2点伤害。
,
,
,
Apotatosaurus_flavorText,有些土豆是美食；还有些是恐龙。
,
,
,
Apotatosaurus_heraldFighter,由土豆迷惑龙召唤
,
,
,
Apotatosaurus_heraldTrick,由土豆迷惑龙召唤
,
,
,
Apotatosaurus_longDesc,[untrickable]\n打出：[conjure]一株根茎。\n[dinoroar]：这张牌获得[+1a]/[+1h]。
,
,
,
Apotatosaurus_name,土豆迷惑龙
,
,
,
Apotatosaurus_shortDesc,[untrickable]。[conjure]一株根茎。[dinoroar]：获得[+1a]/[+1h]。
,
,
,
Apple Saucer_flavorText,警惕的类星体巫师有时候会发现一只不明水果物。
,
,
,
Apple Saucer_longDesc,打出：如果你在本回合至少获得[6s]，使其获得[strikethrough]。
,
,
,
Apple Saucer_name,苹果飞碟
,
,
,
Apple Saucer_shortDesc,打出：如果你在本回合获得至少[6s]，使其获得[strikethrough]。
,
,
,
AppOutOfDate_ThanksForPlaying_Header,感谢支持！
,
,
,
AppOutOfDate_ThanksForPlaying_Message,欢迎留意接下来的更新！
,
,
,
Artillery World_flavorText,僵尸登上月亮了？很多人相信这只是阴谋论，然而，证据就在这儿。
,
,
,
Artillery World_longDesc,这里的僵尸获得超越3。
,
,
,
Artillery World_name,月球基地Z
,
,
,
Artillery World_shortDesc,这里的僵尸获得超越3。
,
,
,
ASSET_BUNDLE_DOWNLOAD_CONFIRM,继续下载
,
,
,
ASSET_BUNDLE_DOWNLOAD_CONFIRM2,继续下载
,
,
,
ASSET_BUNDLE_DOWNLOAD_ERROR_TEXT,连接错误。\n请检查您的网络连接并重试。
,
,
,
ASSET_BUNDLE_DOWNLOAD_LOADING_TEXT,正在下载
,
,
,
ASSET_BUNDLE_DOWNLOAD_SUBTEXT,（戴上耳机可享受最佳体验！）
,
,
,
ASSET_BUNDLE_DOWNLOAD_SUBTEXT_PC,戴上耳机可享受最佳体验
,
,
,
ASSET_BUNDLE_DOWNLOAD_UPDATE_CHECK,正在查看更新
,
,
,
ASSET_BUNDLE_DOWNLOAD_WARNING,正在下载更多超赞内容！建议连接至WiFi。
,
,
,
ASSET_BUNDLE_DOWNLOAD_WARNING2,正在下载更多超赞内容！\n建议连接至WiFi。
,
,
,
ASSET_BUNDLE_DOWNLOAD_WARNING2_PC,正在下载更多超赞内容！
,
,
,
Astrocado Pit_flavorText,被击败时以果核作为替身。
,
,
,
Astrocado Pit_heraldFighter,由星际鳄梨果核变形而成
,
,
,
Astrocado Pit_longDesc,回合开始：把这株植物变为一只星际鳄梨。
,
,
,
Astrocado Pit_name,星际鳄梨果核
,
,
,
Astrocado Pit_shortDesc,回合开始：把这株植物变为一只星际鳄梨。
,
,
,
Astrocado_flavorText,“妈妈咪呀！”
,
,
,
Astrocado_longDesc,[strikethrough]\n被消灭： 获得一个[linkastrocadopit]。
,
,
,
Astrocado_name,星际鳄梨
,
,
,
Astrocado_shortDesc,[strikethrough]。被消灭：获得一个[linkastrocadopit]。
,
,
,
Astroshroom_flavorText,他与很多较小的星体有过几次很棒的会面。他们真的让人眼前一亮。
,
,
,
Astroshroom_longDesc,[truestrike]\n当你打出植物时，对僵尸英雄造成1点伤害。
,
,
,
Astroshroom_name,星际蘑菇
,
,
,
Astroshroom_shortDesc,[truestrike]。当你打出植物时，对僵尸英雄造成1点伤害。
,
,
,
Astrovera_flavorText,你的英雄感觉棒极了。你的皮肤也是。
,
,
,
Astrovera_longDesc,打出：你的英雄的最大[h]增加10。为你的英雄恢复10。
,
,
,
Astrovera_name,星际芦荟
,
,
,
Astrovera_shortDesc,你的英雄的最大[h]增加10。为你的英雄治疗10点生命值。
,
,
,
Atomic Bombegranate_flavorText,记住：切忌分割水果。哦，等等，切水果没什么问题啦，是切忌分割原子才对。
,
,
,
Atomic Bombegranate_heraldFighter,由原子手雷创造
,
,
,
Atomic Bombegranate_longDesc,被摧毁时：在此处和邻近位置制造幼苗。
,
,
,
Atomic Bombegranate_name,原子手雷
,
,
,
Atomic Bombegranate_shortDesc,被摧毁时：在此处和邻近位置制造幼苗。
,
,
,
AUTO_FILL,自动填写
,
,
,
b0d7a262-e918-4987-b99a-5ae2312b8d7d_flavorText,热度惊人、充满电能。疼死个人了。
,
,
,
b0d7a262-e918-4987-b99a-5ae2312b8d7d_longDesc,对一只僵尸造成5点伤害。
,
,
,
b0d7a262-e918-4987-b99a-5ae2312b8d7d_name,太阳风暴
,
,
,
b0d7a262-e918-4987-b99a-5ae2312b8d7d_shortDesc,对一只僵尸造成5点伤害。
,
,
,
b3533249-9947-4f7c-b98f-7609a5151df3_flavorText,他是方桌骑士议会的秘书长兼财务主管。
,
,
,
b3533249-9947-4f7c-b98f-7609a5151df3_longDesc,[armored=2]
,
,
,
b3533249-9947-4f7c-b98f-7609a5151df3_name,活死人骑士
,
,
,
b3533249-9947-4f7c-b98f-7609a5151df3_shortDesc,[armored=2]
,
,
,
b3e3f82a-4e46-4610-9a55-4fb06b26dd3f_flavorText,下午5点后就别喝了，否则会通宵失眠的。
,
,
,
b3e3f82a-4e46-4610-9a55-4fb06b26dd3f_longDesc,一株植物额外攻击三次。
,
,
,
b3e3f82a-4e46-4610-9a55-4fb06b26dd3f_name,咖啡豆狂欢
,
,
,
b3e3f82a-4e46-4610-9a55-4fb06b26dd3f_shortDesc,一株植物额外攻击三次。
,
,
,
b527676a-df7a-4e75-8b93-f93a92c0fd4d_flavorText,虽然臭了点，但是效果显著。随便问一株植物就知道了。
,
,
,
b527676a-df7a-4e75-8b93-f93a92c0fd4d_longDesc,一株植物获得[+4a]/[+4h]。
,
,
,
b527676a-df7a-4e75-8b93-f93a92c0fd4d_name,施肥
,
,
,
b527676a-df7a-4e75-8b93-f93a92c0fd4d_shortDesc,一株植物获得[+4a]/[+4h]。
,
,
,
b718e4c9-998d-445c-b197-d6ae03e61c30_flavorText,似乎比投巨尸的小鬼好多了。
,
,
,
b718e4c9-998d-445c-b197-d6ae03e61c30_heraldFighter,由投小鬼的巨尸创造
,
,
,
b718e4c9-998d-445c-b197-d6ae03e61c30_longDesc,受到伤害：在一条随机线上召唤一只[1a]/[1h]且[aquatic]的水兵僵尸。
,
,
,
b718e4c9-998d-445c-b197-d6ae03e61c30_name,投小鬼的巨尸
,
,
,
b718e4c9-998d-445c-b197-d6ae03e61c30_shortDesc,受到伤害：在一条随机线上召唤一只[1a]/[1h]且[aquatic]的水兵僵尸。
,
,
,
b718e4c9-998d-445c-b197-d6ae03e61c30_Targeting,选择一个位置来召唤一只[1a]/[1h]的[aquatic]水兵僵尸。
,
,
,
b7b20765-f67c-488a-8b98-ad4eaa11c900_flavorText,除掉僵尸的好办法。
,
,
,
b7b20765-f67c-488a-8b98-ad4eaa11c900_longDesc,一只僵尸获得[-2a]/[-2h]。
,
,
,
b7b20765-f67c-488a-8b98-ad4eaa11c900_name,杂草出击
,
,
,
b7b20765-f67c-488a-8b98-ad4eaa11c900_shortDesc,一只僵尸获得[-2a]/[-2h]。
,
,
,
b7c9550b-bce2-494f-af9a-1588dca7389d_flavorText,他的书皮上全是超尸的贴纸。
,
,
,
b7c9550b-bce2-494f-af9a-1588dca7389d_longDesc,狂暴。打出时：恢复3点生命值。然后你的英雄每有1点生命值，这获得+1生命值。
,
,
,
b7c9550b-bce2-494f-af9a-1588dca7389d_name,英雄脑残粉
,
,
,
b7c9550b-bce2-494f-af9a-1588dca7389d_shortDesc,狂暴。打出时：恢复3点生命值。然后你的英雄每有1点生命值，这获得+1生命值。
,
,
,
b8299cd4-ab57-4484-8dd7-9b5c0a61a0bd_flavorText,“领导的肩上责任重，船长的帽子也不轻。”
,
,
,
b8299cd4-ab57-4484-8dd7-9b5c0a61a0bd_longDesc,[aquatic]，[teamup]\n当你打出豆子时，对僵尸英雄造成2点伤害。
,
,
,
b8299cd4-ab57-4484-8dd7-9b5c0a61a0bd_name,海军上将豆
,
,
,
b8299cd4-ab57-4484-8dd7-9b5c0a61a0bd_shortDesc,[aquatic]，[teamup]。当你打出豆子时，对僵尸英雄造成2点伤害。
,
,
,
b895626f-aeed-45d6-984c-6b8862485c00_longDesc,
,
,
,
b895626f-aeed-45d6-984c-6b8862485c00_name,健康坚果
,
,
,
b895626f-aeed-45d6-984c-6b8862485c00_shortDesc,
,
,
,
b9c74538-3006-479c-8dff-5d7a845b6f36_longDesc,打出：\n抽两张牌。
,
,
,
b9c74538-3006-479c-8dff-5d7a845b6f36_name,拟态土豆
,
,
,
b9c74538-3006-479c-8dff-5d7a845b6f36_shortDesc,抽两张牌。
,
,
,
ba910304-5208-414a-b2e4-e51059c8201d_flavorText,4颗鸡蛋，2杯面粉，10根TNT炸药。
,
,
,
ba910304-5208-414a-b2e4-e51059c8201d_longDesc,对一株植物造成4点伤害。
,
,
,
ba910304-5208-414a-b2e4-e51059c8201d_name,蛋糕炸弹
,
,
,
ba910304-5208-414a-b2e4-e51059c8201d_shortDesc,对一株植物造成4点伤害。
,
,
,
BAD,*<indent=5%>包含基础套牌中的3张常见牌</indent>\n\n<align=center>在任务和对战比赛中获得金币！\n已收集的白银套牌： {cardSetCollectedCounter:Silver}</align>
,
,
,
Bad Moon Rising_flavorText,有时候，满月会将普通的噩梦变成真正的梦魇。
,
,
,
Bad Moon Rising_heraldFighter,由邪月当空变形而成
,
,
,
Bad Moon Rising_longDesc,把所有僵尸随机变为花费[5b]或以上的僵尸。
,
,
,
Bad Moon Rising_name,邪月当空
,
,
,
Bad Moon Rising_shortDesc,把所有僵尸随机变为花费[5b]或以上的僵尸。
,
,
,
BAD_6C,*<indent=5%>包含基础套牌中的6张常见牌</indent>\n\n<align=center>在任务和对战比赛中获得金币！\n已收集的白银套牌： {cardSetCollectedCounter:Silver}</align>
,
,
,
BAH,基础组合包
,
,
,
BAH_GEMS,基础组合包（宝石）
,
,
,
BAH_SILVER,基础组合包（银币）
,
,
,
Bamboozle_flavorText,只有在植物高度进化的空心地球，你才可能被一棵树骗到。
,
,
,
Bamboozle_longDesc,[plantevolution]：抽两张牌。
,
,
,
Bamboozle_name,整人竹
,
,
,
Bamboozle_shortDesc,[plantevolution]：抽两张牌。
,
,
,
Banana Launcher_flavorText,他只知道一个词。但是个好词。 
,
,
,
Banana Launcher_longDesc,回合开始：获得一个[linkbananabomb]。
,
,
,
Banana Launcher_name,香蕉发射者
,
,
,
Banana Launcher_shortDesc,回合开始：获得一个[linkbananabomb]。
,
,
,
Banana Peel_flavorText,一场僵尸们始料不及的滑稽闹剧。
,
,
,
Banana Peel_heraldFighter,由香蕉皮召唤
,
,
,
Banana Peel_heraldTrick,由香蕉皮召唤
,
,
,
Banana Peel_longDesc,移动一个僵尸。创造一个水果。
,
,
,
Banana Peel_name,香蕉皮
,
,
,
Banana Peel_shortDesc,移动一个僵尸。创造一个水果。
,
,
,
Banana Peel_Targeting,选择一个位置来移动这只僵尸。
,
,
,
Banana Split_flavorText,“我不想吹牛，但是整天都在满是冰淇淋的浴缸里享受……如果能得到这份工作的话，是挺不错的。”
,
,
,
Banana Split_heraldFighter,由香蕉分身创造
,
,
,
Banana Split_longDesc,被消灭：在相邻线上召唤两个[linkhalfbananas]。
,
,
,
Banana Split_name,香蕉分身
,
,
,
Banana Split_shortDesc,被消灭：在相邻线上召唤两个[linkhalfbananas]。
,
,
,
Barbarous Barber_flavorText,海妖决心找到空心地球的每个胡须纪念碑，并带来了专家。
,
,
,
Barbarous Barber_heraldFighter,由怪鸭僵尸召唤
,
,
,
Barbarous Barber_heraldTrick,由怪鸭僵尸召唤
,
,
,
Barbarous Barber_longDesc,当造成伤害时：创造一个小胡子。小胡子进化：这个获得+3/+3。
,
,
,
Barbarous Barber_name,怪鸭僵尸
,
,
,
Barbarous Barber_shortDesc,当造成伤害时：创造一个小胡子。小胡子进化：这个获得+3/+3。
,
,
,
Barrel of Barrels_flavorText,往一个容器里再放一个容器，容量不就变成两倍了吗！
,
,
,
Barrel of Barrels_heraldFighter,由桶中桶召唤
,
,
,
Barrel of Barrels_heraldTrick,由桶中桶召唤
,
,
,
Barrel of Barrels_longDesc,一只僵尸获得[deadly]。\n[conjure]一个木桶。
,
,
,
Barrel of Barrels_name,僵尸桶中桶
,
,
,
Barrel of Barrels_shortDesc,一只僵尸获得[deadly]。[conjure]一个木桶。
,
,
,
Barrel_of_Deadbeards_flavorText,里面没有猴子，只有僵尸。
,
,
,
Barrel_of_Deadbeards_heraldFighter,由死胡子的木桶创造
,
,
,
Barrel_of_Deadbeards_longDesc,被消灭：对所有植物和僵尸造成1点伤害，然后召唤一只[4a]/[3h]的死胡子船长。
,
,
,
Barrel_of_Deadbeards_name,死胡子的木桶
,
,
,
Barrel_of_Deadbeards_shortDesc,被消灭：对所有植物和僵尸造成1点伤害，然后召唤一只[4a]/[3h]的死胡子船长。
,
,
,
Baseball Zombie_flavorText,冲向本垒、冲向你家，对他来说都是一样一样的。
,
,
,
Baseball Zombie_longDesc,
,
,
,
Baseball Zombie_name,棒球僵尸
,
,
,
Baseball Zombie_shortDesc,
,
,
,
bce69fef-4a03-4e1f-822c-265efc247302_flavorText,还有其他种类的力吗？
,
,
,
bce69fef-4a03-4e1f-822c-265efc247302_longDesc,一只僵尸获得[+3a]。
,
,
,
bce69fef-4a03-4e1f-822c-265efc247302_name,蛮力
,
,
,
bce69fef-4a03-4e1f-822c-265efc247302_shortDesc,一只僵尸获得[+3a]。
,
,
,
bd3f548c-51ca-4f6c-8621-85f0d9b81566_flavorText,形容野草莓最好的词，就是“捉摸不定”。
,
,
,
bd3f548c-51ca-4f6c-8621-85f0d9b81566_longDesc,反英雄 2。打出时：移到随机一个路径。
,
,
,
bd3f548c-51ca-4f6c-8621-85f0d9b81566_name,野草莓
,
,
,
bd3f548c-51ca-4f6c-8621-85f0d9b81566_shortDesc,反英雄 2。打出时：移到随机一个路径。
,
,
,
bef2858d-2bd7-44c9-8ad8-807867aeb06d_flavorText,金窝银窝，滚回狗窝！
,
,
,
bef2858d-2bd7-44c9-8ad8-807867aeb06d_longDesc,随机[bounce]一只僵尸。
,
,
,
bef2858d-2bd7-44c9-8ad8-807867aeb06d_name,龙卷风
,
,
,
bef2858d-2bd7-44c9-8ad8-807867aeb06d_shortDesc,随机[bounce]一只僵尸。
,
,
,
Bellflower_flavorText,她一心只想和小雪花做朋友，但感觉对方对她总是“冷冰冰地”。
,
,
,
Bellflower_longDesc,
,
,
,
Bellflower_name,吊钟花
,
,
,
Bellflower_shortDesc,
,
,
,
BetaCarrotina_bubble_01,我们与植物太空部队在同一阵线。
,
,
,
BetaCarrotina_bubble_02,我们需要你的帮助！
,
,
,
BetaCarrotina_bubble_03,最好往烧烤架上再加点玉米卷！
,
,
,
BetaCarrotina_bubble_04,至尊大王驾到，必需阻止他！
,
,
,
BF_AVAIL,急冻魔盟友包已在商店推出！内含获得3张额外酷炫好牌，包括超稀有牌僵尸雪人！
,
,
,
BF_EXPIRE,别错过酷炫机会！限时急冻魔盟友包即将下架！
,
,
,
bf160ce3-de2e-4ff6-88d4-d295a97fea58_flavorText,这只是超尸和僵尸同伴们分享天上美景的方式。
,
,
,
bf160ce3-de2e-4ff6-88d4-d295a97fea58_longDesc,移动一个僵尸。它获得+1/+1。然后进行一次额外攻击。
,
,
,
bf160ce3-de2e-4ff6-88d4-d295a97fea58_name,带你飞
,
,
,
bf160ce3-de2e-4ff6-88d4-d295a97fea58_shortDesc,移动一个僵尸。它获得+1/+1。然后进行一次额外攻击。
,
,
,
bf160ce3-de2e-4ff6-88d4-d295a97fea58_Targeting,选择一个位置来移动这只僵尸，令其额外攻击一次。
,
,
,
bf85df83-ad0e-4fbb-9c9f-389363c71ac6_flavorText,这样肯定能吸引神游宇航员的注意。
,
,
,
bf85df83-ad0e-4fbb-9c9f-389363c71ac6_heraldFighter,由传我上飞船创造
,
,
,
bf85df83-ad0e-4fbb-9c9f-389363c71ac6_longDesc,召唤一只[2a]/[3h]的神游宇航员僵尸。
,
,
,
bf85df83-ad0e-4fbb-9c9f-389363c71ac6_name,传我上飞船
,
,
,
bf85df83-ad0e-4fbb-9c9f-389363c71ac6_shortDesc,召唤一只[2a]/[3h]的神游宇航员僵尸。
,
,
,
BFD,包含僵尸鸡、猫夫人和超稀有牌僵尸雪人，完美适合急冻魔！
,
,
,
BFD_V2,最适合急冻魔。限购4包！\n*<indent=5%>包含1张僵尸鸡、猫夫人和超稀有牌僵尸雪人</indent>\n*<indent=5%>3张高级套牌中的罕见牌</indent>
,
,
,
bff0d95a-5aa1-4b80-b62c-c98e82f51dee_flavorText,“真的：我身上全是刺，但里面和海绵一样温柔。”
,
,
,
bff0d95a-5aa1-4b80-b62c-c98e82f51dee_longDesc,[truestrike]
,
,
,
bff0d95a-5aa1-4b80-b62c-c98e82f51dee_name,仙人掌
,
,
,
bff0d95a-5aa1-4b80-b62c-c98e82f51dee_shortDesc,[truestrike]
,
,
,
bff2831b-adbe-464d-a19c-021b1730a01d_flavorText,只要耐心点，你会喜欢上他的味道的。 
,
,
,
bff2831b-adbe-464d-a19c-021b1730a01d_longDesc,回合开始：这株植物的力量和生命值加倍。
,
,
,
bff2831b-adbe-464d-a19c-021b1730a01d_name,双倍薄荷
,
,
,
bff2831b-adbe-464d-a19c-021b1730a01d_shortDesc,回合开始：这株植物的力量和生命值加倍。
,
,
,
BFH,急冻魔盟友包
,
,
,
Binary Stars_flavorText,他是双子座的，她也是。这能说明很多事，对吧？
,
,
,
Binary Stars_longDesc,[gravestone]\n你的所有卡牌造成双倍伤害。
,
,
,
Binary Stars_name,双子星
,
,
,
Binary Stars_shortDesc,[gravestone]。你的所有卡牌造成双倍伤害。
,
,
,
Bird of Paradise_flavorText,她的美妙旋律在恐龙的怒吼声中回荡。
,
,
,
Bird of Paradise_heraldFighter,由极乐草召唤
,
,
,
Bird of Paradise_heraldTrick,由极乐草召唤
,
,
,
Bird of Paradise_longDesc,[aquatic]\n回合开始：[conjure]一张超能力。
,
,
,
Bird of Paradise_name,极乐草
,
,
,
Bird of Paradise_shortDesc,[aquatic]。回合开始：[conjure]一张超能力。
,
,
,
Blank Plant_longDesc,
,
,
,
Blank Plant_name,空白植物
,
,
,
Blank Plant_shortDesc,
,
,
,
Blank Zombie_longDesc,
,
,
,
Blank Zombie_name,空白僵尸
,
,
,
Blank Zombie_shortDesc,
,
,
,
BlocksLeft_TapToContinue,看见这三个小点了吗？\n英雄在每场游戏里\n最多超能格挡3次。
,
,
,
Bloom_Common,高级 - 罕见
,
,
,
Bloom_Legendary,高级 - 传说
,
,
,
Bloom_Rare,高级 - 稀有
,
,
,
Bloom_SuperRare,高级 - 超稀有
,
,
,
Blooming Hearts_flavorText,有时我们会伤害我们所爱的人。“绽放之心”深知这一点。
,
,
,
Blooming Hearts_longDesc,当这名队友造成伤害时，获得[+1a]。
,
,
,
Blooming Hearts_name,绽放之心
,
,
,
Blooming Hearts_shortDesc,当这名队友造成伤害时，获得[+1a]。
,
,
,
Blowgun Imp_flavorText,比它的表兄吸箭小鬼混得好多了。
,
,
,
Blowgun Imp_longDesc,[deadly]，[strikethrough]\n[zombieevolution]：弹射一株植物。
,
,
,
Blowgun Imp_name,吹箭小鬼
,
,
,
Blowgun Imp_shortDesc,[deadly]，[strikethrough]。[zombieevolution]：弹射一株植物。
,
,
,
Blowgun Imp_Targeting,选择要[bounce]的植物。
,
,
,
Body Gourd_flavorText,秋天的时候他会兼职做装饰性的餐桌摆件。
,
,
,
Body Gourd_longDesc,[aquatic]，[teamup]\n打出：将你的超能格挡槽充满。
,
,
,
Body Gourd_name,保镖葫芦
,
,
,
Body Gourd_shortDesc,[aquatic]，[teamup]。将你的超能格挡槽充满。
,
,
,
Bonus Track Buckethead_flavorText,他将所有喜爱的歌曲都放进了这张混合磁带中。只需要将它送个对的那只僵尸就可以了。
,
,
,
Bonus Track Buckethead_longDesc,[armored=1]\n植物无法额外攻击。
,
,
,
Bonus Track Buckethead_name,特别收录铁桶僵尸
,
,
,
Bonus Track Buckethead_shortDesc,[armored=1]。植物无法额外攻击。
,
,
,
BONUS_ATTACK_FLOATER,<color=yellow>奖励！</color>
,
,
,
Bouncy Toy_flavorText,对植物有益，确实是。对僵尸有益，完全错！
,
,
,
Bouncy Toy_longDesc,自己线上的[aquatic]植物获得[+2a]。\n自己线上的非[aquatic]僵尸获得[-2a]。
,
,
,
Bouncy Toy_name,启蒙沼泽
,
,
,
Bouncy Toy_shortDesc,自己线上的[aquatic]植物获得[+2a]。自己线上的非[aquatic]僵尸获得[-2a]。
,
,
,
Brain in a Jar_flavorText,只有最优秀和最有脑子的僵尸大学毕业生才能熟练使用超能力。
,
,
,
Brain in a Jar_heraldFighter,由思考尸召唤
,
,
,
Brain in a Jar_heraldTrick,由思考尸召唤
,
,
,
Brain in a Jar_longDesc,[conjure]两个超能力。
,
,
,
Brain in a Jar_name,思考尸
,
,
,
Brain in a Jar_shortDesc,[conjure]两个超能力。
,
,
,
Brain Silo_flavorText,僵尸常常在特定的空间寻找脑子。这个空间往往就是你的两耳之间。
,
,
,
Brain Silo_longDesc,当你在自己线上打出僵尸时，你在本回合获得[+2b]。
,
,
,
Brain Silo_name,脑髓星云
,
,
,
Brain Silo_shortDesc,当你在自己线上打出僵尸时，你在本回合获得[+2b]。
,
,
,
BrainFreeze,急冻魔能带领狡猾和饥饿队友参战。\n\n
,
,
,
BrainFreeze_0,点击任意位置继续！
,
,
,
BrainFreeze_0_PC,点击任意位置继续！
,
,
,
BRAINY,<u>有脑</u>\n他们诡计多端，能获得更多脑子，还有必中效果！\n\n带“有脑”属性的英雄可以英雄使用有脑牌。
,
,
,
Brontosaurus Rider_flavorText,在空心地球深处，女僵尸勇士们驯服了成群的巨大恐龙。历史书上都是这么讲的。
,
,
,
Brontosaurus Rider_longDesc,[aquatic]\n[dinoroar]：这张牌获得[+1a]/[+1h]并消灭自己线上的所有植物。
,
,
,
Brontosaurus Rider_name,巨型雷龙
,
,
,
Brontosaurus Rider_shortDesc,[aquatic]。[dinoroar]：获得[+1a]/[+1h]并消灭自己线上的所有植物。
,
,
,
BUILD_VERSION,版本号{0}
,
,
,
Buried Treasure_flavorText,海妖知道只有一种方法可以刺激入侵的僵尸海盗军团。那就是告诉它们有关秘密宝藏的事情。
,
,
,
Buried Treasure_heraldFighter,由埋藏的宝藏召唤 - 花费减少[1b]
,
,
,
Buried Treasure_heraldTrick,由埋藏的宝藏召唤 - 花费减少[1b]
,
,
,
Buried Treasure_longDesc,[springboard]：[conjure]一张传说牌，其花费减少[1b]。
,
,
,
Buried Treasure_name,埋藏的宝藏
,
,
,
Buried Treasure_shortDesc,[springboard]：[conjure]一张传说牌，其花费减少[1b]。
,
,
,
Button Mushroom_flavorText,大家总是对她说，“你真是个小可爱！”但她不光可爱，也很机灵幽默哦。
,
,
,
Button Mushroom_longDesc,
,
,
,
Button Mushroom_name,草菇
,
,
,
Button Mushroom_shortDesc,
,
,
,
BUTTON_ABOUT,产品说明
,
,
,
BUTTON_CONCEDE,投降
,
,
,
BUTTON_CONTACT_SUPPORT,联系支持
,
,
,
BUTTON_DISABLE,禁用
,
,
,
BUTTON_ENABLE,启用
,
,
,
BUTTON_EULA,最终用户许可协议
,
,
,
BUTTON_FULLSCREEN,全屏
,
,
,
BUTTON_HELP,帮助&产品说明
,
,
,
BUTTON_IMPRESSUM,Impressum
,
,
,
BUTTON_OK,确定
,
,
,
BUTTON_PRIVACY,保密和Cookie协议
,
,
,
BUTTON_QUIT,退出游戏
,
,
,
BUTTON_QUITCONFIRM,您确定要退出吗？
,
,
,
BUTTON_SEND_NOTIFICATIONS,给我发送通知
,
,
,
BUTTON_SETTINGS,设置
,
,
,
BUTTON_TEXT_HOORAY,好耶！
,
,
,
BUTTON_TEXT_NO,否
,
,
,
BUTTON_TEXT_YES,是
,
,
,
BUTTON_TOS,服务条款
,
,
,
BUTTON_TOS_PC,用户协议
,
,
,
BUTTON_USEAGE_SHARING,使用分享
,
,
,
BUTTON_USER_AGREEMENT,用户协议
,
,
,
BUY_ANOTHER,再买一包？
,
,
,
BV,绝对超值
,
,
,
c08bfe63-390d-4d2d-a498-362b37b98abd_flavorText,她喜欢花盆里的生活。不是每株植物都受得了这样，但对她来说这就是家。
,
,
,
c08bfe63-390d-4d2d-a498-362b37b98abd_longDesc,在手牌中：当有植物获得力量或生命值时，这名队友获[+1a]/[+1h]。
,
,
,
c08bfe63-390d-4d2d-a498-362b37b98abd_name,茂盛盆栽
,
,
,
c08bfe63-390d-4d2d-a498-362b37b98abd_shortDesc,在手牌中：当有植物获得力量或生命值时，这名队友获[+1a]/[+1h]。
,
,
,
c0f45f78-f2ca-42ba-9380-41a71a61e518_flavorText,适合用来迷惑敌人，但对肺不太好。
,
,
,
c0f45f78-f2ca-42ba-9380-41a71a61e518_longDesc,移动一只僵尸，使其获得[+1a]。
,
,
,
c0f45f78-f2ca-42ba-9380-41a71a61e518_name,烟雾弹
,
,
,
c0f45f78-f2ca-42ba-9380-41a71a61e518_shortDesc,移动一只僵尸，使其获得[+1a]。
,
,
,
c0f45f78-f2ca-42ba-9380-41a71a61e518_Targeting,选择一个位置来移动这只僵尸，使其获[+1a]。
,
,
,
c1862d23-cabc-4237-9f9b-715069d8afec_flavorText,以假乱真！
,
,
,
c1862d23-cabc-4237-9f9b-715069d8afec_longDesc,抽两张牌。
,
,
,
c1862d23-cabc-4237-9f9b-715069d8afec_name,全息花
,
,
,
c1862d23-cabc-4237-9f9b-715069d8afec_shortDesc,抽两张牌。
,
,
,
c1fa45e8-0d29-4f3a-9e6d-be40e1e82443_flavorText,让僵尸“绞尽脑汁”可是件好事。
,
,
,
c1fa45e8-0d29-4f3a-9e6d-be40e1e82443_longDesc,[aquatic]\n打出：减少僵尸英雄的脑子。
,
,
,
c1fa45e8-0d29-4f3a-9e6d-be40e1e82443_name,食脑蕉
,
,
,
c1fa45e8-0d29-4f3a-9e6d-be40e1e82443_shortDesc,[aquatic]。减少僵尸英雄的脑子。
,
,
,
c2018a7b-9ab7-4c6c-bad7-09b6972d544a_flavorText,他的身子在太空，脑袋早飞到九霄云外。 
,
,
,
c2018a7b-9ab7-4c6c-bad7-09b6972d544a_longDesc,
,
,
,
c2018a7b-9ab7-4c6c-bad7-09b6972d544a_name,神游宇航员
,
,
,
c2018a7b-9ab7-4c6c-bad7-09b6972d544a_shortDesc,
,
,
,
c24eee97-5ec6-4eec-833d-3b3dea0242bb_flavorText,锈铁侠最喜欢缩小植物了。
,
,
,
c24eee97-5ec6-4eec-833d-3b3dea0242bb_longDesc,一株植物获[-3a]。\n抽一张牌。
,
,
,
c24eee97-5ec6-4eec-833d-3b3dea0242bb_name,缩小射线
,
,
,
c24eee97-5ec6-4eec-833d-3b3dea0242bb_shortDesc,一株植物获[-3a]。抽一张牌。
,
,
,
c413724f-ad62-4d45-8b8c-c78dc8f01c2d_flavorText,“免费自助餐？真棒！那我不客气了！”
,
,
,
c413724f-ad62-4d45-8b8c-c78dc8f01c2d_longDesc,打出：消灭自己线上一只[3a]或以下的僵尸。
,
,
,
c413724f-ad62-4d45-8b8c-c78dc8f01c2d_name,大嘴花
,
,
,
c413724f-ad62-4d45-8b8c-c78dc8f01c2d_shortDesc,消灭自己线上一只[3a]或以下的僵尸。
,
,
,
c4e36e6b-abef-496b-9eb7-cdbc3fead0ba_flavorText,给“摇滚”这个词赋予了新含义。
,
,
,
c4e36e6b-abef-496b-9eb7-cdbc3fead0ba_longDesc,消灭一株[2a]或以下的植物。
,
,
,
c4e36e6b-abef-496b-9eb7-cdbc3fead0ba_name,滚石
,
,
,
c4e36e6b-abef-496b-9eb7-cdbc3fead0ba_shortDesc,消灭一株[2a]或以下的植物。
,
,
,
c5355f21-cee7-4c06-9104-48c50f082e42_flavorText,每天要补充大量碳水化合物、蛋白质，还有五杯脑子奶昔。
,
,
,
c5355f21-cee7-4c06-9104-48c50f082e42_longDesc,当有植物出现在自己线上时，这名队友获[+1a]/[+1h]。
,
,
,
c5355f21-cee7-4c06-9104-48c50f082e42_name,掰腕僵尸
,
,
,
c5355f21-cee7-4c06-9104-48c50f082e42_shortDesc,当有植物出现在自己线上时获[+1a]/[+1h]。
,
,
,
c574d894-15cf-42db-a278-4439c8ecee19_flavorText,虽然缺乏幽默感，但他还有态度……和两杆玉米梗炮。
,
,
,
c574d894-15cf-42db-a278-4439c8ecee19_longDesc,打出：对每只僵尸造成4点伤害。
,
,
,
c574d894-15cf-42db-a278-4439c8ecee19_name,玉米上校
,
,
,
c574d894-15cf-42db-a278-4439c8ecee19_shortDesc,对每只僵尸造成4点伤害。
,
,
,
c75c605c-1b68-4e22-9a81-b805932007b6_flavorText,他强劲的节拍，人人都感觉得到。尤其是被震倒的僵尸。
,
,
,
c75c605c-1b68-4e22-9a81-b805932007b6_longDesc,打出：场上每有一张其他植物或僵尸，便获得[+1a]/[+1h]。
,
,
,
c75c605c-1b68-4e22-9a81-b805932007b6_name,DJ甜菜
,
,
,
c75c605c-1b68-4e22-9a81-b805932007b6_shortDesc,场上每有一张其他植物或僵尸，便获得[+1a]/[+1h]。
,
,
,
c7a61f25-67ab-4586-967c-0761d88b8f7d_flavorText,你被静电电到过吗？这个的感觉其实差不多，再乘个亿万倍而已。
,
,
,
c7a61f25-67ab-4586-967c-0761d88b8f7d_longDesc,对一株植物造成3伤害。
,
,
,
c7a61f25-67ab-4586-967c-0761d88b8f7d_name,闪电箭
,
,
,
c7a61f25-67ab-4586-967c-0761d88b8f7d_shortDesc,对一株植物造成3伤害。
,
,
,
c8ea45d6-f8a3-4c3b-bd8f-b9f0ae6c8b4a_flavorText,“为你我的健康……干杯！”
,
,
,
c8ea45d6-f8a3-4c3b-bd8f-b9f0ae6c8b4a_longDesc,当有植物或你的英雄得到治疗时，获得[+2a]/[+2h]。
,
,
,
c8ea45d6-f8a3-4c3b-bd8f-b9f0ae6c8b4a_name,辣椒博士
,
,
,
c8ea45d6-f8a3-4c3b-bd8f-b9f0ae6c8b4a_shortDesc,在植物或你的英雄得到治疗时获得[+2a]/[+2h]。
,
,
,
c9feb4d6-7296-40a8-9304-344410531126_flavorText,报纸媒体死而复生了！
,
,
,
c9feb4d6-7296-40a8-9304-344410531126_longDesc,[gravestone]\n受到伤害：获得[+4a]。
,
,
,
c9feb4d6-7296-40a8-9304-344410531126_name,报纸僵尸
,
,
,
c9feb4d6-7296-40a8-9304-344410531126_shortDesc,[gravestone]。受到伤害：获得[+4a]。
,
,
,
ca81a819-580a-4554-80eb-4095a4c36e5b_flavorText,暗夜菇跟他的蘑菇伙伴们可不是省油的菜。
,
,
,
ca81a819-580a-4554-80eb-4095a4c36e5b_heraldFighter,由膨胀蘑菇创造
,
,
,
ca81a819-580a-4554-80eb-4095a4c36e5b_longDesc,召唤一株[1a]/[1h]且[ambush=2]的毒蘑菇。\n在它线上对一只僵尸造成2点伤害。
,
,
,
ca81a819-580a-4554-80eb-4095a4c36e5b_name,膨胀蘑菇
,
,
,
ca81a819-580a-4554-80eb-4095a4c36e5b_shortDesc,召唤一株[1a]/[1h]且[ambush=2]的毒蘑菇。\n在它线上对一只僵尸造成2点伤害。
,
,
,
cae163ff-5524-47c4-b836-7062fb14b3a0_flavorText,“我的习惯是一天游300圈，每天坚持。”
,
,
,
cae163ff-5524-47c4-b836-7062fb14b3a0_longDesc,[aquatic]，[teamup] 
,
,
,
cae163ff-5524-47c4-b836-7062fb14b3a0_name,健泳菱角
,
,
,
cae163ff-5524-47c4-b836-7062fb14b3a0_shortDesc,[aquatic]，[teamup] 
,
,
,
CALLING_ALL_HEROES,呼唤天下各路英雄！
,
,
,
CalltoAction_0,哎哟乖乖！我们得去找到他们！
,
,
,
CalltoAction_1,英雄！
,
,
,
CalltoAction_2,我要联合所有僵尸英雄，完成我的天才计划！ 
,
,
,
CalltoAction_3,此处请脑补邪恶的笑声！
,
,
,
CalltoAction_4,5000型英雄机器人炸开花的时候…… 
,
,
,
CalltoAction_5,……能量波分散到世界各地，把植物和僵尸变成了……
,
,
,
CalltoAction_6,这下好戏开场了！
,
,
,
CalltoAction_7,点击任意位置继续！
,
,
,
CalltoAction_7_PC,点击任意位置继续！
,
,
,
CAMPAIGN_PLANT_001_TITLE,1) 无穷小子过山车
,
,
,
CAMPAIGN_PLANT_002_TITLE,2) 垃圾场埋伏战！
,
,
,
CAMPAIGN_PLANT_003_TITLE,3) 冰尸时代
,
,
,
CAMPAIGN_PLANT_004_TITLE,4) 小鬼总动员！
,
,
,
CAMPAIGN_PLANT_005_TITLE,5) 当心巫尸
,
,
,
CAMPAIGN_PLANT_006_TITLE,6) 进击的触手！
,
,
,
CAMPAIGN_PLANT_007_TITLE,7) 迪斯科斗舞
,
,
,
CAMPAIGN_PLANT_008_TITLE,8) 僵尸城末日！
,
,
,
CAMPAIGN_PLANT_009_TITLE,9) 腰带争夺战
,
,
,
CAMPAIGN_PLANT_010_TITLE,10) 报名僵尸大学
,
,
,
CAMPAIGN_PLANT_011_TITLE,11) 邪恶机甲崛起
,
,
,
CAMPAIGN_PLANT_012_TITLE,12) 冰冻僵尸！
,
,
,
CAMPAIGN_PLANT_013_TITLE,13) 僵尸入门
,
,
,
CAMPAIGN_PLANT_014_TITLE,14) 她来自海洋
,
,
,
CAMPAIGN_PLANT_015_TITLE,15) 闹鬼庄园
,
,
,
CAMPAIGN_PLANT_016_TITLE,16) 无穷小子回来了！
,
,
,
CAMPAIGN_PLANT_017_TITLE,17) 后院大乱斗
,
,
,
CAMPAIGN_PLANT_018_TITLE,18) 回到僵尸城
,
,
,
CAMPAIGN_PLANT_019_TITLE,19) 迪斯科地狱！
,
,
,
CAMPAIGN_PLANT_020_TITLE,20) 垃圾场决战
,
,
,
CAMPAIGN_PLANT_021_TITLE,21) 小鬼复生！ 
,
,
,
CAMPAIGN_PLANT_022_TITLE,22) 墓碑困局
,
,
,
CAMPAIGN_PLANT_023_TITLE,23) 麻烦的破机器！
,
,
,
CAMPAIGN_PLANT_024_TITLE,24) 恐怖冷故事
,
,
,
CAMPAIGN_PLANT_025_TITLE,25) 海滨怪事
,
,
,
CAMPAIGN_PLANT_026_TITLE,26) 霹雳舞王霹雳舞
,
,
,
CAMPAIGN_PLANT_027_TITLE,27) 教授的难题 
,
,
,
CAMPAIGN_PLANT_028_TITLE,28) 进击的摔跤狂人
,
,
,
CAMPAIGN_PLANT_029_TITLE,29) 超尸再度翱翔！
,
,
,
CAMPAIGN_PLANT_030_TITLE,30) 小鬼+机器=大麻烦！
,
,
,
CAMPAIGN_PLANT_031_TITLE,31) 生死摇摆舞
,
,
,
CAMPAIGN_PLANT_032_TITLE,32) 小鬼来袭！
,
,
,
CAMPAIGN_PLANT_033_TITLE,33) 深渊末日
,
,
,
CAMPAIGN_PLANT_034_TITLE,34) 大闹工厂！
,
,
,
CAMPAIGN_PLANT_035_TITLE,35) 谁来阻止超级僵尸？
,
,
,
CAMPAIGN_PLANT_036_TITLE,36) 摔跤狂出战！
,
,
,
CAMPAIGN_PLANT_037_TITLE,37) 透心凉！
,
,
,
CAMPAIGN_PLANT_038_TITLE,38) 魔女的沸腾大锅！
,
,
,
CAMPAIGN_PLANT_039_TITLE,39) 锈铁侠的复仇！
,
,
,
CAMPAIGN_PLANT_040_TITLE,40) 脑子有危险！
,
,
,
CAMPAIGN_REDEVENT_TITLE,(任务)<sup>RED</sup>警报
,
,
,
CAMPAIGN_ZOMBIE_001_TITLE,1) 烧烤大战
,
,
,
CAMPAIGN_ZOMBIE_002_TITLE,2) 山洞大偷袭
,
,
,
CAMPAIGN_ZOMBIE_003_TITLE,3) 温室里的怪物！
,
,
,
CAMPAIGN_ZOMBIE_004_TITLE,4) 橙色警报！香橼猎手来袭！
,
,
,
CAMPAIGN_ZOMBIE_005_TITLE,5) 游戏厅大战
,
,
,
CAMPAIGN_ZOMBIE_006_TITLE,6) 终点冲刺
,
,
,
CAMPAIGN_ZOMBIE_007_TITLE,7) 山羊成灾！
,
,
,
CAMPAIGN_ZOMBIE_008_TITLE,8) 恐怖火山！
,
,
,
CAMPAIGN_ZOMBIE_009_TITLE,9) 迷你高尔夫对决
,
,
,
CAMPAIGN_ZOMBIE_010_TITLE,10) 蘑菇出击！
,
,
,
CAMPAIGN_ZOMBIE_011_TITLE,11) 岩浆困境
,
,
,
CAMPAIGN_ZOMBIE_012_TITLE,12) 砰砰大乱斗 
,
,
,
CAMPAIGN_ZOMBIE_013_TITLE,13) 蘑菇闹翻天！
,
,
,
CAMPAIGN_ZOMBIE_014_TITLE,14) 拳逢敌手
,
,
,
CAMPAIGN_ZOMBIE_015_TITLE,15) 猛攻城堡
,
,
,
CAMPAIGN_ZOMBIE_016_TITLE,16) 爆破土豆出击！
,
,
,
CAMPAIGN_ZOMBIE_017_TITLE,17) 霸王大嘴花回归！
,
,
,
CAMPAIGN_ZOMBIE_018_TITLE,18) 飞向月球！
,
,
,
CAMPAIGN_ZOMBIE_019_TITLE,19) 游戏开始！点燃烈焰！
,
,
,
CAMPAIGN_ZOMBIE_020_TITLE,20) 垂暮暗影
,
,
,
CAMPAIGN_ZOMBIE_021_TITLE,21) 坚不可摧的坚果
,
,
,
CAMPAIGN_ZOMBIE_022_TITLE,22) 火力全开
,
,
,
CAMPAIGN_ZOMBIE_023_TITLE,23) 道场遇险
,
,
,
CAMPAIGN_ZOMBIE_024_TITLE,24) 僵尸的味道
,
,
,
CAMPAIGN_ZOMBIE_025_TITLE,25) 小心火爆队长 
,
,
,
CAMPAIGN_ZOMBIE_026_TITLE,26) 必须阻止那颗土豆！
,
,
,
CAMPAIGN_ZOMBIE_027_TITLE,27) 拳王菜的还击
,
,
,
CAMPAIGN_ZOMBIE_028_TITLE,28) 月下狂热！
,
,
,
CAMPAIGN_ZOMBIE_029_TITLE,29) 豌豆射手之影
,
,
,
CAMPAIGN_ZOMBIE_030_TITLE,30) 棘手的麻烦
,
,
,
CAMPAIGN_ZOMBIE_031_TITLE,31) 劫掠种子城
,
,
,
CAMPAIGN_ZOMBIE_032_TITLE,32) 与众不同的骑士
,
,
,
CAMPAIGN_ZOMBIE_033_TITLE,33) 土豆仔大爆炸
,
,
,
CAMPAIGN_ZOMBIE_034_TITLE,34) 暗夜菇的陷阱
,
,
,
CAMPAIGN_ZOMBIE_035_TITLE,35) 玫瑰的力量
,
,
,
CAMPAIGN_ZOMBIE_036_TITLE,36) 大嘴巴！大麻烦！
,
,
,
CAMPAIGN_ZOMBIE_037_TITLE,37) 火山亡命之旅
,
,
,
CAMPAIGN_ZOMBIE_038_TITLE,38) 教训植物！
,
,
,
CAMPAIGN_ZOMBIE_039_TITLE,39) 大胆玩火
,
,
,
CAMPAIGN_ZOMBIE_040_TITLE,40) 活剥那颗橘子！
,
,
,
Captain Cucumber_flavorText,他带领他的船员们渡过了许多困境。
,
,
,
Captain Cucumber_heraldFighter,由黄瓜队长召唤
,
,
,
Captain Cucumber_heraldTrick,由黄瓜队长召唤
,
,
,
Captain Cucumber_longDesc,你[conjure]的卡牌花费减少[1s]。\n当这张牌造成伤害时，[conjure]一张传说卡牌。
,
,
,
Captain Cucumber_name,黄瓜队长
,
,
,
Captain Cucumber_shortDesc,你[conjure]的卡牌花费减少[1s]。当这张牌造成伤害时，[conjure]一张传说卡牌。
,
,
,
Captain_Deadbeard_flavorText,你的胡子才被卷进烤箱那么一次，大家就再也放不下这事……
,
,
,
Captain_Deadbeard_from_Barrel_flavorText,哟呵呵！他可要好好享受海盗的死后生活！
,
,
,
Captain_Deadbeard_from_Barrel_longDesc,
,
,
,
Captain_Deadbeard_from_Barrel_name,死胡子船长
,
,
,
Captain_Deadbeard_from_Barrel_shortDesc,
,
,
,
Captain_Deadbeard_longDesc,所有海盗都具有穿透。
,
,
,
Captain_Deadbeard_name,焚面船长
,
,
,
Captain_Deadbeard_shortDesc,所有海盗都具有穿透。
,
,
,
Carbeanite_flavorText,“跟墓碑会面的机会？别跟我讲奇怪的故事！”
,
,
,
Carbeanite_longDesc,打出： [freeze]所有墓碑。
,
,
,
Carbeanite_name,酷酷豆
,
,
,
Carbeanite_shortDesc,[freeze]所有墓碑。
,
,
,
CARD_ADD,添加
,
,
,
CARD_INFO,信息
,
,
,
CARD_REMOVE,移除
,
,
,
Cardboard Robot Zombie_flavorText,他是锈铁侠的最铁杆粉丝。 
,
,
,
Cardboard Robot Zombie_longDesc,
,
,
,
Cardboard Robot Zombie_name,纸板机器人僵尸
,
,
,
Cardboard Robot Zombie_shortDesc,
,
,
,
CARDCHASE_DAVE_1,嘿，邻居，是我，\n狂欢戴夫！因为这顶帽子，你或许没认出来我。
,
,
,
CARDCHASE_DAVE_2,欢迎来到每周活动！在游戏中获胜即可获得票券！收集票券以赢得特殊卡牌！
,
,
,
CARDCHASE_DAVE_3,想要额外票券吗？首先，确保你的提升药剂已满，然后带领你在此处看到属性的英雄赢得比赛。
,
,
,
CARDCHASE_DAVE_4,耶！你的票券数量将会倍增！更多票券意味着更多卡牌！更多卡牌意味着更加令人尊敬！
,
,
,
CASUAL_BODY,来一场小小的友谊赛，磨练你的技巧！
,
,
,
CASUAL_BUTTON,休闲
,
,
,
CASUAL_TITLE,休闲对战
,
,
,
CC_AVAIL,火爆队长盟友包已在商店推出！内含3张卡牌，包括咖啡因超标的超稀有牌咖啡豆狂欢！
,
,
,
CC_EXPIRE,限时火爆队长盟友包即将下架！点燃斗志！
,
,
,
cc450c95-a3e4-4e82-852a-ad5e414e418f_flavorText,没什么能比鬼上身更能让僵尸振奋的了。
,
,
,
cc450c95-a3e4-4e82-852a-ad5e414e418f_longDesc,一只僵尸获得[+2h]和[frenzy]。
,
,
,
cc450c95-a3e4-4e82-852a-ad5e414e418f_name,附身
,
,
,
cc450c95-a3e4-4e82-852a-ad5e414e418f_shortDesc,一只僵尸获得[+2h]和[frenzy]。
,
,
,
CCD,包含野草莓、黑眼豌豆和超稀有牌咖啡豆狂欢，完美适合火爆队长！
,
,
,
CCD_V2,最适合火爆队长。限购4包！\n*<indent=5%>包含1张野草莓、黑眼豌豆和超稀有牌咖啡豆狂欢</indent>\n*<indent=5%>3张高级套牌中的罕见牌</indent>
,
,
,
CCH,火爆队长盟友包
,
,
,
ce776ea5-8e2a-479c-84af-510ab2488a52_flavorText,这些地方她全都登顶过：珠穆朗玛峰、乔戈里峰、你家房子。
,
,
,
ce776ea5-8e2a-479c-84af-510ab2488a52_longDesc,[truestrike]\n在高地打出：获得[+2a]/[+2h]。
,
,
,
ce776ea5-8e2a-479c-84af-510ab2488a52_name,登山僵尸
,
,
,
ce776ea5-8e2a-479c-84af-510ab2488a52_shortDesc,[truestrike]。在高地上时获[+2a]/[+2h]。
,
,
,
cf645429-7b8f-40cc-8062-64f898b2014e_flavorText,他并不是爱过，只是喜欢绑着布料的棒子。
,
,
,
cf645429-7b8f-40cc-8062-64f898b2014e_longDesc,僵尸的花费减少[1b]。
,
,
,
cf645429-7b8f-40cc-8062-64f898b2014e_name,举旗僵尸
,
,
,
cf645429-7b8f-40cc-8062-64f898b2014e_shortDesc,僵尸的花费减少[1b]。
,
,
,
cfae2c13-bf3a-4af7-b636-83ee34e10e8b_flavorText,植物的一小步，植物界的一大步！
,
,
,
cfae2c13-bf3a-4af7-b636-83ee34e10e8b_longDesc,一株植物获得[+1a]/[+1h]。
,
,
,
cfae2c13-bf3a-4af7-b636-83ee34e10e8b_name,鼓舞
,
,
,
cfae2c13-bf3a-4af7-b636-83ee34e10e8b_shortDesc,一株植物获得[+1a]/[+1h]。
,
,
,
CH_AVAIL,特爱咬人的超稀有牌大嘴花现已加入限时霸王大嘴花盟友包！
,
,
,
CH_EXPIRE,限时霸王大嘴花盟友包即将下架！瞧瞧它的大牙齿！
,
,
,
CHD,包含鞭藤、史上第二的玉米卷和超稀有牌大嘴花，完美适合霸王大嘴花！
,
,
,
CHD_V2,最适合霸王大嘴花。限购4包！\n*<indent=5%>包含1张鞭藤、史上第二的玉米卷和超稀有牌大嘴花</indent>\n*<indent=5%>3张高级套牌中的罕见牌</indent>
,
,
,
Cheating_Zombie_longDesc,抽5张牌。为你的英雄治疗20点生命值。获得30点阳光。\n然后消灭这张牌。现在上吧！
,
,
,
Cheating_Zombie_name, 0 作弊僵尸 0 
,
,
,
Cheating_Zombie_shortDesc,抽5张牌。为你的英雄治疗20点生命值。获得30点阳光。然后消灭这张牌。
,
,
,
Cheese Cutter_flavorText,这是陈年乳酪的精致香气，还是腐烂的肉发出的？
,
,
,
Cheese Cutter_heraldFighter,由奶酪切片器召唤 - 花费减少[1b]
,
,
,
Cheese Cutter_heraldTrick,由奶酪切片器召唤 - 花费减少[1b]
,
,
,
Cheese Cutter_longDesc,当这张牌对植物英雄造成伤害：[conjure]一张美食家牌，其花费减少[1b]。
,
,
,
Cheese Cutter_name,奶酪切片器
,
,
,
Cheese Cutter_shortDesc,当这张牌对植物英雄造成伤害：[conjure]一张美食家牌，其花费减少[1b]。
,
,
,
CHH,霸王大嘴花盟友包
,
,
,
Chomper,霸王大嘴花能带领猛长和光能队友参战。\n\n
,
,
,
Chomper_0,点击任意位置继续！
,
,
,
Chomper_0_PC,点击任意位置继续！
,
,
,
CHOOSE_A_FACTION,植物还是僵尸？\n选一边吧！
,
,
,
CHOOSE_A_MODE,选择模式！
,
,
,
CHOOSE_HERO,选择\n英雄
,
,
,
CHOOSE_YOUR_HERO,选择你的英雄！
,
,
,
CI_AVAIL,跳跳豆、刺梨和超稀有的大头植物食脑蕉现已加入限时香橼猎手盟友包！
,
,
,
CI_EXPIRE,限时香橼猎手盟友包即将下架！内含滑溜溜、超稀有的食脑蕉！ 
,
,
,
CID,包含跳跳豆、刺梨和超稀有牌食脑蕉，完美适合香橼猎手！
,
,
,
CID_V2,最适合香橼猎手。限购4包！\n*<indent=5%>包含1张跳跳豆、刺梨和超稀有牌食脑蕉</indent>\n*<indent=5%>3张高级套牌中的罕见牌</indent>
,
,
,
CIH,香橼猎手盟友包
,
,
,
Citron,香橼猎手能带领守卫和聪明队友参战。\n\n
,
,
,
Citron_0,点击任意位置继续！
,
,
,
Citron_0_PC,点击任意位置继续！
,
,
,
CLASS_TUTORIAL_1,每种属性的牌都有自己\n独特的玩法风格…… 
,
,
,
CLASS_TUTORIAL_2,……而每个英雄都能带领\n两种属性的牌！\n去看看吧！
,
,
,
Clique Peas_flavorText,每个星期三我们都戴太阳镜。
,
,
,
Clique Peas_longDesc,打出：将两张豌豆帮洗入你的牌组。在剩余游戏时间中，所有豌豆帮获得[+1a]/[+1h]和花费[+1s]。
,
,
,
Clique Peas_name,豌豆帮
,
,
,
Clique Peas_shortDesc,将两张豌豆帮洗入你的牌组。在剩余游戏时间中，所有豌豆帮获得[+1a]/[+1h]和花费[+1s]。
,
,
,
CLOSE,关闭
,
,
,
Cob Cannon_flavorText,他给自己的惊人火力起了个简短响亮的口号：“同一个团队，同一个梦想。”
,
,
,
Cob Cannon_longDesc,打出：自己和相邻线上的僵尸获得[-1a]/[-1h]。\n[teamupevolution]：消灭一只僵尸。
,
,
,
Cob Cannon_name,玉米大炮
,
,
,
Cob Cannon_shortDesc,自己和相邻线上的僵尸获得[-1a]/[-1h]。[teamupevolution]：消灭一只僵尸。
,
,
,
Cob Cannon_Targeting,选择要消灭的僵尸。
,
,
,
CoffeeGrounds_flavorText,对僵尸展开额外攻击的确能令人精神抖擞。好吧，咖啡也可以。
,
,
,
CoffeeGrounds_longDesc,自己线上的植物获得[doublestrike]。
,
,
,
CoffeeGrounds_name,咖啡渣
,
,
,
CoffeeGrounds_shortDesc,自己线上的植物获得[doublestrike]。
,
,
,
COLLECT_REWARDS,收集
,
,
,
COLLECTION_COLLECTION,收藏
,
,
,
COLLECTION_DECKS,牌组
,
,
,
COLLECTION_HEROES,英雄
,
,
,
COLLECTION_PLANTS,植物
,
,
,
COLLECTION_SEARCH_NO_RESULTS,没有找到结果
,
,
,
COLLECTION_ZOMBIES,僵尸
,
,
,
Color_Brainy,有脑
,
,
,
Color_Guardian,守卫
,
,
,
Color_Hearty,健壮
,
,
,
Color_Hungry,猛兽
,
,
,
Color_Kabloom,爆花
,
,
,
Color_Madcap,疯狂
,
,
,
Color_MegaGro,猛长
,
,
,
Color_Smarty,聪明
,
,
,
Color_Sneaky,狡猾
,
,
,
Color_Solar,光能
,
,
,
COLOR_WORKS_WITH,这些英雄可以使用该属性的牌：
,
,
,
Colossal_Legendary,巨大 - 传说
,
,
,
Colossal_Rare,巨大 - 稀有
,
,
,
Colossal_SuperRare,巨大 - 超稀有
,
,
,
Colossal_Uncommon,巨大 - 罕见
,
,
,
COMBAT_PHASE,开战！
,
,
,
CombatTutorial_1,这株植物有1点生命值，\n所以能承受1点伤害。
,
,
,
CombatTutorial_2,这只僵尸有1点力量，\n所以能造成1点伤害。
,
,
,
CombatTutorial_3,啊呀。\n但植物还能反击！
,
,
,
CombatTutorial_TapToContinue,点击继续
,
,
,
CombatTutorial_TapToContinue_PC,点击任意位置继续！
,
,
,
COMPLETE_YOUR_TEAM,完成你的牌组配置！
,
,
,
CONCEDE_CONFIRM_MESSAGE,你确定要投降吗？
,
,
,
Cone Zone_flavorText,你即将进入另一个维度。一个不只有影像和声音，还有各种圆锥体的维度。
,
,
,
Cone Zone_longDesc,这里的僵尸获得+3生命值。
,
,
,
Cone Zone_name,圆锥体地带
,
,
,
Cone Zone_shortDesc,这里的僵尸获得+3生命值。
,
,
,
CONFIRM_BIG_DECK,牌组已超过40张牌，继续吗？
,
,
,
Corn Dog_flavorText,谁是乖蔬菜？是你，你是乖蔬菜！
,
,
,
Corn Dog_longDesc,[aquatic]，[hunt]
,
,
,
Corn Dog_name,玉米狗
,
,
,
Corn Dog_shortDesc,[aquatic]，[hunt]
,
,
,
Cosmic Bean_flavorText,这是一颗魔法水果！
,
,
,
Cosmic Bean_heraldFighter,由宇宙豆召唤 - [teamup]
,
,
,
Cosmic Bean_heraldTrick,由宇宙豆召唤
,
,
,
Cosmic Bean_longDesc,[teamup]\n打出： [conjure]一颗豆子，使其获得[teamup]。
,
,
,
Cosmic Bean_name,宇宙豆
,
,
,
Cosmic Bean_shortDesc,[teamup]。[conjure]一颗豆子，使其获得[teamup]。
,
,
,
Cosmic Dancer_flavorText,在整个宇宙中，对舞蹈的热情是唯一的通用语言。 
,
,
,
Cosmic Dancer_heraldFighter,由宇宙舞者召唤 - [overshoot=2]
,
,
,
Cosmic Dancer_heraldTrick,由宇宙舞者召唤
,
,
,
Cosmic Dancer_longDesc,[overshoot=2]\n打出： [conjure]一张跳舞牌，使其获得[overshoot=2]。
,
,
,
Cosmic Dancer_name,宇宙舞者
,
,
,
Cosmic Dancer_shortDesc,[overshoot=2]。[conjure]一张跳舞牌，使其获得[overshoot=2]。
,
,
,
Cosmic Flower_flavorText,她喜欢生活中的简单小事：和朋友们一起出去玩，与僵尸战斗，还有晒宇宙射线。 
,
,
,
Cosmic Flower_heraldFighter,由宇宙花召唤 - [strikethrough]
,
,
,
Cosmic Flower_heraldTrick,由宇宙花召唤
,
,
,
Cosmic Flower_longDesc,[strikethrough]\n打出： [conjure]一支花朵，使其获得[strikethrough]。
,
,
,
Cosmic Flower_name,宇宙花
,
,
,
Cosmic Flower_shortDesc,[strikethrough]。[conjure]一支花朵，使其获得[strikethrough]。
,
,
,
Cosmic Imp_flavorText,当他凝视星空的时候，他会觉得自己很渺小。因为他是一个小鬼。 
,
,
,
Cosmic Imp_heraldFighter,由宇宙小鬼召唤 - [deadly]
,
,
,
Cosmic Imp_heraldTrick,由宇宙小鬼召唤
,
,
,
Cosmic Imp_longDesc,[deadly]\n打出： [conjure]一个小鬼，使其获得[deadly]。
,
,
,
Cosmic Imp_name,宇宙小鬼
,
,
,
Cosmic Imp_shortDesc,[deadly]。[conjure]一个小鬼，使其获得[deadly]。
,
,
,
Cosmic Mushroom_flavorText,他感觉很棒。超级棒。
,
,
,
Cosmic Mushroom_heraldFighter,由宇宙蘑菇召唤 - [+2a]
,
,
,
Cosmic Mushroom_heraldTrick,由宇宙蘑菇召唤
,
,
,
Cosmic Mushroom_longDesc,打出： [conjure]一只蘑菇，使其获得[+2a]。
,
,
,
Cosmic Mushroom_name,宇宙蘑菇
,
,
,
Cosmic Mushroom_shortDesc,[conjure]一只蘑菇，使其获得[+2a]。
,
,
,
Cosmic Nut_flavorText,他是数字命理学的忠实信徒，如果你让他讲的话，他会详细介绍数字3的重要意义。
,
,
,
Cosmic Nut_heraldFighter,由宇宙坚果召唤 - [a]变为[4a]
,
,
,
Cosmic Nut_heraldTrick,由宇宙坚果召唤
,
,
,
Cosmic Nut_longDesc,打出： [conjure]一个坚果，其[a]变为[4a]。
,
,
,
Cosmic Nut_name,宇宙坚果
,
,
,
Cosmic Nut_shortDesc,[conjure]一个坚果，其[a]变为[4a]。
,
,
,
Cosmic Pea_flavorText,“宇宙是如此之大，豌豆是如此之小。这种对比真的让我陷入思考，你懂吗？”
,
,
,
Cosmic Pea_heraldFighter,由宇宙豌豆召唤 - [doublestrike]
,
,
,
Cosmic Pea_heraldTrick,由宇宙豌豆召唤
,
,
,
Cosmic Pea_longDesc,[doublestrike]\n打出：[conjure]一颗豌豆，使其获得[doublestrike]。
,
,
,
Cosmic Pea_name,宇宙豌豆
,
,
,
Cosmic Pea_shortDesc,[doublestrike]。[conjure]一颗豌豆，使其获得[doublestrike]。
,
,
,
Cosmic Pet_flavorText,他希望他们能以他的名字命名一个星座。“大雪人”听起来确实很不错。
,
,
,
Cosmic Pet_heraldFighter,由宇宙雪人召唤 - [+1a]/[+1h]
,
,
,
Cosmic Pet_heraldTrick,由宇宙雪人召唤
,
,
,
Cosmic Pet_longDesc,打出： [conjure]一只宠物，它将获得[+1a]/[+1h]。\n回合结束： [bounce]这只雪人。
,
,
,
Cosmic Pet_name,宇宙雪人
,
,
,
Cosmic Pet_shortDesc,[conjure]一只宠物，它将获得[+1a]/[+1h]。回合结束：[bounce]这只雪人。
,
,
,
Cosmic Scientist_flavorText,他不知道烧杯里有什么。他只是喜欢把它们混在一起，直到爆炸！
,
,
,
Cosmic Scientist_heraldFighter,由宇宙科学家召唤 - [truestrike]
,
,
,
Cosmic Scientist_heraldTrick,由宇宙科学家召唤
,
,
,
Cosmic Scientist_longDesc,[truestrike]\n打出： [conjure]一张科学牌，它将获得[truestrike]。
,
,
,
Cosmic Scientist_name,宇宙科学家
,
,
,
Cosmic Scientist_shortDesc,[truestrike]。[conjure]一张科学牌，它将获得[truestrike]。
,
,
,
Cosmic Sports Star_flavorText,他连续两年被评为“宇宙间最有价值僵尸”！
,
,
,
Cosmic Sports Star_heraldFighter,由宇宙运动明星召唤 - 花费减少[2b]
,
,
,
Cosmic Sports Star_heraldTrick,由宇宙运动明星召唤 - 花费减少[2b]
,
,
,
Cosmic Sports Star_longDesc,打出： [conjure]一张运动牌，其花费减少[2b]。
,
,
,
Cosmic Sports Star_name,宇宙运动明星
,
,
,
Cosmic Sports Star_shortDesc,[conjure]一张运动牌，其花费减少[2b]。
,
,
,
Cosmoss_flavorText,他是皮尔·德格拉斯·利辛的头号粉丝。
,
,
,
Cosmoss_longDesc,打出一张环境牌时，它会获得[+2a]/[+2h]。
,
,
,
Cosmoss_name,考斯莫斯
,
,
,
Cosmoss_shortDesc,打出一张环境牌时，它会获得[+2a]/[+2h]。
,
,
,
CptBrainz,超尸能带领有脑和狡猾队友参战。\n\n他身上最具英雄气概的标志就是他的发型。
,
,
,
CRAFTING_BUTTON_BUY,打造
,
,
,
CRAFTING_BUTTON_SELL,回收
,
,
,
CRAFTING_COMMON_CARD_BAR,常见
,
,
,
CRAFTING_CRAFT_BUTTON,打造
,
,
,
CRAFTING_CRAFT_INSUFFICIENT_SPARKS_DIALOG,火花不足
,
,
,
CRAFTING_EVENT_CARD_BAR,活动
,
,
,
CRAFTING_LEGENDARY_CARD_BAR,传说
,
,
,
CRAFTING_NETWORK_ERROR,哎呀！有什么地方出错了。请检查你的互联网连接并重试。
,
,
,
CRAFTING_NETWORK_SYNC,正在更新收藏……
,
,
,
CRAFTING_RARE_CARD_BAR,稀有
,
,
,
CRAFTING_RECYCLE_ALL_CANCEL_BUTTON,取消
,
,
,
CRAFTING_RECYCLE_ALL_CAPTION,把所有的额外卡牌转化为火花！
,
,
,
CRAFTING_RECYCLE_ALL_CARD_QUANTITY,{0}张牌
,
,
,
CRAFTING_RECYCLE_ALL_CONFIRM_BUTTON,回收
,
,
,
CRAFTING_RECYCLE_ALL_CONFIRM_DIALOG_DESCRIPTION,回收所有超过4张的额外卡牌来获得火花！
,
,
,
CRAFTING_RECYCLE_ALL_CONFIRM_DIALOG_HEADER,回收额外卡牌？
,
,
,
CRAFTING_RECYCLE_ALL_DESCRIPTION,你可以在一个牌组中使用最多4张相同卡牌。回收超出上限的额外卡牌可以获得火花，用来打造新的卡牌！
,
,
,
CRAFTING_RECYCLE_ALL_EXCESS_CARDS_BUTTON,回收所有额外卡牌
,
,
,
CRAFTING_RECYCLE_ALL_EXCESS_CARDS_BUTTON2,回收额外卡牌
,
,
,
CRAFTING_RECYCLE_ALL_EXCESS_CARDS_BUTTON3,回收额外卡牌：{0}
,
,
,
CRAFTING_RECYCLE_ALL_HEADER,回收所有额外卡牌
,
,
,
CRAFTING_RECYCLE_ALL_LABEL_RARITY,你将回收：
,
,
,
CRAFTING_RECYCLE_ALL_SUCCESS_DIALOG_DESCRIPTION,已回收全部额外卡牌！\n尽享火花吧！
,
,
,
CRAFTING_RECYCLE_BUTTON,回收
,
,
,
CRAFTING_SELL_ALL_CANCEL_BUTTON,取消
,
,
,
CRAFTING_SELL_ALL_CAPTION,把所有的额外卡牌转化为火花！
,
,
,
CRAFTING_SELL_ALL_CONFIRM_BUTTON,出售
,
,
,
CRAFTING_SELL_ALL_CONFIRM_DIALOG_DESCRIPTION,出售所有超过4张的额外卡牌来获得火花！
,
,
,
CRAFTING_SELL_ALL_CONFIRM_DIALOG_HEADER,出售额外卡牌？
,
,
,
CRAFTING_SELL_ALL_DESCRIPTION,你可以在一个牌组中使用最多4张相同卡牌。出售超出上限的额外卡牌可以获得火花，用来打造新的卡牌！
,
,
,
CRAFTING_SELL_ALL_EXCESS_CARDS_BUTTON,出售所有额外卡牌
,
,
,
CRAFTING_SELL_ALL_EXCESS_CARDS_BUTTON2,出售额外卡牌
,
,
,
CRAFTING_SELL_ALL_HEADER,出售所有额外卡牌
,
,
,
CRAFTING_SELL_ALL_LABEL_RARITY,你将出售：
,
,
,
CRAFTING_SELL_BUTTON,出售
,
,
,
CRAFTING_SELL_CONFIRM_DESCRIPTION2,你将获得：
,
,
,
CRAFTING_SUPER_RARE_CARD_BAR,超稀有
,
,
,
CRAFTING_TOOL_TIP,用火花打造这张卡牌
,
,
,
CRAFTING_UNCOMMON_CARD_BAR,罕见
,
,
,
CreateNewDeck,新牌组
,
,
,
CREDITS_ERROR,请检查您的网络连接并稍后重试，以查看制作团队信息。
,
,
,
CREDITS_TITLE,制作团队
,
,
,
Cryo Yeti_flavorText,自己并没有想过会这样度过一生：在遥远的太空中冷冻植物。但正如雪人的一句老话说的那样，“当生活给了你雪，你就会去做雪锥。”
,
,
,
Cryo Yeti_longDesc,[gravestone]\n当有植物或僵尸被冻结时，这张牌将获得[+2a]/[+2h]。\n现身：[freeze]一株植物。
,
,
,
Cryo Yeti_name,冰冻雪人
,
,
,
Cryo Yeti_shortDesc,[gravestone]。当有植物或僵尸被冻结时，这张牌将获得[+2a]/[+2h]。现身：[freeze]一株植物。
,
,
,
Cryo Yeti_Targeting,选择要[freeze]的植物。
,
,
,
CryoBrain_flavorText,把大脑放在冰上是保持新鲜的最好方法。随便问哪个僵尸都知道。
,
,
,
CryoBrain_longDesc,你在剩余游戏时间中获得[+1b]。
,
,
,
CryoBrain_name,冰冻大脑
,
,
,
CryoBrain_shortDesc,你在剩余游戏时间中获得[+1b]。
,
,
,
Cyborg,锈铁侠能带领有脑和健壮队友参战。\n\n他喜欢上紧螺丝，但是松开螺母。
,
,
,
Cyborg Zombie_flavorText,他会回来的。
,
,
,
Cyborg Zombie_longDesc,[hunt]\n被消灭：获得一个[linkvengefulcyborg]。
,
,
,
Cyborg Zombie_name,生化僵尸
,
,
,
Cyborg Zombie_shortDesc,[hunt]。被消灭：获得一个[linkvengefulcyborg]。
,
,
,
Cyborg_0,点击任意位置继续！
,
,
,
Cyborg_0_PC,点击任意位置继续！
,
,
,
d100e7e0-6aef-4d10-9a7d-1c74f5d04eaf_longDesc,[gravestone]
,
,
,
d100e7e0-6aef-4d10-9a7d-1c74f5d04eaf_name,布雷僵尸
,
,
,
d100e7e0-6aef-4d10-9a7d-1c74f5d04eaf_shortDesc,[gravestone]
,
,
,
d1f9eaca-3a91-44cf-9cb2-dc2506cbec73_flavorText,不用穿难看的保龄球鞋！
,
,
,
d1f9eaca-3a91-44cf-9cb2-dc2506cbec73_heraldFighter,由坚果墙保龄球创造
,
,
,
d1f9eaca-3a91-44cf-9cb2-dc2506cbec73_longDesc,在每条平地线上召唤一株[wallnut]。在这些线上发动攻击，造成6点伤害。
,
,
,
d1f9eaca-3a91-44cf-9cb2-dc2506cbec73_name,坚果墙保龄球
,
,
,
d1f9eaca-3a91-44cf-9cb2-dc2506cbec73_shortDesc,在每条平地线上召唤一株[wallnut]。在这些线上发动攻击，造成6点伤害。
,
,
,
d268283e-4c61-444d-8abe-036ccc1794f3_longDesc,被消灭：在自己线上召唤一只[3a]/[1h]的小鬼。
,
,
,
d268283e-4c61-444d-8abe-036ccc1794f3_name,冒牌小鬼
,
,
,
d268283e-4c61-444d-8abe-036ccc1794f3_shortDesc,被消灭时会在自己线上召唤一只[3a]/[1h]的小鬼。
,
,
,
d49ce1c8-b66a-400a-84e6-4eb2acc1bd96_flavorText,泛泛之交的朋友不会懂他的宠物在哪。他们不明白臭臭飞虫也能成为如此温柔的伙伴。
,
,
,
d49ce1c8-b66a-400a-84e6-4eb2acc1bd96_longDesc,[gravestone]，[deadly]
,
,
,
d49ce1c8-b66a-400a-84e6-4eb2acc1bd96_name,臭臭僵尸
,
,
,
d49ce1c8-b66a-400a-84e6-4eb2acc1bd96_shortDesc,[gravestone]，[deadly]
,
,
,
d4e084f9-571b-4cf2-a76d-9a5a8093df62_flavorText,升C调时会怎么样？等着瞧呗。
,
,
,
d4e084f9-571b-4cf2-a76d-9a5a8093df62_longDesc,随机摧毁一株植物。
,
,
,
d4e084f9-571b-4cf2-a76d-9a5a8093df62_name,降B调
,
,
,
d4e084f9-571b-4cf2-a76d-9a5a8093df62_shortDesc,随机摧毁一株植物。
,
,
,
d7ef14f3-ba20-4133-9015-253c4af90a8e_flavorText,怎么了？是啊，这是他第一次参加牛仔竞技呢。
,
,
,
d7ef14f3-ba20-4133-9015-253c4af90a8e_longDesc,[gravestone]\n现身：移动一株植物。
,
,
,
d7ef14f3-ba20-4133-9015-253c4af90a8e_name,牛仔巨尸
,
,
,
d7ef14f3-ba20-4133-9015-253c4af90a8e_shortDesc,[gravestone]。现身：移动一株植物。
,
,
,
d7ef14f3-ba20-4133-9015-253c4af90a8e_Targeting,移动一株植物。
,
,
,
d9958a86-9798-4597-9b44-b6483f03304a_flavorText,是僵尸遛狗，还是狗遛僵尸？这可难说。
,
,
,
d9958a86-9798-4597-9b44-b6483f03304a_longDesc,[hunt]
,
,
,
d9958a86-9798-4597-9b44-b6483f03304a_name,遛狗僵尸
,
,
,
d9958a86-9798-4597-9b44-b6483f03304a_shortDesc,[hunt]
,
,
,
dad1fd87-a967-4ec1-bd0b-4e170a0e4ce8_flavorText,健康的英雄才是快乐的英雄。
,
,
,
dad1fd87-a967-4ec1-bd0b-4e170a0e4ce8_longDesc,为你的英雄治疗6点生命值。
,
,
,
dad1fd87-a967-4ec1-bd0b-4e170a0e4ce8_name,英勇治疗
,
,
,
dad1fd87-a967-4ec1-bd0b-4e170a0e4ce8_shortDesc,为你的英雄治疗6点生命值。
,
,
,
dade9aa2-0d5f-4f84-b265-e09a910f1845_flavorText,他干这行并不是为了音乐，只是喜欢挥棒子。
,
,
,
dade9aa2-0d5f-4f84-b265-e09a910f1845_longDesc,打出：所有僵尸获得[+2a]。
,
,
,
dade9aa2-0d5f-4f84-b265-e09a910f1845_name,弦乐队指挥
,
,
,
dade9aa2-0d5f-4f84-b265-e09a910f1845_shortDesc,所有僵尸获得[+2a]。
,
,
,
DAILY_BATTLE_BUTTON_GONOW,立即前往
,
,
,
DAILY_BATTLE_BUTTON_INFOBUTTON,“每日挑战”是什么？\n每天面对一场我们精心手选的独特战斗！你可以体验到“提前获得”卡牌、每周活动卡牌，以及全套战略牌组。破解奇奇怪怪的谜题，锻炼你的技巧。每场获胜次数都将计入“每周获胜奖励”。\n* 牌组由我们提供，只管加入吧！\n* 活动票券增益不会生效。
,
,
,
DAILY_BATTLE_BUTTON_NOEVENT_BRB,马上回来
,
,
,
DAILY_BATTLE_CYCLE_COUNTDOWN_TIMER,每日刷新倒计时：{0}
,
,
,
DAILY_BATTLE_DAVE_TUTORIAL_1,邻居，您好呀！快去查看每日挑战！在那里，您可使用每周活动卡牌来赢取超赞的奖励哦。每天都有新挑战！
,
,
,
DAILY_BATTLE_EVENTSCREEN_LABEL,在今日挑战里试试这张卡牌！
,
,
,
DAILY_BATTLE_FEATURED_CAPTION1,对抗4x愚蠢爱神
,
,
,
DAILY_BATTLE_FEATURED_CAPTION2,使用4x愚蠢爱神
,
,
,
DAILY_BATTLE_FEATURED_CARD_BUTTON,开始！
,
,
,
DAILY_BATTLE_FEATURED_CARD_LABEL,包含
,
,
,
DAILY_BATTLE_FEATURED_CARD_LABEL2,每周活动卡牌
,
,
,
DAILY_BATTLE_INFO_TOOLTIP,每天获胜次数都将计入“每周获胜奖励”。在一周获胜7次就能赢得丰厚奖励！\n*对手是AI\n*不会激活提升
,
,
,
DAILY_BATTLE_LABEL_3DAY,3胜
,
,
,
DAILY_BATTLE_LABEL_5DAY,5胜
,
,
,
DAILY_BATTLE_LABEL_7DAY,7胜
,
,
,
DAILY_BATTLE_LABEL_COMPLETED,已完成！
,
,
,
DAILY_BATTLE_LABEL_WINS, 每周获胜次数：
,
,
,
DAILY_BATTLE_LABEL_YOU,使用：
,
,
,
DAILY_BATTLE_PLAY_BUTTON_LABEL_ANTICHEAT_ENABLED,不适用
,
,
,
DAILY_BATTLE_REFRESH_REWARDS_BUTTON,查看奖励
,
,
,
DAILY_BATTLE_REFRESH_REWARDS_MESSAGE,连接网络来兑换奖励
,
,
,
DAILY_BATTLE_RETRY_COUNTDOWN_TIMER,再次畅玩倒计时：{0}
,
,
,
DAILY_BATTLE_REWARD_HEADER,每日挑战奖励
,
,
,
DAILY_BATTLE_REWARD_MULTI,每日挑战奖励\n连胜7天，赢取最高奖励！
,
,
,
DAILY_BATTLE_REWARD_STREAK_HEADER,多日奖励！
,
,
,
DAILY_BATTLE_REWARD_TODAY,今日奖励
,
,
,
DAILY_BATTLE_REWARD_TODAYTEXT,今日
,
,
,
DAILY_BATTLE_RULES_CUSTOM,PLACHOLDER TEXT！在星期六，玩家们将会拥有比工作日更多的空闲时间，这样就可以解决一个包含爱神、猫咪以及刺激行动的棘手难题了。喵！
,
,
,
DAILY_BATTLE_RULES_DEFAULT,标准战斗规则适用。
,
,
,
DAILY_BATTLE_RULES_LABEL,战斗规则：
,
,
,
DAILY_BATTLE_TITLE_DAY_1,提前获得
,
,
,
DAILY_BATTLE_TITLE_DAY_2,解谜派对
,
,
,
DAILY_BATTLE_TITLE_DAY_3,活动展示
,
,
,
DAILY_BATTLE_TITLE_DAY_4,扭转规则
,
,
,
DAILY_BATTLE_TITLE_DAY_5,抢先一瞥
,
,
,
DAILY_BATTLE_TITLE_DAY_6,惊喜！
,
,
,
DAILY_BATTLE_TITLE_DAY_7,活动骚乱
,
,
,
DAILY_BATTLE_TITLE_DEFAULT,今日挑战！
,
,
,
DAILY_BATTLE_TITLE_NUM_DAYS_FORMAT,{0}胜
,
,
,
DAILY_BATTLE_TODAY_COUNTDOWN_TIMER,{0}
,
,
,
DAILY_BATTLE_WATCH_AD_LABEL,重玩
,
,
,
Dawn_Common,基础 - 常见
,
,
,
Dawn_Rare,基础 - 罕见
,
,
,
db04b985-de6c-49cd-842d-0fadf7f3a07b_flavorText,你得准备点毛巾擦水才行了。
,
,
,
db04b985-de6c-49cd-842d-0fadf7f3a07b_longDesc,非两栖僵尸获得-2/-2。如果你本回合至少制造了6个阳光，它改为获得-3/-3。
,
,
,
db04b985-de6c-49cd-842d-0fadf7f3a07b_name,水气球
,
,
,
db04b985-de6c-49cd-842d-0fadf7f3a07b_shortDesc,非两栖僵尸获得-2/-2。如果你本回合至少制造了6个阳光，它改为获得-3/-3。
,
,
,
db202cfa-68ff-4a36-9c7a-87a6228a5f02_flavorText,副作用包括头疼、视野模糊和饥饿难忍。
,
,
,
db202cfa-68ff-4a36-9c7a-87a6228a5f02_longDesc,一只僵尸获得[+3a]/[+3h]。
,
,
,
db202cfa-68ff-4a36-9c7a-87a6228a5f02_name,维他命Z
,
,
,
db202cfa-68ff-4a36-9c7a-87a6228a5f02_shortDesc,一只僵尸获得[+3a]/[+3h]。
,
,
,
db615956-78b2-427e-be41-e6d39338b822_flavorText,生命终会消亡，只有礼貌修养永恒。
,
,
,
db615956-78b2-427e-be41-e6d39338b822_longDesc,[gravestone]\n僵尸锦囊牌回合开始：你在本回合获得[+2b]。
,
,
,
db615956-78b2-427e-be41-e6d39338b822_name,绅士僵尸
,
,
,
db615956-78b2-427e-be41-e6d39338b822_shortDesc,[gravestone]。僵尸锦囊牌回合开始：你在本回合获得[+2b]。
,
,
,
db7d326e-c93e-4ea9-a25d-ad99928f1022_flavorText,土豆仔平常很内向腼腆，但有时也会控制不住脾气。 
,
,
,
db7d326e-c93e-4ea9-a25d-ad99928f1022_heraldFighter,由扔土豆创造
,
,
,
db7d326e-c93e-4ea9-a25d-ad99928f1022_longDesc,召唤一株[1h]生命值的烫大头（[teamup]。被消灭：对自己线上的一只僵尸造成6点伤害。）
,
,
,
db7d326e-c93e-4ea9-a25d-ad99928f1022_name,扔土豆
,
,
,
db7d326e-c93e-4ea9-a25d-ad99928f1022_shortDesc,召唤一株[1h]生命值的烫大头（[teamup]。被消灭：对自己线上的一只僵尸造成6点伤害。）
,
,
,
db7d326e-c93e-4ea9-a25d-ad99928f1022_Targeting,召唤一株[teamup]的烫大头（在被消灭时造成6点伤害）。
,
,
,
dc355a05-2b88-4548-a110-ef7600c884e4_flavorText,“僵尸英雄？才瞧不上他们，一点也不。谁在不在乎，我也不关心。”
,
,
,
dc355a05-2b88-4548-a110-ef7600c884e4_longDesc,[ambush=2]
,
,
,
dc355a05-2b88-4548-a110-ef7600c884e4_name,毒蘑菇
,
,
,
dc355a05-2b88-4548-a110-ef7600c884e4_shortDesc,[ambush=2]
,
,
,
dcb3293f-8404-4f0f-9dc0-8a18b54c5f8f_flavorText,坚持参加有氧运动，死人也能活力四射！
,
,
,
dcb3293f-8404-4f0f-9dc0-8a18b54c5f8f_longDesc,回合开始：所有跳舞僵尸获得[+2a]。
,
,
,
dcb3293f-8404-4f0f-9dc0-8a18b54c5f8f_name,有氧运动教练
,
,
,
dcb3293f-8404-4f0f-9dc0-8a18b54c5f8f_shortDesc,回合开始：所有跳舞僵尸获得[+2a]。
,
,
,
dd18dcd6-4d64-45bc-ac10-8c6eb2c74566_flavorText,喷你一身水！
,
,
,
dd18dcd6-4d64-45bc-ac10-8c6eb2c74566_longDesc,为你的英雄和所有植物治疗4点生命值。
,
,
,
dd18dcd6-4d64-45bc-ac10-8c6eb2c74566_name,喷泉
,
,
,
dd18dcd6-4d64-45bc-ac10-8c6eb2c74566_shortDesc,为你的英雄和所有植物治疗4点生命值。
,
,
,
dd680222-dee2-40d9-949f-bbe0c8782de1_flavorText,擅长给福饼写幸运签。
,
,
,
dd680222-dee2-40d9-949f-bbe0c8782de1_longDesc,打出：如果你在本回合至少获得[6s]，抽一张牌。
,
,
,
dd680222-dee2-40d9-949f-bbe0c8782de1_name,绿叶贤者
,
,
,
dd680222-dee2-40d9-949f-bbe0c8782de1_shortDesc,如果你在本回合至少获得[6s]，抽一张牌。
,
,
,
dd8cff37-e658-40c6-b93f-374569586318_flavorText,不要问僵尸能为你做什么，要问你为僵尸做了什么！
,
,
,
dd8cff37-e658-40c6-b93f-374569586318_longDesc,一只僵尸获得[+1a]/[+1h]。
,
,
,
dd8cff37-e658-40c6-b93f-374569586318_name,激励
,
,
,
dd8cff37-e658-40c6-b93f-374569586318_shortDesc,一只僵尸获得[+1a]/[+1h]。
,
,
,
DECK_EDITOR_CARDS_TO_FIND,尚未找到的牌
,
,
,
DECK_EDITOR_CARDS_YOU_OWN,您已拥有的牌
,
,
,
DECK_EDITOR_CLASSES_HEADER,种类
,
,
,
DECK_EDITOR_CURRENT_COUNT,您有：<#ffae00>{0}/{1}</color>张牌
,
,
,
DECK_EDITOR_DECK_ISNT_FINISHED,您需要组满40张牌的牌组才能进行游戏
,
,
,
DECK_EDITOR_DELETE_CONFIRM_BUTTON,删除
,
,
,
DECK_EDITOR_DELETE_CONFIRM_DESCRIPTION,这样做不会从您的收藏中删除任何队友牌。
,
,
,
DECK_EDITOR_DELETE_CONFIRM_HEADER,删除这个牌组吗？
,
,
,
DECK_EDITOR_FINISH_FOR_ME,帮我组完
,
,
,
DECK_EDITOR_FTUE_1_INTRO,这就是你的牌组！用那些新植物组成超强队伍吧！
,
,
,
DECK_EDITOR_FTUE_1_INTRO_1,这就是你的牌组！为自己组建一支对抗僵尸的队伍吧！
,
,
,
DECK_EDITOR_FTUE_1_INTRO_2,加入你新获得的植物牌，让牌组变得超强！
,
,
,
DECK_EDITOR_FTUE_1_OUTRO,太赞了！带着这套牌组上场去战斗，阻止超尸！
,
,
,
DECK_EDITOR_FTUE_2_INTRO,把这些牌加入你的牌组！
,
,
,
DECK_EDITOR_FTUE_2_OUTRO,看上去不错！回到场上去吧！
,
,
,
DECK_EDITOR_FTUE_3_INTRO,嘿，瞧啊，还有更多牌！
,
,
,
DECK_EDITOR_FTUE_3_OUTRO,非常好！收集更多的牌，打造您自己的强力牌组！
,
,
,
DECK_EDITOR_FTUE_3_REPLACE_A_CARD_1,你的牌组已经满了，但还能改良一下！
,
,
,
DECK_EDITOR_FTUE_3_REPLACE_A_CARD_2,拿出几张旧牌，把您的新牌放进去！
,
,
,
DECK_EDITOR_MANACURVE_COSTBRAIN,花费脑子
,
,
,
DECK_EDITOR_MANACURVE_COSTSUN,花费阳光
,
,
,
DECK_EDITOR_MANACURVE_HEADER1,花费范围
,
,
,
DECK_EDITOR_MANACURVE_HEADER2,打出花费
,
,
,
DECK_EDITOR_MANACURVE_RECOMMENDED,推荐
,
,
,
DECK_EDITOR_MANACURVE_TIP,提示：合理的花费范围，能让你的队伍在出牌时更加顺畅！
,
,
,
DECK_EDITOR_PLANT_COLLECTION,植物收藏
,
,
,
DECK_EDITOR_POWERS_HEADER,超能力
,
,
,
DECK_EDITOR_RETURN_TO_DECKEDITOR,继续编辑
,
,
,
DECK_EDITOR_SAVE_AND_EXIT,稍后再完成
,
,
,
DECK_EDITOR_SEARCH_BUTTON,搜索
,
,
,
DECK_EDITOR_SEARCH_DESCRIPTION,在您的收藏中搜索。\n输入名字、属性、类型或能力。
,
,
,
DECK_EDITOR_SEARCH_ENTER_KEYWORD,输入关键词……
,
,
,
DECK_EDITOR_SEARCH_NO_RESULTS,未找到带此类属性的英雄
,
,
,
DECK_EDITOR_SEARCH_REFRESH,正在更新……
,
,
,
DECK_EDITOR_TEAM_PANEL_EMPTY,打造你的牌组吧！\n在下方的收藏中点击卡牌来加入。
,
,
,
DECK_EDITOR_TEAM_PANEL_EMPTY_PC,打造你的牌组吧！\n在下方的收藏中选择卡牌来加入。
,
,
,
DECK_EDITOR_WAIT,等等！
,
,
,
DECK_EDITOR_ZOMBIE_COLLECTION,僵尸收藏
,
,
,
DECK_NAME_ENTRY_INSTRUCTIONS,为您的牌组起一个新名字
,
,
,
DECK_RECIPE_ACQUISITION_BOOSTER,组合包
,
,
,
DECK_RECIPE_ACQUISITION_BUY,<sprite=0>购买
,
,
,
DECK_RECIPE_ACQUISITION_CRAFT,打造<sprite=123>
,
,
,
DECK_RECIPE_ACQUISITION_SILVER,<sprite=122>白银组合包
,
,
,
DECK_RECIPE_BELECTRICBOOGALOO_R3_DESCRIPTION,如果你能瞬间消灭面前的所有植物，那什么会留下来？一个垂头丧气的对手罢了。这套牌组可以消灭大大小小的植物，宁杀错不放过。焰火僵尸可以打开死胡子的木桶。护士巨尸会将敌人的灰烬一扫而空。
,
,
,
DECK_RECIPE_BETACARROTINA_G1_DESCRIPTION,在睡莲叶和南瓜壳等融合植物上打出三角帽松果和墓碑毁灭者等进化牌时，你将同时获得进化技能和融合技能，那可真是大斩杀了！
,
,
,
DECK_RECIPE_BETACARROTINA_G1_TITLE,大斩杀
,
,
,
DECK_RECIPE_BETACARROTINA_R1_DESCRIPTION,是时候追本溯源了！淀粉领主可以强化你的管状块茎，同时会打出一记充满爆裂根茎的拳头。在力场中放置一株美须藤，锁定胜局。
,
,
,
DECK_RECIPE_BETACARROTINA_R1_TITLE,根茎事业
,
,
,
DECK_RECIPE_BETACARROTINA_R2_DESCRIPTION,用这套淘气的航海牌组去公海狂欢。用大量水生卡牌淹没所有线，然后用海军上将豆把它们变成危机四伏的海域。
,
,
,
DECK_RECIPE_BETACARROTINA_R2_TITLE,水豆突袭
,
,
,
DECK_RECIPE_BETACARROTINA_R3_DESCRIPTION,在这套宇宙控制牌组中，贝塔胡萝卜蒂娜打造了一个牢不可破的堡垒。碾碎敌人的反抗，然后让暗物质火龙果趁虚而入，打出制胜一击。
,
,
,
DECK_RECIPE_BETACARROTINA_R3_TITLE,淀粉战争
,
,
,
DECK_RECIPE_BETACARROTINA_RDINOSAUR_DESCRIPTION,每当你弹射时，果冻豆将会变大。弹射视野中的一切物体，把它变到最大吧：植物、僵尸，甚至墓碑！同时，你的恐龙植物的吼声也将越来越响亮！
,
,
,
DECK_RECIPE_BETACARROTINA_RDINOSAUR_TITLE,弹跳小屋
,
,
,
DECK_RECIPE_BRAINFREEZE_R1_DESCRIPTION,吸血僵尸要来吸干你的叶绿素啦！你有多种方法可以给你的吸血僵尸加血打气，让它掌控战局：毒物小鬼、小鬼队长，还有喇叭小鬼等等！没抽到吸血僵尸？那其他小鬼会呲着假毒牙加入战场！
,
,
,
DECK_RECIPE_BRAINFREEZE_R1_TITLE,吸血僵尸Z
,
,
,
DECK_RECIPE_BRAINFREEZE_R2_DESCRIPTION,急冻魔掌管着整个动物园！猫夫人和动物园僵尸会为你的进攻大军提供增益，而22区和蝗虫群则会在线填满后一路向前冲杀。谁知道火焰鸡也会着凉呢？
,
,
,
DECK_RECIPE_BRAINFREEZE_R2_TITLE,生病的宠物
,
,
,
DECK_RECIPE_BRAINFREEZE_R3_DESCRIPTION,由小鬼队长带领的淘气包们可以为强大的机器陆行船赢得进场时间，从而打植物个措手不及。
,
,
,
DECK_RECIPE_BRAINFREEZE_R3_TITLE,公海狂欢
,
,
,
DECK_RECIPE_BRAINFREEZE_RDINOSAUR_DESCRIPTION,使用奶酪切片器、时空博士和鸭子救生圈僵尸击中敌人即可获得奖励。使用秘密特工使他们斗志昂扬，再利用灭绝事件清除道路，一切就容易得多了！
,
,
,
DECK_RECIPE_BRAINFREEZE_RDINOSAUR_TITLE,秘密破坏者
,
,
,
DECK_RECIPE_BRAINFREEZE_RSPACE_DESCRIPTION,阿尔法激光座发来信息：请求带有狂热效果的僵尸来消灭入侵者（以及藏在他们背后的植物英雄）！
,
,
,
DECK_RECIPE_BRAINFREEZE_RSPACE_TITLE,烟雾和僵尸
,
,
,
DECK_RECIPE_CARDS_TO_FIND,尚未找到的牌
,
,
,
DECK_RECIPE_CHOMPZILLA_R1_DESCRIPTION,使用向日葵让豆荚教父尽快登上穷街陋巷。然后派出他的豌豆暴徒给那些僵尸一场难忘的教训。
,
,
,
DECK_RECIPE_CHOMPZILLA_R1_TITLE,战争与豌豆
,
,
,
DECK_RECIPE_CHOMPZILLA_R2_DESCRIPTION,给你的捕蝇草弄点植物养料，你就会成为场上最健康的英雄！加点派对百里香，就可以再抽几张牌。别忘了派上活力二人组：咖啡豆狂欢和放大草。
,
,
,
DECK_RECIPE_CHOMPZILLA_R2_TITLE,额外攻击猛击
,
,
,
DECK_RECIPE_CHOMPZILLA_R3_DESCRIPTION,用无穷无尽的穿透植物大军刺破最固若金汤的防线。使用幽谷百合和成长蘑菇强化它们，然后用红土地完成致命一击！
,
,
,
DECK_RECIPE_CHOMPZILLA_R3_TITLE,胜利打击
,
,
,
DECK_RECIPE_CHOMPZILLA_RDINOSAUR_DESCRIPTION,花费为1和2的30株植物可以发动超强进攻。在融合植物上打出进化牌发动强力连击，随后利用日光冲击碾碎最后的僵尸！
,
,
,
DECK_RECIPE_CHOMPZILLA_RDINOSAUR_TITLE,强力光速引擎
,
,
,
DECK_RECIPE_CHOMPZILLA_RSPACE_DESCRIPTION,用黄瓜队长的卡牌打造你的大军，锁定你的对手。如果情况超出掌控，那就用一张战术黄瓜弹清理战场。
,
,
,
DECK_RECIPE_CHOMPZILLA_RSPACE_TITLE,危险的黄瓜
,
,
,
DECK_RECIPE_CITRON_R1_DESCRIPTION,使用这套湿漉漉的战略牌组游向快速胜利。使用海军豆强化你的两栖植物，大师葫迪尼会让对手的胜率瞬间消失。
,
,
,
DECK_RECIPE_CITRON_R1_TITLE,水路作战
,
,
,
DECK_RECIPE_CITRON_R2_DESCRIPTION,溅射伤害是厉害，但从力场后面发射就更厉害了。用强大的环境保护你的植物，这样你就能安然无虞地喷射伤害了。
,
,
,
DECK_RECIPE_CITRON_R2_TITLE,泼泼更健康
,
,
,
DECK_RECIPE_CITRON_R3_DESCRIPTION,将橘皮盾、生根墙和强大的环境融合在一起，打造一面坚不可摧的植物城墙。在力场后面种上一棵重力树，敌人将无处可藏。
,
,
,
DECK_RECIPE_CITRON_R3_TITLE,坚果长城
,
,
,
DECK_RECIPE_CITRON_RDINOSAUR_DESCRIPTION,宇宙豆和原始坚果墙似乎并没有什么进攻性。但是三头花生可以使你的所有植物起始拥有3点力量。然后，冲锋坚果可以使你的组队植物获得更多力量。坚果墙保龄球将造成史无前例的成吨伤害！
,
,
,
DECK_RECIPE_CITRON_RDINOSAUR_TITLE,三分律
,
,
,
DECK_RECIPE_CITRON_RSPACE_DESCRIPTION,坚果终于开始反击了！在葡萄星球上种植一株斯巴达克斯孢或反射坚果，抽取满满一只手的卡牌。然后，当山胡桃石最终被打出时，你那些温顺的防守者就会化身为凶猛的进攻者！
,
,
,
DECK_RECIPE_CITRON_RSPACE_TITLE,坚果大扩展
,
,
,
DECK_RECIPE_COPY_TITLE_PREFIX,（复制）
,
,
,
DECK_RECIPE_ELECTRICBOOGALOO_R1_DESCRIPTION,快速打出大量跳舞僵尸就可以获得助兴僵尸、有氧运动教练和弗拉明戈僵尸的奖励。迪斯科宇航员能为你的部队提供“必中”能力，从而让他们的攻击势不可挡！
,
,
,
DECK_RECIPE_ELECTRICBOOGALOO_R1_TITLE,舞动僵尸革命
,
,
,
DECK_RECIPE_ELECTRICBOOGALOO_R2_DESCRIPTION,大雨滂沱，鸡飞狗跳！打出成群的宠物牌，就算是像蝗虫群这样的宠物锦囊牌，都可以让猫夫人和动物园僵尸等宠物提供大量加成。霹雳舞王的诀窍：带上具有疯狂属性的强大宠物，比如魔咒僵尸和鸡群狂奔！
,
,
,
DECK_RECIPE_ELECTRICBOOGALOO_R2_TITLE,大雨绵绵
,
,
,
DECK_RECIPE_ELECTRICBOOGALOO_R3_TITLE,无路可逃
,
,
,
DECK_RECIPE_ELECTRICBOOGALOO_RDINOSAUR_DESCRIPTION,网球高手和类星体巫师在打出时会产生特殊效果。一旦效果达成，就是将它们升级为进化僵尸的绝佳时机了！
,
,
,
DECK_RECIPE_ELECTRICBOOGALOO_RDINOSAUR_TITLE,突袭和升级
,
,
,
DECK_RECIPE_ELECTRICBOOGALOO_RSPACE_DESCRIPTION,强大的类星体巫师能为你召唤出随机超能力……甚至是那些你平常无法打出的能力！使用秘密特工不断打出这些卡牌，然后用双子星让对手苦不堪言。
,
,
,
DECK_RECIPE_ELECTRICBOOGALOO_RSPACE_TITLE,太空异常101
,
,
,
DECK_RECIPE_GRASSKNUCKLES_R1_DESCRIPTION,让拥有必中能力的植物无畏坚果、仙人掌和叮刺豆变得更加庞大，如此一来就可以提高他们的伤害并快速干掉僵尸英雄！
,
,
,
DECK_RECIPE_GRASSKNUCKLES_R1_TITLE,必中杀威棒
,
,
,
DECK_RECIPE_GRASSKNUCKLES_R2_DESCRIPTION,打出合适的锦囊牌，追击苔藓就可以反复攻击僵尸造成大量伤害。与此同时，使用派对百里香和霸王蕉施展额外攻击，恢复你的手牌。
,
,
,
DECK_RECIPE_GRASSKNUCKLES_R2_TITLE,巨量伤害
,
,
,
DECK_RECIPE_GRASSKNUCKLES_R3_DESCRIPTION,打出热舞罂粟和香蕉分身，让你的肌肉甘蓝斗志昂扬。当你用洋葱圈强化双倍薄荷、灰熊梨幼崽甚至是土豆地雷时，战斗就会更加白热化。
,
,
,
DECK_RECIPE_GRASSKNUCKLES_R3_TITLE,秀秀肌肉
,
,
,
DECK_RECIPE_GRASSKNUCKLES_RDINOSAUR_DESCRIPTION,绿叶植物（比如普通豆茎和凶猛菠菜）的结合将产生不错的效果。它们的成长尺寸足以刺激茂盛盆栽，而它们抽取的卡牌可以为三种恐龙植物充能！
,
,
,
DECK_RECIPE_GRASSKNUCKLES_RDINOSAUR_TITLE,让我的恐龙独自生叶吧！
,
,
,
DECK_RECIPE_GRASSKNUCKLES_RSPACE_DESCRIPTION,通过不断召唤卡牌来向场上派出大量低费卡牌，让你手中的牌源源不断。有了这种额外抽牌机会，霸王蕉将变成彻头彻尾的死神！
,
,
,
DECK_RECIPE_GRASSKNUCKLES_RSPACE_TITLE,宇宙召唤术
,
,
,
DECK_RECIPE_GREENSHADOW_R1_DESCRIPTION,释放豌豆的力量！火炬树桩和三重射手联手能够除掉僵尸的威胁，而霸王蕉和豌豆荚战士则可以用额外攻击终结他们。
,
,
,
DECK_RECIPE_GREENSHADOW_R1_TITLE,小菜一碟
,
,
,
DECK_RECIPE_GREENSHADOW_R3_DESCRIPTION,好好利用小雪花的失控，用雪豆射手和快乐的冬青来冻结僵尸敌人！然后放出冬瓜，让你在游戏后期所向披靡。
,
,
,
DECK_RECIPE_GREENSHADOW_R3_TITLE,冬瓜来临
,
,
,
DECK_RECIPE_GREENSHADOW_RDINOSAUR_DESCRIPTION,将大量特殊卡牌洗入你的牌组，直到牌组充满力量：拥有大量魔法豆茎和豌豆帮！同时，抽取卡牌和召唤可以使你的恐龙咆哮！
,
,
,
DECK_RECIPE_GREENSHADOW_RDINOSAUR_TITLE,播种
,
,
,
DECK_RECIPE_GREENSHADOW_RSPACE_DESCRIPTION,流星果在每条线上都能造成摧枯拉朽的伤害。当和幽谷百合以及洋葱圈组合使用时，那种伤害将变成天文数字！
,
,
,
DECK_RECIPE_GREENSHADOW_RSPACE_TITLE,对流星果许愿
,
,
,
DECK_RECIPE_GREENSHADOWN_R2_DESCRIPTION,坏坏豆磨豆机刚刚升级了！当海军上将豆拜访葡萄星球时，你打出的每颗豆子都将稳操胜券。
,
,
,
DECK_RECIPE_GREENSHADOWN_R2_TITLE,坏坏豆
,
,
,
DECK_RECIPE_HUGEGIGANTACUS_RDINOSAUR_DESCRIPTION,对脑髓星云打出脑子商人和低费僵尸可以获得迅速脑力提升。然后，对脑髓星云打出僵尸团进化还可再次使用它！你将飞速创造出邪月当空！
,
,
,
DECK_RECIPE_HUGEGIGANTACUS_RDINOSAUR_TITLE,月的黑暗面
,
,
,
DECK_RECIPE_HUGEGIGANTICUS_G1_DESCRIPTION,配合使用胡须上蜡尸、胡须纪念碑、灰胡子和怪鸭僵尸解锁胡须的力量。你的浑身将充满力量！
,
,
,
DECK_RECIPE_HUGEGIGANTICUS_G1_TITLE,向你提个胡须问题
,
,
,
DECK_RECIPE_HUGEGIGANTICUS_R1_DESCRIPTION,在这套以环境为主的牌组中，冰海盗可以冻结对手的前期游戏。但是，当你打出中子小鬼时，你打出的每张环境牌都能减免伤害。
,
,
,
DECK_RECIPE_HUGEGIGANTICUS_R1_TITLE,行星土地改造
,
,
,
DECK_RECIPE_HUGEGIGANTICUS_R2_DESCRIPTION,这些小鬼的费用可能不高，但有了墓地、毒物小鬼和小鬼队长，他们将变成不容小觑的威胁。在游戏前期用小鬼淹没植物，然后快速打出太空牛仔，一击制胜。
,
,
,
DECK_RECIPE_HUGEGIGANTICUS_R2_TITLE,小鬼特工
,
,
,
DECK_RECIPE_HUGEGIGANTICUS_R3_DESCRIPTION,用时空博士打出大量召唤卡牌，然后用灰胡子和冰冻雪人冻结你的敌人，看着你的战斗力不断壮大。
,
,
,
DECK_RECIPE_HUGEGIGANTICUS_R3_TITLE,虾米博士？
,
,
,
DECK_RECIPE_IMMORTICIA_R1_DESCRIPTION,重击巨尸可以为所有巨尸提供狂热效果，而巫师巨尸则能为他们提供必中能力。将这两张牌强强联合，你就有了一支具有狂热必中能力的巨尸大军了！锦囊牌和挡箭牌可以让你安然度过游戏前期，这样这些大家伙就能在后期派上用场了。
,
,
,
DECK_RECIPE_IMMORTICIA_R1_TITLE,石像鬼出击
,
,
,
DECK_RECIPE_IMMORTICIA_R2_DESCRIPTION,你今天摄取维他命Z了吗？精力汲取僵尸、吸血僵尸和星际赏金猎人等狂热僵尸在士气高昂时特别厉害，所以你可以一路冲破任何阻拦，直捣植物英雄！
,
,
,
DECK_RECIPE_IMMORTICIA_R2_TITLE,火热劲爆操
,
,
,
DECK_RECIPE_IMMORTICIA_R3_DESCRIPTION,用冰冻大脑和绅士僵尸来扩展你的脑子，让你在游戏前期就能打出召唤直升机和阴险大笑尸。然后用一张前往魔术僵尸的惊喜传送终结它们。
,
,
,
DECK_RECIPE_IMMORTICIA_R3_TITLE,一袋锦囊牌
,
,
,
DECK_RECIPE_IMMORTICIA_RDINOSAUR_DESCRIPTION,你知道狂热可以造成额外攻击吗？巨人哑剧演员绝对记得清清楚楚。结合狂热僵尸和额外攻击，哑剧演员将把你的敌人放进一种极其特殊的无形箱子……一口棺材。
,
,
,
DECK_RECIPE_IMMORTICIA_RDINOSAUR_TITLE,哑剧罪行
,
,
,
DECK_RECIPE_IMMORTICIA_RSPACE_DESCRIPTION,当你在脑髓星云打出僵尸牌时，它能为你提供额外的脑子。打出秘密特工、雪人和生化僵尸来清空线，从而可以不断使用，最大化它的效果！
,
,
,
DECK_RECIPE_IMMORTICIA_RSPACE_TITLE,脑线
,
,
,
DECK_RECIPE_IMPFINITY_R1_DESCRIPTION,小鬼们杀红了眼！小鬼队长可以最大程度地利用毒物小鬼和忍者小鬼等小小讨厌鬼。毒雾小鬼能让你的队伍获得“致命”能力，当你需要释放空间时，你可以派他们去执行最终任务。
,
,
,
DECK_RECIPE_IMPFINITY_R1_TITLE,神奇小鬼
,
,
,
DECK_RECIPE_IMPFINITY_R2_DESCRIPTION,用这套海盗牌和能给植物带来末日的战舰组合驰骋公海！谁知道你会在埋藏的宝藏中找到什么呢？？
,
,
,
DECK_RECIPE_IMPFINITY_R2_TITLE,笨笨水手牌组
,
,
,
DECK_RECIPE_IMPFINITY_R3_DESCRIPTION,好好利用焰火僵尸的痛苦攻击！把他与死胡子的木桶和报纸僵尸一起打出可以触发他们的技能。更重要的是，将他和机械僵鲨一起打出可以消灭大量植物。
,
,
,
DECK_RECIPE_IMPFINITY_R3_TITLE,牌组的烦恼
,
,
,
DECK_RECIPE_IMPFINITY_RDINOSAUR_DESCRIPTION,僵尸鸡和火焰鸡会四周移动，因此很难挡住。给它们些甜蜜糖果，你就可以迅速累积伤害，一次便高达5到6点。桶中桶可以使火焰鸡在移动时破坏植物！
,
,
,
DECK_RECIPE_IMPFINITY_RDINOSAUR_TITLE,甜蜜鸡
,
,
,
DECK_RECIPE_IMPFINITY_RSPACE_DESCRIPTION,太空忍者喜欢藏身在各式各样的有毒环境中，不过阿尔法激光座是他的最爱。此外，在月球基地Z中放置魔咒僵尸就有机会将他的能力触发两次！
,
,
,
DECK_RECIPE_IMPFINITY_RSPACE_TITLE,基地躲猫猫
,
,
,
DECK_RECIPE_INFO_BUTTON_BUYOUT,购买全部
,
,
,
DECK_RECIPE_INFO_BUTTON_BUYOUT_CAPTION,立刻拥有完整战略牌组
,
,
,
DECK_RECIPE_INFO_BUTTON_MAKECUSTOMDECK,定制牌组
,
,
,
DECK_RECIPE_INFO_BUTTON_MAKECUSTOMDECK_CAPTION,替代已经拥有的卡牌
,
,
,
DECK_RECIPE_INFO_BUTTON_MAKECUSTOMDECK_CAPTION2,从这里创建新牌组
,
,
,
DECK_RECIPE_INFO_BUTTON_PACK,获得组合包
,
,
,
DECK_RECIPE_INFO_BUTTON_PACK_CAPTION,获得组合包来取得这位英雄
,
,
,
DECK_RECIPE_INFO_BUTTON_PLAYNOW,选择这套牌组
,
,
,
DECK_RECIPE_INFO_BUTTON_PLAYNOW_CAPTION,试试看这套牌组
,
,
,
DECK_RECIPE_INFO_BUYOUT_CONFIRMATION,想要立刻拥有完整战略牌组吗？\n花费：{1}\n您将获得：{0}卡牌
,
,
,
DECK_RECIPE_INFO_BUYOUT_CONFIRMATION_BUTTON,购买全部
,
,
,
DECK_RECIPE_INFO_HERO_LOCKED_CAPTION,解锁一名英雄以访问他的战略牌组！点击英雄即可查看获取方法。
,
,
,
DECK_RECIPE_INFO_LABEL,完成这个牌组：
,
,
,
DECK_RECIPE_INFO_LABEL_COMPLETE,战略牌组完成！
,
,
,
DECK_RECIPE_INFO_LOCKED,解锁条件：{0}张卡牌
,
,
,
DECK_RECIPE_INFO_LOCKED_BECAUSE_OF_HERO,获得英雄以解锁
,
,
,
DECK_RECIPE_INFO_MINISTORE_TITLE,培养你的英雄队伍吧！
,
,
,
DECK_RECIPE_INFO_PROGRESS_COMPLETE,完成
,
,
,
DECK_RECIPE_INFO_PROGRESS_INCOMPLETE,{0}/{1}张卡牌
,
,
,
DECK_RECIPE_NEPTUNA_R1_DESCRIPTION,先打出墓碑雕刻家，然后搭配上剑客僵尸或相扑僵尸等低费牌，这是非常致命的快速开场。在游戏后期，糊涂掘墓人可以让你对跳跳僵尸反复使用弹射技能。
,
,
,
DECK_RECIPE_NEPTUNA_R1_TITLE,墓碑之险
,
,
,
DECK_RECIPE_NEPTUNA_R2_DESCRIPTION,这个僵尸体育团有对付大型比赛的秘密武器：小鬼和弹簧高跷！吉祥物小鬼可以给你的队伍加油打气，僵尸教练则保证他们在运动场上战无不胜！拥有“致命”和“弹射”能力的小鬼可以防止植物在第四节卷土重来。
,
,
,
DECK_RECIPE_NEPTUNA_R2_TITLE,小鬼加油
,
,
,
DECK_RECIPE_NEPTUNA_R3_DESCRIPTION,将植物移动到路旁，让具备“克制英雄”能力的僵尸快速发起致命打击！在游戏后期，将植物移到全明星僵尸的前进路上，让你用狂热碾压他们！鲨鱼狼吞虎咽，植物片草不留。
,
,
,
DECK_RECIPE_NEPTUNA_R3_TITLE,非同寻常
,
,
,
DECK_RECIPE_NEPTUNA_RDINOSAUR_DESCRIPTION,巨人和墓碑——两种美味，合起来更棒！前提是你喜欢脑子和植物残渣的味道。诅咒巨石尸能穿过溪流，把一切结合在一起！
,
,
,
DECK_RECIPE_NEPTUNA_RDINOSAUR_TITLE,黑暗巨石尸
,
,
,
DECK_RECIPE_NEPTUNA_RSPACE_DESCRIPTION,使用滚石和除草剂消除植物的前期威胁。当你打出星际军阀时，使用墓碑密码和糊涂掘墓人让他不断上场作战！
,
,
,
DECK_RECIPE_NEPTUNA_RSPACE_TITLE,掘墓重生
,
,
,
DECK_RECIPE_NIGHTCAP_R1_DESCRIPTION,用多张蘑菇牌对僵尸发动快攻，如果这些食脑怪想尝试阻止你的攻势，那就让斯巴达孢子和复仇菇给他们点厉害瞧瞧。别忘了用宇宙蘑菇把那些僵尸弹回他们的老家。
,
,
,
DECK_RECIPE_NIGHTCAP_R1_TITLE,蘑力
,
,
,
DECK_RECIPE_NIGHTCAP_R2_DESCRIPTION,在这套战略牌组中，莓果加入了称霸僵尸的大军。强莓中士可以利用快乐的冬青与酸葡萄等盟军的力量造成额外伤害。然后愤怒的葡萄会跳上来解决对手。
,
,
,
DECK_RECIPE_NIGHTCAP_R2_TITLE,危险的莓果
,
,
,
DECK_RECIPE_NIGHTCAP_R3_DESCRIPTION,你永远不知道自己在这套完全不可预知的牌组中能抽到什么牌。使用双人菇和蘑菇洞穴用大量植物发起快攻，然后用复制松果和分子植物立刻将它们全部变身。
,
,
,
DECK_RECIPE_NIGHTCAP_R3_TITLE,集合与转变
,
,
,
DECK_RECIPE_NIGHTCAP_RDINOSAUR_DESCRIPTION,当你进化三角帽松果后，它每回合可造成12点伤害。进化后的石器木兰科将使你的队伍难以突破。在融合植物上打出进化植物获得双倍加成！
,
,
,
DECK_RECIPE_NIGHTCAP_RDINOSAUR_TITLE,进化乱斗
,
,
,
DECK_RECIPE_NIGHTCAP_RSPACE_DESCRIPTION,想让敌人脸上爆炸开花吗？那么你一定会喜欢9000型毁容器！当你打出豆子或植物时，海军上将豆和星际蘑菇将给英雄一点颜色看看。将它们对葡萄星球打出即可抽取大量低费卡牌。大多数卡牌会花费2或更少！
,
,
,
DECK_RECIPE_NIGHTCAP_RSPACE_TITLE,9000型毁容器
,
,
,
DECK_RECIPE_OWNED_CARDS,已经拥有的卡牌
,
,
,
DECK_RECIPE_PREPLAY_CAPTION,您正在使用战略牌组
,
,
,
DECK_RECIPE_PROFESSORBRAINSTORM_R1_DESCRIPTION,僵尸科学界发现了方程式的威力！僵尸无人机工程师+道具发明家+一个科学家僵尸的矢量角锥=生命值为0的对手！
,
,
,
DECK_RECIPE_PROFESSORBRAINSTORM_R1_TITLE,科学探秘
,
,
,
DECK_RECIPE_PROFESSORBRAINSTORM_R2_DESCRIPTION,超富攻击力的僵尸军团，可以应付所有敌人。当有足够的僵尸死去转生时，就可以将一位20力量的女武神僵尸传送进场，然后使用饥肠辘辘立即取得胜利！
,
,
,
DECK_RECIPE_PROFESSORBRAINSTORM_R2_TITLE,速度与激情
,
,
,
DECK_RECIPE_PROFESSORBRAINSTORM_R3_DESCRIPTION,用一波波的扫荡僵尸清除成群的植物：死胡子的木桶、焰火僵尸和鸡群狂奔。使用火箭发射轻松击败大型植物。抽取更多更多卡牌，然后将魔术僵尸传送到战场，发出出其不意的致命一击。
,
,
,
DECK_RECIPE_PROFESSORBRAINSTORM_R3_TITLE,贸易的窍门
,
,
,
DECK_RECIPE_PROFESSORBRAINSTORM_RDINOSAUR_DESCRIPTION,教授发现，如果有僵尸在脑髓星云上变形，就能创造出脑子！对它打出神秘鸡蛋或跨维度僵尸获得1点脑子，随后将其变形即可获得总计6点脑子。邪月当空即将来袭！
,
,
,
DECK_RECIPE_PROFESSORBRAINSTORM_RDINOSAUR_TITLE,让脑子动脑子
,
,
,
DECK_RECIPE_PROFESSORBRAINSTORM_RSPACE_DESCRIPTION,僵点子教授有不少想法，他假设迪斯科海员*双子星*弗拉明戈僵尸=点子爆发！直接伤害的爆发将带来致命结局。
,
,
,
DECK_RECIPE_PROFESSORBRAINSTORM_RSPACE_TITLE,舞在群星
,
,
,
DECK_RECIPE_ROSE_R1_DESCRIPTION,用这套花团锦簇的战略牌组让你的游戏绽放。利用野玫瑰和高能向日葵的力量为所有花朵朋友提供增益。
,
,
,
DECK_RECIPE_ROSE_R1_TITLE,花朵之力传承
,
,
,
DECK_RECIPE_ROSE_R2_DESCRIPTION,这套战略牌组的核心在于冰冻和控制。小雪花、冬窝瓜和酷酷豆给僵尸送去严寒，而史上第二的玉米卷可以为你提供治疗，三头大嘴花用会大嘴在敌军中开路。
,
,
,
DECK_RECIPE_ROSE_R2_TITLE,冷酷牌组
,
,
,
DECK_RECIPE_ROSE_R3_DESCRIPTION,逐一射杀僵尸，掌控战局，或者用战术黄瓜弹清空战场。光能之风和毒菌的阳光好心情能让星际芦荟、大师葫迪尼和丰饶玉米角这样的大个头更快进入战斗。
,
,
,
DECK_RECIPE_ROSE_R3_TITLE,控制狂
,
,
,
DECK_RECIPE_ROSE_RDINOSAUR_DESCRIPTION,玉米大炮一直是玉米的终极作战武器。你只需要对其打出一些低费组队植物，例如炮弹芹、玉米投手和激光猫尾草。冲锋坚果可以使你的组队植物战斗力更强！
,
,
,
DECK_RECIPE_ROSE_RDINOSAUR_TITLE,玉米炮击
,
,
,
DECK_RECIPE_ROSE_RSPACE_DESCRIPTION,这里充足的环境能让你的手牌和生命值保持全满，同时吹叶机会让你顺风顺水迈向胜利。当你锁定了战场后，就用流星果一锤定音吧。
,
,
,
DECK_RECIPE_ROSE_RSPACE_TITLE,环境保护
,
,
,
DECK_RECIPE_RUSTBOLT_R1_DESCRIPTION,使用这套内含全明星僵尸、防守边锋和相扑僵尸的战略牌组，让运动员恶魔上场一展身手。用僵尸教练和吉祥物小鬼为这些运动员提供他们所需的支援。
,
,
,
DECK_RECIPE_RUSTBOLT_R1_TITLE,有点风度
,
,
,
DECK_RECIPE_RUSTBOLT_R2_DESCRIPTION,分别在第2回合和第3回合打出举旗僵尸与脑子商人能产生惊人的协同效应！这套组合能让你在第3回合打出一个5费僵尸，比如碎盾维京僵尸！让国王僵尸尽早登场，然后让弱小的僵尸变成一支恐怖大军。
,
,
,
DECK_RECIPE_RUSTBOLT_R2_TITLE,国王万岁
,
,
,
DECK_RECIPE_RUSTBOLT_R3_DESCRIPTION,这是一套大后期控制牌组！使用传我上飞船、园艺僵尸和除草剂掌控游戏前期。抽取额外卡牌实现领先。用成吨的不死法老扼杀植物获胜的可能。低费魔术僵尸可以锁定胜局。
,
,
,
DECK_RECIPE_RUSTBOLT_R3_TITLE,法老的诅咒
,
,
,
DECK_RECIPE_RUSTBOLT_RDINOSAUR_DESCRIPTION,使用僵尸学讲师可以让你免费使用低费锦囊牌并抽取大量卡牌。这些卡牌将利用霸脚龙骑士和病毒式传播，让你的队伍无限壮大！
,
,
,
DECK_RECIPE_RUSTBOLT_RDINOSAUR_TITLE,连续践踏者
,
,
,
DECK_RECIPE_RUSTBOLT_RSPACE_DESCRIPTION,科学已经发展到这么高端了吗？在跨维度僵尸附近做基因试验对公共健康有害……害的是植物！用机械战斗巡洋舰5000型突袭你的对手，迎接一次大暴走！
,
,
,
DECK_RECIPE_RUSTBOLT_RSPACE_TITLE,应用科学
,
,
,
DECK_RECIPE_SCORCHWOOD_R1_DESCRIPTION,让结对梨、双人菇和蘑菇洞穴帮你的肌肉甘蓝松松筋骨。在一条线中打出有“组队”能力的红土地可以获得双倍增益效果！
,
,
,
DECK_RECIPE_SCORCHWOOD_R1_TITLE,大梨王
,
,
,
DECK_RECIPE_SCORCHWOOD_R2_DESCRIPTION,在空白线中打出具备“克制英雄”能力的植物可以强化茂盛盆栽。使用香蕉皮和甜豌豆不断清空那些线，这样你就可以不断打击僵尸英雄了。
,
,
,
DECK_RECIPE_SCORCHWOOD_R2_TITLE,剧毒力士
,
,
,
DECK_RECIPE_SCORCHWOOD_R3_DESCRIPTION,能力葡萄能触发你的龙吼并使你的恐龙、追击苔藓和双倍薄荷空前巨大！这些巨型躯体带来的额外攻击将一遍遍挫败敌人。
,
,
,
DECK_RECIPE_SCORCHWOOD_R3_TITLE,跟我重复
,
,
,
DECK_RECIPE_SCORCHWOOD_RDINOSAUR_DESCRIPTION,你一直好奇为什么他们总说你发狂了。现在你知道了！保护好你的香蕉发射者，它将使你的手牌充满香蕉炸弹。把它们和能力葡萄结合起来，释放毁灭性的追击苔藓组合！
,
,
,
DECK_RECIPE_SCORCHWOOD_RDINOSAUR_TITLE,香蕉狂
,
,
,
DECK_RECIPE_SCORCHWOOD_RSPACE_DESCRIPTION,入侵物种喜欢入侵咖啡渣等环境来造成五点或十点伤害，同时幽谷百合和草木变异能让你攻占高地。
,
,
,
DECK_RECIPE_SCORCHWOOD_RSPACE_TITLE,星际探秘
,
,
,
DECK_RECIPE_SOLARFLARE_R1_DESCRIPTION,使用蘑菇洞穴和双人菇让蘑菇布满战场。然后用复制松果和分子植物锁定胜局！
,
,
,
DECK_RECIPE_SOLARFLARE_R1_TITLE,孢子多多
,
,
,
DECK_RECIPE_SOLARFLARE_R2_DESCRIPTION,光能之风和金属向日葵可以让这套花朵牌组在游戏前期使出高费植物……让狮王花的咆哮带你迈向胜利吧！
,
,
,
DECK_RECIPE_SOLARFLARE_R2_TITLE,花朵盛放
,
,
,
DECK_RECIPE_SOLARFLARE_R3_DESCRIPTION,通过无穷无尽的清场牌消灭对手打出的每一张僵尸牌！用高杀伤力的毒菌、玉米上校和丰饶玉米角终结他们。
,
,
,
DECK_RECIPE_SOLARFLARE_R3_TITLE,玉米末日
,
,
,
DECK_RECIPE_SOLARFLARE_RDINOSAUR_DESCRIPTION,从原始向日葵、光能之风和向日葵种子种获取的额外向日葵，会使你迅速成长。当僵尸试图对付你的向日葵时，只需要将它们进化成石器木兰和长老莓就可以了！
,
,
,
DECK_RECIPE_SOLARFLARE_RDINOSAUR_TITLE,进化黎明
,
,
,
DECK_RECIPE_SOLARFLARE_RSPACE_DESCRIPTION,环境极大丰富！考斯莫斯和光能之风能帮你度过游戏前期，直到你在成对豌豆天堂中打出星际芦荟或狮王花突袭对手！
,
,
,
DECK_RECIPE_SOLARFLARE_RSPACE_TITLE,天堂中的胜利
,
,
,
DECK_RECIPE_SPUDOW_R1_DESCRIPTION,给你的植物排兵布阵，实现伤害最大化！使用热辣约会和重力树将敌人拉入地刺防区，然后为克制英雄组的进攻扫除障碍。
,
,
,
DECK_RECIPE_SPUDOW_R1_TITLE,动员日
,
,
,
DECK_RECIPE_SPUDOW_R2_DESCRIPTION,先用一大堆低费植物开道，给敌人下个套，然后将他们全部变成复制松果。末日菇则可以消除对手的大威胁，让你的克隆大军毫发无伤。
,
,
,
DECK_RECIPE_SPUDOW_R2_TITLE,复制松果战争
,
,
,
DECK_RECIPE_SPUDOW_R3_DESCRIPTION,使用这套强大的莓果战略牌组，让强莓中士带领你的莓果大军迈向战场。快速将你的高压醋栗强化成巨大的威胁，然后用愤怒的葡萄锁定胜局。
,
,
,
DECK_RECIPE_SPUDOW_R3_TITLE,强大的莓果
,
,
,
DECK_RECIPE_SPUDOW_RDINOSAUR_DESCRIPTION,成对豌豆天堂和哑剧丑角可以使你强劲植物的实力加倍。同时，变形无花果和山胡桃石还可以使你的低费植物成为强力植物！
,
,
,
DECK_RECIPE_SPUDOW_RDINOSAUR_TITLE,双重麻烦
,
,
,
DECK_RECIPE_SPUDOW_RSPACE_DESCRIPTION,当你的加拉塔仙人掌唤醒了冬眠熊莓和灰熊梨幼崽后，你的对手就会仓皇逃向山地。使用岩浆番石榴让战场更激烈一些吧。
,
,
,
DECK_RECIPE_SPUDOW_RSPACE_TITLE,熊的必需品
,
,
,
DECK_RECIPE_SUPERBRAINZ_R1_DESCRIPTION,植物英雄们，当心了！在这套快速战略牌组中，在烟雾弹和跳跳僵尸的帮助下，你可以部署忍者小鬼、太空海盗和海象骑手等拥有克制英雄能力的僵尸发起沉重打击。
,
,
,
DECK_RECIPE_SUPERBRAINZ_R1_TITLE,家中要害
,
,
,
DECK_RECIPE_SUPERBRAINZ_R2_DESCRIPTION,喂，伙计！派出一队海盗上岸给植物撒播瘟疫，逼他们走上机器陆行船的跳板！在埋藏的宝藏打出僵尸牌，挖掘传说中的惊喜吧！
,
,
,
DECK_RECIPE_SUPERBRAINZ_R2_TITLE,海盗大掠夺
,
,
,
DECK_RECIPE_SUPERBRAINZ_R3_DESCRIPTION,科学家僵尸都有团队精神，这是铁一般的科学事实。证据？派出腐烂克林尸、僵尸无人机工程师和道具发明家同场作战，然后看着植物对手纷纷倒下。
,
,
,
DECK_RECIPE_SUPERBRAINZ_R3_TITLE,僵尸博士
,
,
,
DECK_RECIPE_SUPERBRAINZ_RDINOSAUR_DESCRIPTION,什么时候额外攻击不仅仅是额外的攻击呢？当它从桶中桶或阿尔法激光座中获得致命或穿透的时候！巨人哑剧演员可以使你的额外攻击更加强大，同时阳伞僵尸还能保护队伍。
,
,
,
DECK_RECIPE_SUPERBRAINZ_RDINOSAUR_TITLE,致命奖励
,
,
,
DECK_RECIPE_SUPERBRAINZ_RSPACE_DESCRIPTION,超尸公正又慷慨，可以通过礼品转送僵尸和虫洞守门者为玩家提供额外卡牌。当然了，如果你弹射了对手所有的植物，他们的卡牌会多到打不完！
,
,
,
DECK_RECIPE_SUPERBRAINZ_RSPACE_TITLE,准备，抽牌！
,
,
,
DECK_RECIPE_THESMASH_R1_DESCRIPTION,在这套战略牌组中，毛茸茸的小怪物是你的朋友。用遛狗僵尸、火鸡骑手和宇宙雪人等宠物爱好者给猫夫人的能力充能。随便打出章鱼僵尸和骆驼画板，来一场动物大狂欢。
,
,
,
DECK_RECIPE_THESMASH_R1_TITLE,绒毛恶魔
,
,
,
DECK_RECIPE_THESMASH_R2_DESCRIPTION,释放在消灭植物后能获得增益的僵尸吧。将吸血僵尸和胖墩僵尸放在黑洞中可以保证他们随时有吃的，或者打出生化植物学家生出一份小吃。
,
,
,
DECK_RECIPE_THESMASH_R2_TITLE,吃到饱
,
,
,
DECK_RECIPE_THESMASH_R3_DESCRIPTION,在这套洋溢着巨力的战略牌组中，那些穷凶极恶的大块头们精神抖擞地进入了战场。巨尸学家可以帮你让防守边锋、超新星巨人和英雄脑残粉等坏小子更快上场！
,
,
,
DECK_RECIPE_THESMASH_R3_TITLE,巨尸军团
,
,
,
DECK_RECIPE_THESMASH_RDINOSAUR_DESCRIPTION,牌组中几乎所有僵尸都拥有狂热能力，因此远古吸血僵尸把它们都变为吸血鬼了！黑洞可以把植物都吸到了合适的位置，这样你的恐怖龙骑士就能把它们吸干了。
,
,
,
DECK_RECIPE_THESMASH_RDINOSAUR_TITLE,吸血鬼之主
,
,
,
DECK_RECIPE_THESMASH_RSPACE_DESCRIPTION,秘密特工看上去彬彬有礼，但它却能让你将最大威胁僵尸打出两次，第二次伤害只会更高！重新打出宇宙运动明星或星际军阀，让植物对手大吃一惊！
,
,
,
DECK_RECIPE_THESMASH_RSPACE_TITLE,秘密特工
,
,
,
DECK_RECIPE_WALLKNIGHT_R1_DESCRIPTION,使用大量治疗来强化辣椒博士，让他势不可挡！有了这些治疗，心蓟就可以狠狠扼住敌方英雄的咽喉！
,
,
,
DECK_RECIPE_WALLKNIGHT_R1_TITLE,辣椒的力量
,
,
,
DECK_RECIPE_WALLKNIGHT_R2_DESCRIPTION,在这套战略牌组中，反射坚果、夏威夷聪明果和他们的坚果朋友并肩作战，然后坚果墙保龄球会发出疯狂的致命一击。
,
,
,
DECK_RECIPE_WALLKNIGHT_R2_TITLE,疯狂的坚果
,
,
,
DECK_RECIPE_WALLKNIGHT_R3_DESCRIPTION,在热舞罂粟的帮助下，花朵将完全绽放。与此同时，野玫瑰和高能向日葵会利用花朵的力量让僵尸敌人退缩不前。
,
,
,
DECK_RECIPE_WALLKNIGHT_R3_TITLE,绽放之星
,
,
,
DECK_RECIPE_WALLKNIGHT_RDINOSAUR_DESCRIPTION,宇宙花和钢木兰很小，但是可以在打出时提供特殊效果。一旦你获得这些效果，就可以将这些小植物进化为巨大的墓碑毁灭者和长老莓！
,
,
,
DECK_RECIPE_WALLKNIGHT_RDINOSAUR_TITLE,一鸣惊人
,
,
,
DECK_RECIPE_WALLKNIGHT_RSPACE_DESCRIPTION,这套固若金汤的牌组会把你的对手逼疯。躲在保镖葫芦背后，直到你可以使用坚果墙保龄球反击！
,
,
,
DECK_RECIPE_WALLKNIGHT_RSPACE_TITLE,守护坚果
,
,
,
DECK_RECIPE_WARNING_CAPTION,信息将会再出现{0}次。
,
,
,
DECK_RECIPE_WARNING_CAPTION_SINGULAR,信息将会再出现{0}次。
,
,
,
DECK_RECIPE_WARNING_DESCRIPTION,看起来你的战略牌组还没有集齐。但是不要担心！我会从你的卡牌收藏中替换一些卡牌，让你的牌组立即丰富起来。
,
,
,
DECK_RECIPE_WIDGET_COMPLETE,完成
,
,
,
DECK_RECIPE_ZMECH_R1_DESCRIPTION,吉祥物小鬼和僵尸教练联手，可以让运动员僵尸近乎无法被消灭。同时，相扑僵尸可以将植物移到掰腕僵尸和全明星僵尸跟前，这样一来他们必输无疑！
,
,
,
DECK_RECIPE_ZMECH_R1_TITLE,亡灵运动员
,
,
,
DECK_RECIPE_ZMECH_R2_DESCRIPTION,圆锥体地带正在举办斗舞比赛！迪斯科宇航员和宇宙舞者在这场星际锐舞中一展英姿，而特别收录铁桶僵尸则可以打断敌人的额外攻击。
,
,
,
DECK_RECIPE_ZMECH_R2_TITLE,跳舞机
,
,
,
DECK_RECIPE_ZMECH_R3_DESCRIPTION,巨尸学家可以降低所有巨尸的费用，让你可以在游戏前期打出大型怪物！秘诀是，巨尸学家还可以降低巨尸锦囊牌的费用。打出僵尸机器人的愤怒，活下去，然后在游戏前期释放出摧枯拉朽的巨尸盛宴！
,
,
,
DECK_RECIPE_ZMECH_R3_TITLE,野兽盛宴
,
,
,
DECK_RECIPE_ZMECH_RDINOSAUR_DESCRIPTION,用职业僵尸客户为本、范围可调、业内一流的核心能力，跳出吃脑子的思维框架吧。然后，利用思考模式转移实现影响最大化，成就双赢。
,
,
,
DECK_RECIPE_ZMECH_RDINOSAUR_TITLE,办正经事
,
,
,
DECK_RECIPE_ZMECH_RSPACE_DESCRIPTION,焰火僵尸和死胡子的木桶不仅会攻击植物，他们也会攻击自己人！这就是说可以免费打击报纸僵尸、投巨尸的小鬼和蹦跳巨尸。对了，两个瓦斯巨尸撞到一起的样子可搞笑了！
,
,
,
DECK_RECIPE_ZMECH_RSPACE_TITLE,自己人别动手
,
,
,
DECK_SELECT_CAPTION,选择一个牌组进行战斗。创建一套定制牌组或从战略牌组开始创建。
,
,
,
DECK_SELECT_TOO_MANY_CUSTOM_DECKS,已达到{0}套定制牌组上限。\n请在创建新牌组之前删除一套牌组。
,
,
,
DECK_SELECT_TUTORIAL_1,点击下方的牌组图标\n来切换牌组！
,
,
,
DECK_SELECT_TUTORIAL_1_PC,选择下方的牌组图标\n来切换牌组！
,
,
,
DECK_SELECT_TUTORIAL_2,在这里，你可以选择一套牌组进行战斗！
,
,
,
DECK_SELECT_TUTORIAL_2_PC,你可以在这里选择一套牌组进行战斗。
,
,
,
DECK_SELECT_TUTORIAL_3,你可以使用一套定制牌组或使用其中一个超级好用的战略牌组进行战斗！
,
,
,
DECK_SELECT_TUTORIAL_4,如果你想使用战略牌组但是没有需要的全部卡牌，不要伤心。
,
,
,
DECK_SELECT_TUTORIAL_5,只要选择战略牌组，在你收集正确的卡牌，完成牌组前，你可以神奇地使用已经拥有的卡牌！
,
,
,
DECK_SELECTOR_EDIT_DECK,编辑
,
,
,
DECK_SELECTOR_HEADER,选择牌组
,
,
,
DECK_SELECTOR_SELECT_DECK,选择
,
,
,
DECK_SELECTOR_VIEW_RECIPE,信息
,
,
,
DECK_WIDGET_TOO_FEW_CARDS,卡牌不足
,
,
,
DECK_WIDGET_TOO_MANY_CARDS,卡牌过多
,
,
,
DECKBUILDER_TUTORIAL_1,你解锁了牌组配置！
,
,
,
DECKBUILDER_TUTORIAL_2,点击下拉菜单来添加一个新牌组。
,
,
,
DECKBUILDER_TUTORIAL_2_PC,你也可以查看突击部队并打造一套定制牌组！
,
,
,
ded7367d-009f-4c3c-aa75-edeaf6e2da99_flavorText,打扮成反射球去参加了一场迪斯科主题派对。此生无憾。
,
,
,
ded7367d-009f-4c3c-aa75-edeaf6e2da99_longDesc,靶心，组队。当你的坚果受伤时，对僵尸英雄造成1点伤害。
,
,
,
ded7367d-009f-4c3c-aa75-edeaf6e2da99_name,反射坚果
,
,
,
ded7367d-009f-4c3c-aa75-edeaf6e2da99_shortDesc,靶心，组队。当你的坚果受伤时，对僵尸英雄造成1点伤害。
,
,
,
Deep Space Dragonfruit_flavorText,他们的祖先因狩猎被迫躲到了太空深处。现在，他们的后代回来进行冷酷且果味十足的复仇了。
,
,
,
Deep Space Dragonfruit_longDesc,[aquatic]，[splashdamage=6]\n僵尸锦囊牌多花费[6b]。
,
,
,
Deep Space Dragonfruit_name,暗物质火龙果
,
,
,
Deep Space Dragonfruit_shortDesc,[aquatic]，[splashdamage=6]。僵尸锦囊牌多花费[6b]。
,
,
,
Defensive End_flavorText,曾经有人告诉过他，最佳防御就是最好的攻击。他却并不同意。碾压一切才是他最喜欢的方式。
,
,
,
Defensive End_longDesc,[armored=1]\n植物锦囊牌需花费[2s]。
,
,
,
Defensive End_name,防守边锋
,
,
,
Defensive End_shortDesc,[armored=1].植物锦囊牌需花费[2s]。
,
,
,
DELETE_TEAM_TITLE,删除牌组？
,
,
,
Description_Beta_Carrotina,作为植物星球卫士的领导者，她已准备好随时铲除僵尸。
,
,
,
Description_Brain_Freeze,喜欢冰淇淋、暴风雪和脑子……排名不分先后。
,
,
,
Description_Captain_Combustible,想看他火冒三丈的样子？那叫他“矮墩子”就好了。\n去呗，当面说啊。
,
,
,
Description_Chompzilla,她每顿饭过后都会剔牙，但嘴里的僵尸味还是很难去掉。
,
,
,
Description_Citron,本想当个诗人，奈何想不出能和“橘子”押韵的诗句。
,
,
,
Description_Electric_Boogaloo,人们总说迪斯科已经死了，可他死也不会放弃。
,
,
,
Description_Grass_Knuckles,他最擅长的老本行……就是揍人！
,
,
,
Description_Green_Shadow,冷知识：当脱下斗篷和面具、回归寻常生活的时候，她用的名字是“佩妮豆”。
,
,
,
Description_Huge_Giganticus,去吧，去告诉他其实他真的很小。看看会发生什么。你不会喜欢的。
,
,
,
Description_Immorticia,没错，她既是僵尸也是女巫。她认为人不该被短暂的死亡所束缚。
,
,
,
Description_Impfinity,他相信好东西往往都是小巧玲珑，而且成群结队的。
,
,
,
Description_Neptuna,她是第一个待在鱼缸里作战的僵尸。
,
,
,
Description_Night_Cap,他其实挺有幽“蘑”感。
,
,
,
Description_Professor_Brainstorm,经过多年漫长的研究，他证明了能量等于质量乘以……疯狂！
,
,
,
Description_Rose,拒绝被削弱。
,
,
,
Description_Rustbolt,他喜欢上紧螺丝，但是松开螺母。
,
,
,
Description_Solar_Flare,她一激动就容易起火。僵尸也一样，只不过他们是被点燃。
,
,
,
Description_Spudow,总会试着在情况紧急时保持冷静。但每次都冷静不下来。
,
,
,
Description_Super_Brainz,他身上最具英雄气概的地方，就是他的发型了。
,
,
,
Description_The_Smash,摔跤狂最喜欢……摔东西！
,
,
,
Description_Wall-Knight,他其实是个很棒的家伙，只是在壳子里待久了，有时候不太擅长与人相处。
,
,
,
Description_Z-Mech,曾经试过连续12个小时看巨型机甲动画片。
,
,
,
DEVICE_NOT_SUPPORTED,哎呀！\n《植物大战僵尸：英雄》未能在设备上启动，请升级后再进入游戏！
,
,
,
Disco,霹雳舞王能带领饥饿和疯帽队友参战。\n\n人们总说迪斯科已经死了，可他死也不会放弃。
,
,
,
Disco Dance Floor_flavorText,三叠纪入侵带来了最了不起的僵尸文化：迪斯科。
,
,
,
Disco Dance Floor_longDesc,超越2。融合：在此处打出的僵尸获得超越2。
,
,
,
Disco Dance Floor_name,迪斯科舞池
,
,
,
Disco Dance Floor_shortDesc,超越2。融合：在此处打出的僵尸获得超越2。
,
,
,
Disco_0,点击任意位置继续！
,
,
,
Disco_0_PC,点击任意位置继续！
,
,
,
Disconaut_flavorText,没有什么能像太空键盘独奏的超酷演奏那样令瞄准集中。
,
,
,
Disconaut_longDesc,[2a]或以下的僵尸拥有[truestrike]。
,
,
,
Disconaut_name,迪斯科海员
,
,
,
Disconaut_shortDesc,[2a]或以下的僵尸拥有[truestrike]。
,
,
,
DOWNLOAD_SCREEN_CONT_BUTTON,继续
,
,
,
DOWNLOAD_SCREEN_TEXT,游戏需要下载大约{0}MB的数据方可启动。
,
,
,
Dr Spacetime_flavorText,他坚称这不只是一把螺丝刀。远远不只。
,
,
,
Dr Spacetime_heraldFighter,由时空博士召唤
,
,
,
Dr Spacetime_heraldTrick,由时空博士召唤
,
,
,
Dr Spacetime_longDesc,你[conjure]的卡牌花费减少[1b]。当这张牌对植物英雄造成伤害时，[conjure]一张银河花园牌。
,
,
,
Dr Spacetime_name,时空博士
,
,
,
Dr Spacetime_shortDesc,你[conjure]的卡牌花费减少[1b]。当这张牌对植物英雄造成伤害时，[conjure]一张银河花园牌。
,
,
,
DRAG_TO_OPEN,划动打开！
,
,
,
DRAW_HAND_START,正在抽取你的开局手牌
,
,
,
Ducky Tube Zombie_flavorText,鸭子僵尸，欢乐无比。挤压它时，噪音传千里！
,
,
,
Ducky Tube Zombie_longDesc,[aquatic]\n当这张牌对植物英雄造成伤害时，使其获得[+1a]/[+1h]。
,
,
,
Ducky Tube Zombie_name,鸭子救生圈僵尸
,
,
,
Ducky Tube Zombie_shortDesc,[aquatic]。当这张牌对植物英雄造成伤害时，使其获得[+1a]/[+1h]。
,
,
,
E_PD,包含1个高级组合包，其中有5倍几率获得1张派对僵尸！\n限时优惠！
,
,
,
E_PH,早场派对组合包
,
,
,
E_PH2,早场派对高级组合包
,
,
,
E_PMD,包含11个有5倍几率获得1张派对僵尸的高级组合包！\n限时优惠！
,
,
,
E_PMH,早场派对多重组合包
,
,
,
e093a94c-1a47-42e8-a23c-c6db1bf1b1eb_flavorText,“我警告过他们了，‘这可能会有点疼’。但僵尸从来不听我的。”
,
,
,
e093a94c-1a47-42e8-a23c-c6db1bf1b1eb_longDesc,[aquatic]，[truestrike]，[teamup]
,
,
,
e093a94c-1a47-42e8-a23c-c6db1bf1b1eb_name,叮刺豆
,
,
,
e093a94c-1a47-42e8-a23c-c6db1bf1b1eb_shortDesc,[aquatic]，[truestrike]，[teamup]
,
,
,
e1ec49b6-5c00-4c82-954d-0ddc17705d7c_flavorText,“维持豆子家族和和睦睦，可不容易啊。”
,
,
,
e1ec49b6-5c00-4c82-954d-0ddc17705d7c_longDesc,当你打出豌豆时，那张豌豆获得[+2a]/[+2h]。
,
,
,
e1ec49b6-5c00-4c82-954d-0ddc17705d7c_name,豆荚教父
,
,
,
e1ec49b6-5c00-4c82-954d-0ddc17705d7c_shortDesc,当你打出豌豆时，那张豌豆获得[+2a]/[+2h]。
,
,
,
e3e91f0b-767f-4f69-b325-47c7573e29c8_flavorText,“好啊！好啊！就这么干！就这么干！”
,
,
,
e3e91f0b-767f-4f69-b325-47c7573e29c8_longDesc,[doublestrike]
,
,
,
e3e91f0b-767f-4f69-b325-47c7573e29c8_name,双发射手
,
,
,
e3e91f0b-767f-4f69-b325-47c7573e29c8_shortDesc,[doublestrike]
,
,
,
e442ad43-7078-4514-8345-80ab7865f163_flavorText,“飞檐走壁，去去就来！”
,
,
,
e442ad43-7078-4514-8345-80ab7865f163_longDesc,打出：[bounce]一只僵尸。
,
,
,
e442ad43-7078-4514-8345-80ab7865f163_name,跳跳豆
,
,
,
e442ad43-7078-4514-8345-80ab7865f163_shortDesc,[bounce]一只僵尸。
,
,
,
e442ad43-7078-4514-8345-80ab7865f163_Targeting,选择要[bounce]的僵尸。
,
,
,
e45b5d39-342c-409d-8f63-9f2d5696acd4_flavorText,那些不懂怎么派对的花朵是他的死对头。
,
,
,
e45b5d39-342c-409d-8f63-9f2d5696acd4_longDesc,这张牌在你打出僵尸时获得[+1a]/[+1h]。
,
,
,
e45b5d39-342c-409d-8f63-9f2d5696acd4_name,助兴僵尸
,
,
,
e45b5d39-342c-409d-8f63-9f2d5696acd4_shortDesc,在你打出僵尸时获得[+1a]/[+1h]。
,
,
,
e515e49a-69b0-48de-9e6c-d975b274d2dd_flavorText,打呀打，打中有奖。 
,
,
,
e515e49a-69b0-48de-9e6c-d975b274d2dd_longDesc,消灭一只[3a]或以下的僵尸。
,
,
,
e515e49a-69b0-48de-9e6c-d975b274d2dd_name,打僵尸
,
,
,
e515e49a-69b0-48de-9e6c-d975b274d2dd_shortDesc,消灭一只[3a]或以下的僵尸。
,
,
,
e53a3ce4-4f06-4a3e-947e-d353cae906f4_flavorText,很快人人都能用上自己的传送门，但他很乐于享受早期体验。
,
,
,
e53a3ce4-4f06-4a3e-947e-d353cae906f4_heraldFighter,由传送门技师创造
,
,
,
e53a3ce4-4f06-4a3e-947e-d353cae906f4_longDesc,被消灭：在自己线上随机召唤一只僵尸。
,
,
,
e53a3ce4-4f06-4a3e-947e-d353cae906f4_name,传送门技尸
,
,
,
e53a3ce4-4f06-4a3e-947e-d353cae906f4_shortDesc,被消灭：在自己线上随机召唤一只僵尸。
,
,
,
e6683b72-15af-4e30-8003-394e8c35e32f_flavorText,现在投资，即可获得两只僵尸外加一款精美手提袋。
,
,
,
e6683b72-15af-4e30-8003-394e8c35e32f_longDesc,抽两张牌。
,
,
,
e6683b72-15af-4e30-8003-394e8c35e32f_name,众筹复生
,
,
,
e6683b72-15af-4e30-8003-394e8c35e32f_shortDesc,抽两张牌。
,
,
,
e68a7ed1-81fa-4bb1-8e53-04f173cb7d1a_flavorText,他本来听说吹这支笛子能招来浣熊。不过随便啦。
,
,
,
e68a7ed1-81fa-4bb1-8e53-04f173cb7d1a_longDesc,[gravestone]\n现身：自己线上的植物获[-1a]/[-1h]。
,
,
,
e68a7ed1-81fa-4bb1-8e53-04f173cb7d1a_name,花衣吹笛手
,
,
,
e68a7ed1-81fa-4bb1-8e53-04f173cb7d1a_shortDesc,[gravestone]。现身：自己线上的植物获[-1a]/[-1h]。
,
,
,
e68a7ed1-81fa-4bb1-8e53-04f173cb7d1a_Targeting,这里所有的植物获[-1a]/[-1h]。
,
,
,
e73efab1-ed2a-4e7a-a8d6-8fe25fad1d65_flavorText,玫瑰就喜欢把僵尸变羊，因为……这都不会，还算什么法师！
,
,
,
e73efab1-ed2a-4e7a-a8d6-8fe25fad1d65_heraldFighter,由变羊术变形而成
,
,
,
e73efab1-ed2a-4e7a-a8d6-8fe25fad1d65_longDesc,把力量最高的一只僵尸变为[linkgoat]。
,
,
,
e73efab1-ed2a-4e7a-a8d6-8fe25fad1d65_name,变羊术
,
,
,
e73efab1-ed2a-4e7a-a8d6-8fe25fad1d65_shortDesc,把力量最高的一只僵尸变为[linkgoat]。
,
,
,
e7a742f0-72db-448a-9f4d-ce1d4f8beb42_longDesc,
,
,
,
e7a742f0-72db-448a-9f4d-ce1d4f8beb42_name,挡箭牌
,
,
,
e7a742f0-72db-448a-9f4d-ce1d4f8beb42_shortDesc,
,
,
,
e7e8acfb-2446-4ef3-9743-b2e47507148e_flavorText,“妈妈总说：‘你夹子老是开着，容易引来僵尸！’所以我就这么干咯。”
,
,
,
e7e8acfb-2446-4ef3-9743-b2e47507148e_longDesc,当这张牌造成伤害时，为你的英雄治疗等量生命值。
,
,
,
e7e8acfb-2446-4ef3-9743-b2e47507148e_name,捕蝇草
,
,
,
e7e8acfb-2446-4ef3-9743-b2e47507148e_shortDesc,当这张牌造成伤害时，为你的英雄治疗等量生命值。
,
,
,
e8291675-bae3-4c68-a153-b098b8613409_flavorText,这种交通工具不算最高效，但肯定最有趣。
,
,
,
e8291675-bae3-4c68-a153-b098b8613409_longDesc,[gravestone]\n现身：[bounce]一株植物。
,
,
,
e8291675-bae3-4c68-a153-b098b8613409_name,跳跳僵尸
,
,
,
e8291675-bae3-4c68-a153-b098b8613409_shortDesc,[gravestone]。现身：[bounce]一株植物。
,
,
,
e8291675-bae3-4c68-a153-b098b8613409_Targeting,选择要[bounce]的植物。
,
,
,
e8e1dd57-70ec-42f8-b4e9-44bb0b52f5ab_flavorText,为了脑子，鞠躬尽瘁。
,
,
,
e8e1dd57-70ec-42f8-b4e9-44bb0b52f5ab_longDesc,一只僵尸获得[+2a]/[+2h]。
,
,
,
e8e1dd57-70ec-42f8-b4e9-44bb0b52f5ab_name,振奋尸心
,
,
,
e8e1dd57-70ec-42f8-b4e9-44bb0b52f5ab_shortDesc,一只僵尸获得[+2a]/[+2h]。
,
,
,
e9d0f0f6-bb75-4c0a-a4bf-73b208435afc_flavorText,治好小问题，赶走小悲伤。
,
,
,
e9d0f0f6-bb75-4c0a-a4bf-73b208435afc_longDesc,治疗2点生命值。
,
,
,
e9d0f0f6-bb75-4c0a-a4bf-73b208435afc_name,康复
,
,
,
e9d0f0f6-bb75-4c0a-a4bf-73b208435afc_shortDesc,治疗2点生命值。
,
,
,
EARNED_STARS_TEMPLATE,已获得{0}颗星星！
,
,
,
EarnedAllSilverMessage,恭喜！您已经收集到足够银币来买齐所有基础套牌组合包啦！继续在高级组合包中收集给力新牌吧！
,
,
,
EARNEDALLSILVERTITLE,基础套牌已集齐！
,
,
,
EB_AVAIL,伴舞僵尸上场！降B调、有氧运动教练和超稀有牌3000型劲舞机现已在霹雳舞王盟友包里纵情起舞！
,
,
,
EB_EXPIRE,限时霹雳舞王盟友包即将下架！
,
,
,
eb856c50-f4d8-4aa6-a5f9-73cc98231ca4_flavorText,等等，你想让我冲在前面？！
,
,
,
eb856c50-f4d8-4aa6-a5f9-73cc98231ca4_longDesc,[teamup]\n打出：为你的英雄治疗2点生命值。
,
,
,
eb856c50-f4d8-4aa6-a5f9-73cc98231ca4_name,小伙伴
,
,
,
eb856c50-f4d8-4aa6-a5f9-73cc98231ca4_shortDesc,[teamup]。为你的英雄治疗2点生命值。
,
,
,
EBD,包含降B调、有氧运动教练和超稀有的3000型劲舞机，完美适合霹雳舞王！
,
,
,
EBD_V2,最适合霹雳舞王。限购4包！\n*<indent=5%>包含1张降B调、有氧运动教练和超稀有牌3000型劲舞机</indent>\n*<indent=5%>3张高级套牌中的罕见牌</indent>
,
,
,
ebf03e87-a8ec-4e07-b8c4-11e4b807cbc5_flavorText,逗你玩！
,
,
,
ebf03e87-a8ec-4e07-b8c4-11e4b807cbc5_longDesc,[gravestone]\n受到伤害：对植物英雄造成2点伤害。
,
,
,
ebf03e87-a8ec-4e07-b8c4-11e4b807cbc5_name,小丑僵尸
,
,
,
ebf03e87-a8ec-4e07-b8c4-11e4b807cbc5_shortDesc,[gravestone]。受到伤害：对植物英雄造成2点伤害。
,
,
,
EBH,霹雳舞王盟友包
,
,
,
ed882956-00ad-4921-81bf-d861704cd3ec_flavorText,弹弹弹，弹走坏僵尸。
,
,
,
ed882956-00ad-4921-81bf-d861704cd3ec_longDesc,[bounce]一只僵尸。
,
,
,
ed882956-00ad-4921-81bf-d861704cd3ec_name,弹簧豆
,
,
,
ed882956-00ad-4921-81bf-d861704cd3ec_shortDesc,[bounce]一只僵尸。
,
,
,
EDIT_TEAM,编辑牌组
,
,
,
ef75a4c7-f0ba-4da5-88bd-32cb58a487b0_flavorText,并非真的是条鳄鱼。
,
,
,
ef75a4c7-f0ba-4da5-88bd-32cb58a487b0_longDesc,[truestrike]
,
,
,
ef75a4c7-f0ba-4da5-88bd-32cb58a487b0_name,桌球大鳄尸
,
,
,
ef75a4c7-f0ba-4da5-88bd-32cb58a487b0_shortDesc,[truestrike]
,
,
,
efc5f190-af7e-4a43-a3b1-a741b7e35347_flavorText,胜过剪刀墙，输给纸墙。
,
,
,
efc5f190-af7e-4a43-a3b1-a741b7e35347_longDesc,一只僵尸获得[+5h]。
,
,
,
efc5f190-af7e-4a43-a3b1-a741b7e35347_name,石墙
,
,
,
efc5f190-af7e-4a43-a3b1-a741b7e35347_shortDesc,一只僵尸获得[+5h]。
,
,
,
Elderberry_flavorText,他已经把“滚出我的草坪”这句嚷嚷练成了一门艺术。
,
,
,
Elderberry_longDesc,[strikethrough]\n[plantevolution]：这张牌获得[+3a]。
,
,
,
Elderberry_name,长老莓
,
,
,
Elderberry_shortDesc,[strikethrough]。[plantevolution]：这张牌获得[+3a]。
,
,
,
Electric Blueberry_flavorText,她用闪电击中了一只“随机”僵尸？真的吗？或者这只是她很久以前设定的一个秘密目标？
,
,
,
Electric Blueberry_longDesc,在自己线上的战斗结束后：随机对一只僵尸或僵尸英雄造成6点伤害。
,
,
,
Electric Blueberry_name,闪光蓝莓
,
,
,
Electric Blueberry_shortDesc,在自己线上的战斗结束后：随机对一只僵尸或僵尸英雄造成6点伤害。
,
,
,
END_OF_FTUE_CONTINUE,继续
,
,
,
END_TURN_BUTTON,战斗
,
,
,
Energy Drink Zombie_flavorText,他可随时退出。
,
,
,
Energy Drink Zombie_longDesc,[frenzy]\n锦囊牌回合开始：这张牌将获得[+1a]/[+1h]并移动至随机线。
,
,
,
Energy Drink Zombie_name,精力汲取僵尸
,
,
,
Energy Drink Zombie_shortDesc,[frenzy]。锦囊牌回合开始：这张牌获得 [+1a]/[+1h]并移动至随机线。
,
,
,
ERROR_MSG_INVALID_PLACEMENT,无法在此处打出
,
,
,
Eureka_heraldFighter,由灵光乍现召唤
,
,
,
Eureka_heraldTrick,由灵光乍现召唤
,
,
,
Evolutionary Leap_flavorText,僵王博士从太空送出Z号流星和至尊大王的时候，后两者砸穿了一条通往地球中心的通道。在那里，植物和僵尸早已进化到了不得了的新形态。
,
,
,
Evolutionary Leap_heraldFighter,由飞跃进化变形而成
,
,
,
Evolutionary Leap_longDesc,把一只僵尸随机变为多花费[1b]的僵尸。\n抽一张牌。
,
,
,
Evolutionary Leap_name,飞跃进化
,
,
,
Evolutionary Leap_shortDesc,把一只僵尸随机变为多花费[1b]的僵尸。抽一张牌。
,
,
,
Excavator Zombie_flavorText,他热衷于寻找恐龙化石，直到有一天恐龙开始寻找他。
,
,
,
Excavator Zombie_longDesc,[gravestone]\n现身：[bounce]一张环境牌和那里的所有植物。
,
,
,
Excavator Zombie_name,铲子僵尸
,
,
,
Excavator Zombie_shortDesc,[gravestone]。现身：[bounce]一张环境牌和那里的所有植物。
,
,
,
Excavator Zombie_Targeting,选择要[bounce]的环境牌，同时弹射那里的所有植物。
,
,
,
EXIT_CONFIRM_MESSAGE,你确定要退出游戏吗？\n这样会丢失你的进度。
,
,
,
EXIT_CONFIRM_MESSAGE_PC,您确定要退出吗？
,
,
,
EXIT_CONFIRMATION,您确定要退出吗？
,
,
,
Exploding Fruitcake_flavorText,一旦你通过所有的炸药和炸弹，水果蛋糕实际上包含至少5%的水果。
,
,
,
Exploding Fruitcake_heraldFighter,由爆炸水果蛋糕召唤
,
,
,
Exploding Fruitcake_heraldTrick,由爆炸水果蛋糕召唤
,
,
,
Exploding Fruitcake_longDesc,对一株植物造成5点伤害。植物玩家创造一个水果。
,
,
,
Exploding Fruitcake_name,爆炸水果蛋糕
,
,
,
Exploding Fruitcake_shortDesc,对一株植物造成5点伤害。植物玩家创造一个水果。
,
,
,
Eyespore_flavorText,确实擅长与人展开争论。
,
,
,
Eyespore_longDesc,[springboard]：消灭自己线上的一只僵尸。
,
,
,
Eyespore_name,眼球跳板
,
,
,
Eyespore_shortDesc,[springboard]：消灭自己线上的一只僵尸。
,
,
,
F_UnlockMulligan_Screen_Description,每场游戏开始时，\n你可以重新抽取\n每张开局手牌。
,
,
,
F_UnlockPlantHero2_Screen_Description,你获得了一只新英雄！\n\n每个英雄都能带领两种不同植物\n参加战斗！
,
,
,
F_UnlockPlantHero3_Screen_Description,你获得了一只新英雄！\n\n每个英雄都能带领两种不同植物\n参加战斗！
,
,
,
F_UnlockTeamEditor_Screen_Description,你现在可以在牌组编辑界面\n随心所欲地\n配置牌组了！
,
,
,
F_UnlockZombieHero2_Screen_Description,你获得了一只新英雄！\n\n每个英雄都能带领两种不同僵尸\n参加战斗！
,
,
,
F_UnlockZombieHero3_Screen_Description,你获得了一只新英雄！\n\n每个英雄都能带领两种不同僵尸\n参加战斗！
,
,
,
F_UnlockZombieHQ_Screen_Description,僵王博士需要你！\n前往Z科技总部，进行僵尸方关卡！
,
,
,
f1ce571d-1b77-4310-b922-91ab9c1a89c5_flavorText,差点戴着个灯罩就出门了，还好他反应快。
,
,
,
f1ce571d-1b77-4310-b922-91ab9c1a89c5_longDesc,[armored=1]
,
,
,
f1ce571d-1b77-4310-b922-91ab9c1a89c5_name,路障僵尸
,
,
,
f1ce571d-1b77-4310-b922-91ab9c1a89c5_shortDesc,[armored=1]
,
,
,
f1e17568-3117-429a-b394-66eca8b80bda_flavorText,一个鲜为人知的事实是，僵尸们都喜欢蹦床。
,
,
,
f1e17568-3117-429a-b394-66eca8b80bda_longDesc,[bounce]一株植物。
,
,
,
f1e17568-3117-429a-b394-66eca8b80bda_name,后院蹦床
,
,
,
f1e17568-3117-429a-b394-66eca8b80bda_shortDesc,[bounce]一株植物。
,
,
,
f2a68d5f-8b9c-4ae5-aef2-88a002ee2fc0_flavorText,这才是弄出小鬼的好办法。
,
,
,
f2a68d5f-8b9c-4ae5-aef2-88a002ee2fc0_heraldFighter,由三重威胁创造
,
,
,
f2a68d5f-8b9c-4ae5-aef2-88a002ee2fc0_longDesc,在随机线上召唤两只[2a]/[1h]且[aquatic]的无穷小子克隆体。
,
,
,
f2a68d5f-8b9c-4ae5-aef2-88a002ee2fc0_name,三重威胁
,
,
,
f2a68d5f-8b9c-4ae5-aef2-88a002ee2fc0_shortDesc,在随机线上召唤两只[2a]/[1h]且[aquatic]的无穷小子克隆体。
,
,
,
f2de08df-a483-4cad-b64c-c6efb337d4ec_flavorText,如果植物觉得自己能打败不死法老，那他们可错得比尼罗河还远了。
,
,
,
f2de08df-a483-4cad-b64c-c6efb337d4ec_longDesc,护甲1。你的英雄的生命值不会低于1。
,
,
,
f2de08df-a483-4cad-b64c-c6efb337d4ec_name,不死法老
,
,
,
f2de08df-a483-4cad-b64c-c6efb337d4ec_shortDesc,护甲1。你的英雄的生命值不会低于1。
,
,
,
f38aed44-d60b-448d-a82b-6482e850e53a_flavorText,辛勤工作，尽情玩乐，什锦坚果，热爱生活。 
,
,
,
f38aed44-d60b-448d-a82b-6482e850e53a_longDesc,打出：如果自己线上有[teamup]的植物，获得[+2a]/[+2h]。
,
,
,
f38aed44-d60b-448d-a82b-6482e850e53a_name,什锦坚果
,
,
,
f38aed44-d60b-448d-a82b-6482e850e53a_shortDesc,如果自己线上有[teamup]的植物，获得[+2a]/[+2h]。
,
,
,
f407b1b9-69ac-478e-9e53-def5aaf4d5d3_flavorText,甘愿加班，只求管饭。
,
,
,
f407b1b9-69ac-478e-9e53-def5aaf4d5d3_longDesc,一只僵尸额外攻击一次。
,
,
,
f407b1b9-69ac-478e-9e53-def5aaf4d5d3_name,饥肠辘辘
,
,
,
f407b1b9-69ac-478e-9e53-def5aaf4d5d3_shortDesc,一只僵尸额外攻击一次。
,
,
,
f4eb02ae-1d87-4200-812f-b20ad02ab8c7_flavorText,海豚也已经变成僵尸了哦。
,
,
,
f4eb02ae-1d87-4200-812f-b20ad02ab8c7_longDesc,[aquatic]
,
,
,
f4eb02ae-1d87-4200-812f-b20ad02ab8c7_name,海豚骑手僵尸
,
,
,
f4eb02ae-1d87-4200-812f-b20ad02ab8c7_shortDesc,[aquatic]
,
,
,
f8a787e2-20aa-4bf7-a0b1-10c4eb91e6cc_flavorText,坏僵尸！坏僵尸！
,
,
,
f8a787e2-20aa-4bf7-a0b1-10c4eb91e6cc_longDesc,造成1点伤害。
,
,
,
f8a787e2-20aa-4bf7-a0b1-10c4eb91e6cc_name,弹僵尸
,
,
,
f8a787e2-20aa-4bf7-a0b1-10c4eb91e6cc_shortDesc,造成1点伤害。
,
,
,
f91f9738-5bf4-4f18-8a14-754fc18dd401_flavorText,别转身，有一只就在你背后！
,
,
,
f91f9738-5bf4-4f18-8a14-754fc18dd401_longDesc,[gravestone]，[ambush=4]
,
,
,
f91f9738-5bf4-4f18-8a14-754fc18dd401_name,潜行小鬼
,
,
,
f91f9738-5bf4-4f18-8a14-754fc18dd401_shortDesc,[gravestone]，[ambush=4]
,
,
,
fa6e4890-36d0-44fa-8b51-6315b2f0a75d_flavorText,他的座右铭：脚步要轻，双节棍要大。
,
,
,
fa6e4890-36d0-44fa-8b51-6315b2f0a75d_longDesc,反英雄 2
,
,
,
fa6e4890-36d0-44fa-8b51-6315b2f0a75d_name,忍者小鬼
,
,
,
fa6e4890-36d0-44fa-8b51-6315b2f0a75d_shortDesc,反英雄 2
,
,
,
FAILED_TO_PLAY_DUE_TO_BRAINS, 脑子不足
,
,
,
FAILED_TO_PLAY_DUE_TO_SUN, 阳光不足
,
,
,
fb0b76aa-ee92-4fd8-9847-7475127ea599_flavorText,夏威夷果不是生来就聪明的，他读书特别努力，是坚果里坚定的学院派。
,
,
,
fb0b76aa-ee92-4fd8-9847-7475127ea599_longDesc,[aquatic]\n打出：你的坚果获得[+2h]生命值。
,
,
,
fb0b76aa-ee92-4fd8-9847-7475127ea599_name,夏威夷聪明果
,
,
,
fb0b76aa-ee92-4fd8-9847-7475127ea599_shortDesc,[aquatic]。你的坚果获得[+2h]生命值。
,
,
,
fbc3281d-017e-4578-9dc7-f67247adf8b3_flavorText,他最清楚现在是什么时间：发狂时间！
,
,
,
fbc3281d-017e-4578-9dc7-f67247adf8b3_longDesc,
,
,
,
fbc3281d-017e-4578-9dc7-f67247adf8b3_name,闹钟僵尸
,
,
,
fbc3281d-017e-4578-9dc7-f67247adf8b3_shortDesc,
,
,
,
fbe3242b-d21b-4f57-b8cc-7e8bc462fc03_flavorText,“僵尸魔术！刚刚还在你面前的可怕僵尸，眨眼就无影无踪！”
,
,
,
fbe3242b-d21b-4f57-b8cc-7e8bc462fc03_heraldFighter,由大师葫迪尼变形而成
,
,
,
fbe3242b-d21b-4f57-b8cc-7e8bc462fc03_longDesc,[aquatic]\n打出：把所有僵尸变为没有能力的[1a]/[1h]僵尸。
,
,
,
fbe3242b-d21b-4f57-b8cc-7e8bc462fc03_name,大师葫迪尼
,
,
,
fbe3242b-d21b-4f57-b8cc-7e8bc462fc03_shortDesc,[aquatic]。把所有僵尸变为[1a]/[1h]的僵尸。
,
,
,
fcb379e6-befe-4c20-aea9-f4cf88ff3be1_longDesc,
,
,
,
fcb379e6-befe-4c20-aea9-f4cf88ff3be1_name,坚强萝卜
,
,
,
fcb379e6-befe-4c20-aea9-f4cf88ff3be1_shortDesc,
,
,
,
fcbde864-ed01-4402-976c-e056da23a79d_flavorText,坚果骑士大笑道：“我都练坏一千个核桃夹子啦。”
,
,
,
fcbde864-ed01-4402-976c-e056da23a79d_longDesc,你的英雄在本回合无法受到伤害。\n抽一张牌。
,
,
,
fcbde864-ed01-4402-976c-e056da23a79d_name,坚不可摧
,
,
,
fcbde864-ed01-4402-976c-e056da23a79d_shortDesc,你的英雄在本回合无法受到伤害。抽一张牌。
,
,
,
fe39cd69-bbe5-45ef-92fc-8c235e79de47_flavorText,你可能认为这对骑着恐龙的僵尸有奇效……
,
,
,
fe39cd69-bbe5-45ef-92fc-8c235e79de47_longDesc,对一只僵尸造成3点伤害。
,
,
,
fe39cd69-bbe5-45ef-92fc-8c235e79de47_name,流星冲击
,
,
,
fe39cd69-bbe5-45ef-92fc-8c235e79de47_shortDesc,对一只僵尸造成3点伤害。
,
,
,
FEATURE_UNLOCKED_SCREEN_TITLE,任务完成！
,
,
,
ff5915de-9512-442f-98d7-ee6e90b49201_flavorText,这里、那里，到处都挤满海盗。
,
,
,
ff5915de-9512-442f-98d7-ee6e90b49201_heraldFighter,由机器陆行船创造
,
,
,
ff5915de-9512-442f-98d7-ee6e90b49201_longDesc,[aquatic]，[strikethrough]\n打出：在随机线上召唤两只其他海盗。
,
,
,
ff5915de-9512-442f-98d7-ee6e90b49201_name,机器陆行船
,
,
,
ff5915de-9512-442f-98d7-ee6e90b49201_shortDesc,[aquatic]，[strikethrough]。在随机线上召唤两只其他海盗。
,
,
,
fffd2e60-ca1b-4987-88e6-7d1b9d2d2beb_flavorText,很不幸，僵尸们把防晒系数9000的防晒霜都用光了。
,
,
,
fffd2e60-ca1b-4987-88e6-7d1b9d2d2beb_longDesc,平地上的所有僵尸获得[-1a]/[-1h]。
,
,
,
fffd2e60-ca1b-4987-88e6-7d1b9d2d2beb_name,焦土
,
,
,
fffd2e60-ca1b-4987-88e6-7d1b9d2d2beb_shortDesc,平地上的所有僵尸获得[-1a]/[-1h]。
,
,
,
Final Mission_flavorText,往返机票与单程票等价。
,
,
,
Final Mission_longDesc,摧毁一个僵尸。然后对一株植物造成4点伤害。
,
,
,
Final Mission_name,最终任务
,
,
,
Final Mission_shortDesc,摧毁一个僵尸。然后对一株植物造成4点伤害。
,
,
,
Final Mission_Targeting,造成4点伤害。
,
,
,
Fire Rooster_flavorText,依照中国生肖来讲，今年是火焰鸡年。所有僵尸都可获得酥脆油炸食物！
,
,
,
Fire Rooster_longDesc,当植物在这里被打出时，这名队友会随机移动至一条线。\n如果这个进入线上：对那里的植物造成1点伤害。
,
,
,
Fire Rooster_name,火焰鸡
,
,
,
Fire Rooster_shortDesc,当植物在这里被打出时，这名队友会随机移动至一条线。如果这名队友进入线上：对那里的植物造成1点伤害。
,
,
,
Fireweed_flavorText,别沾到地面，地上全是岩浆。
,
,
,
Fireweed_heraldFighter,由火草创造
,
,
,
Fireweed_heraldTrick,由火草创造
,
,
,
Fireweed_longDesc,在平地打出：在自己线上召唤[linklava]。
,
,
,
Fireweed_name,火草
,
,
,
Fireweed_shortDesc,在平地打出：在自己线上召唤[linklava]。
,
,
,
Flying Banana Bomb_flavorText,小心复仇从天而降。
,
,
,
Flying Banana Bomb_longDesc,对一只僵尸造成2点伤害。
,
,
,
Flying Banana Bomb_name,香蕉炸弹
,
,
,
Flying Banana Bomb_shortDesc,对一只僵尸造成2点伤害。
,
,
,
Flytrapland_flavorText,离水银捕蝇草行星不远。
,
,
,
Flytrapland_longDesc,当自己线上的植物造成伤害并存活时，为你的英雄治疗等量生命值。
,
,
,
Flytrapland_name,捕蝇草行星
,
,
,
Flytrapland_shortDesc,当自己线上的植物造成伤害并存活时，为你的英雄治疗等量生命值。
,
,
,
Forget-Me-Nuts_flavorText,“要不是这朵花插在我的脑袋上，我早把它忘到爪哇国去了。等等，我们在讨论啥来着？”
,
,
,
Forget-Me-Nuts_longDesc,僵尸锦囊牌多花费[2b]。
,
,
,
Forget-Me-Nuts_name,无脑坚果
,
,
,
Forget-Me-Nuts_shortDesc,僵尸锦囊牌多花费[2b]。
,
,
,
Four-Armed Bandit_flavorText,他怎么知道植物从哪边来？因为他能指四个方向啊。
,
,
,
Four-Armed Bandit_heraldFighter,由四手强盗召唤
,
,
,
Four-Armed Bandit_heraldTrick,由四手强盗召唤
,
,
,
Four-Armed Bandit_longDesc,靶心。当植物英雄抽牌时，对其造成1点伤害。
,
,
,
Four-Armed Bandit_name,速抽骗子
,
,
,
Four-Armed Bandit_shortDesc,靶心。当植物英雄抽牌时，对其造成1点伤害。
,
,
,
Fraidy Cat_flavorText,黑猫最爱的颜色是什么？紫紫紫色。
,
,
,
Fraidy Cat_longDesc,当植物锦囊牌被打出时，这张牌获得[+1a]/[+1h]并随机移动至一条线。
,
,
,
Fraidy Cat_name,胆小猫
,
,
,
Fraidy Cat_shortDesc,当植物锦囊牌被打出时，这张牌获得[+1a]/[+1h]并随机移动至一条线。
,
,
,
Frankentuar_flavorText,它活过来了！它活活活过来了！好的，严格来说，它没活过来。
,
,
,
Frankentuar_longDesc,溅射伤害2。当一个僵尸被摧毁时，这获得+1/+1。
,
,
,
Frankentuar_name,弗兰肯巨尸
,
,
,
Frankentuar_shortDesc,溅射伤害2。当一个僵尸被摧毁时，这获得+1/+1。
,
,
,
FRD,免费组合包测试！
,
,
,
FREE_GEMS_BUTTON,免费宝石
,
,
,
FRENZY_ATTACK_FLOATER,<sprite=26><color=yellow>狂热</color>
,
,
,
FRH,免费组合包。
,
,
,
FRIEND_ADD_BUTTON,添加
,
,
,
FRIEND_ADD_CONFIRM,好友邀请已发送！
,
,
,
FRIEND_ADD_DESCRIPTION,一条邀请将被发送给这位玩家。一旦他们接受邀请，你就能在好友列表中看到对方了。
,
,
,
FRIEND_ADD_ERROR,未找到玩家。
,
,
,
FRIEND_ADD_HEADER,添加好友
,
,
,
FRIEND_ADD_INVITE_BUTTON,发送邀请
,
,
,
FRIEND_ADD_TEXTINPUT,输入玩家用户名
,
,
,
FRIEND_CHALLENGE_AUTO_DECLINE,似乎你的好友现在正忙。请稍后重试。
,
,
,
FRIEND_CHALLENGE_BUTTON_CHALLENGE,来战吧！
,
,
,
FRIEND_CHALLENGE_BUTTON_DECLINE,不了谢谢
,
,
,
FRIEND_CHALLENGE_IN_HEADER,你收到挑战了！
,
,
,
FRIEND_CHALLENGE_IN_TOAST,你收到挑战了！
,
,
,
FRIEND_CHALLENGE_INVALID_ASSETBUNDLE_IS_NEWER,我们改良了挑战！请要求您的好友重启他们的游戏，以便您能够挑战他们。
,
,
,
FRIEND_CHALLENGE_INVALID_ASSETBUNDLE_IS_OLDER,我们改良了挑战！请重启您的游戏，以便您能够挑战您所有的好友。
,
,
,
FRIEND_CHALLENGE_INVALID_BUILDVERSION_IS_NEWER,我们改良了挑战！请要求您的好友将他们的游戏更新至最新版本，以便您能够挑战他们。
,
,
,
FRIEND_CHALLENGE_INVALID_BUILDVERSION_IS_OLDER,我们改良了挑战！请将您的游戏更新至最新版本，以便您能够挑战您所有的好友。
,
,
,
FRIEND_CHALLENGE_INVALID_UNKNOWN_REASON,糟糕，发生了问题！请重启您的游戏，然后再试一次。
,
,
,
FRIEND_CHALLENGE_OUT_HEADER,挑战好友
,
,
,
FRIEND_CHALLENGE_SPEECHBUBBLE_ACCEPT,来战吧！
,
,
,
FRIEND_CHALLENGE_SPEECHBUBBLE_DECLINE,暂时不了。
,
,
,
FRIEND_CHALLENGE_SPEECHBUBBLE_REQUEST,来玩吧！
,
,
,
FRIEND_CHALLENGE_STATUS_CONNECTING,正在载入游戏……
,
,
,
FRIEND_CHALLENGE_STATUS_WAITING,正在等待响应……
,
,
,
FRIEND_CHALLENGE_TAP_OPPONENT_SIDE,你的好友已经选择了阵营
,
,
,
FRIEND_CHAT_HAS_GONE_OFFLINE,玩家已离线。
,
,
,
FRIEND_CHAT_HAS_GONE_ONLINE,玩家已上线。
,
,
,
FRIEND_CHAT_OFFLINE,你的好友已离线，消息暂时无法送达。
,
,
,
FRIEND_CHAT_PROFANITY_ERROR,请勿对其他玩家使用冒犯性语言。
,
,
,
FRIEND_CHAT_TEXTINPUT,输入你的消息……
,
,
,
FRIEND_CHAT_TEXTINPUT_OFFLINE,玩家已离线。无法发送聊天消息。
,
,
,
FRIEND_CHAT_TEXTINPUT_SEND,发送
,
,
,
FRIEND_CHAT_YOU_PREFIX,你：
,
,
,
FRIEND_LIST_ADD_BUTTON,按用户名添加
,
,
,
FRIEND_LIST_DESCRIPTION,一对一游戏，聊天，以及比较排名。
,
,
,
FRIEND_LIST_DESCRIPTION_ALT,挑战好友，聊天，以及比较排名。
,
,
,
FRIEND_LIST_FACEBOOK_BUTTON,登录Facebook
,
,
,
FRIEND_LIST_FACEBOOK_DESCRIPTION,我们绝不会在未经允许的情况下发布您的信息。 
,
,
,
FRIEND_LIST_HEADER,好友
,
,
,
FRIEND_LIST_LABEL_OFFLINE,离线
,
,
,
FRIEND_LIST_LABEL_ONLINE,在线
,
,
,
FRIEND_LIST_LABEL_REQUESTS,好友请求
,
,
,
FRIEND_LIST_LOADING,正在载入……
,
,
,
FRIEND_LIST_LOADING_ERROR,获取你的好友列表时遇到问题。
,
,
,
FRIEND_LIST_OR,或
,
,
,
FRIEND_LIST_TAGLINE,和好友一起玩！
,
,
,
FRIEND_LIST_TAGLINE_ALT,一起游戏！
,
,
,
FRIEND_PRESENCE_BUSY,<color=#57F779>忙碌</color>
,
,
,
FRIEND_PRESENCE_BUSY_ORIGIN,忙碌
,
,
,
FRIEND_PRESENCE_COLLECTION,<color=#57F779>正在收藏界面</color>
,
,
,
FRIEND_PRESENCE_COLLECTION_ORIGIN,正在收藏界面
,
,
,
FRIEND_PRESENCE_DECKEDITOR,<color=#57F779>正在打造牌组</color>
,
,
,
FRIEND_PRESENCE_DECKEDITOR_ORIGIN,正在打造牌组
,
,
,
FRIEND_PRESENCE_GAMEPVE,<color=#57F779>正在进行任务</color>
,
,
,
FRIEND_PRESENCE_GAMEPVE_ORIGIN,正在进行任务
,
,
,
FRIEND_PRESENCE_GAMEPVE_PLANT,<color=#57F779>正在进行植物任务</color>
,
,
,
FRIEND_PRESENCE_GAMEPVE_PLANT_ORIGIN,正在进行植物任务
,
,
,
FRIEND_PRESENCE_GAMEPVE_ZOMBIE,<color=#57F779>正在进行僵尸任务</color>
,
,
,
FRIEND_PRESENCE_GAMEPVE_ZOMBIE_ORIGIN,正在进行僵尸任务
,
,
,
FRIEND_PRESENCE_GAMEPVP,<color=#57F779>正在对战</color>
,
,
,
FRIEND_PRESENCE_GAMEPVP_CASUAL,<color=#57F779>正在休闲对战</color>
,
,
,
FRIEND_PRESENCE_GAMEPVP_CASUAL_ORIGIN,正在休闲对战
,
,
,
FRIEND_PRESENCE_GAMEPVP_ORIGIN,正在对战
,
,
,
FRIEND_PRESENCE_GAMEPVP_RANKED,<color=#57F779>正在排位对战</color>
,
,
,
FRIEND_PRESENCE_GAMEPVP_RANKED_ORIGIN,正在排位对战
,
,
,
FRIEND_PRESENCE_LANDING,<color=#57F779>空闲</color>
,
,
,
FRIEND_PRESENCE_LANDING_ORIGIN,空闲
,
,
,
FRIEND_PRESENCE_OFFLINE,<color=#FF5F5F>离线</color>
,
,
,
FRIEND_PRESENCE_OFFLINE_ORIGIN,离开
,
,
,
FRIEND_PRESENCE_ONLINE,<color=#57F779>在线</color>
,
,
,
FRIEND_PRESENCE_ONLINE_ORIGIN,在线
,
,
,
FRIEND_REMOVE_BUTTON,移除好友
,
,
,
FRIEND_REMOVE_BUTTON_REMOVE,移除
,
,
,
FRIEND_REMOVE_DESCRIPTION,这位玩家将被移出你的好友列表。他将无法看到你的在线情况、和你聊天或向你发出挑战。
,
,
,
FRIEND_REMOVE_HEADER,移出好友列表？
,
,
,
FRIEND_REQUEST_ACCEPTED,好友请求已接受！
,
,
,
FRIEND_REQUEST_BUTTON_ACCEPT,接受
,
,
,
FRIEND_REQUEST_BUTTON_REJECT,拒绝
,
,
,
FRIEND_REQUEST_DESCRIPTION,想和你成为好友
,
,
,
FRIEND_REQUEST_EXISTING,该玩家已经是您的好友了。
,
,
,
FRIEND_REQUEST_LABEL,好友请求
,
,
,
FRIEND_REQUEST_REJECTED,好友请求已拒绝。
,
,
,
FRIEND_USERNAME_DESCRIPTION,请起一个向其他玩家显示的用户名。名称必须在4-15个字符之间并且未被占用。请勿包含个人信息或冒犯性文字。
,
,
,
FRIEND_USERNAME_HEADER,你好！
,
,
,
FRIEND_USERNAME_HEADER_ALT,我叫：
,
,
,
FRIEND_USERNAME_OK_BUTTON,确定
,
,
,
FRIEND_USERNAME_TEXTINPUT,输入你的用户名
,
,
,
Frosty Mustache_flavorText,好酷！好有型！
,
,
,
Frosty Mustache_heraldFighter,由灰胡子召唤
,
,
,
Frosty Mustache_heraldTrick,由灰胡子召唤
,
,
,
Frosty Mustache_longDesc,[freeze]一株植物。\n[conjure]一把胡须。
,
,
,
Frosty Mustache_name,灰胡子
,
,
,
Frosty Mustache_shortDesc,[freeze]一株植物。[conjure]一把胡须。
,
,
,
Frozen Viking_flavorText,穿越大洋的最佳途径是什么？首先得将它冻结。那能有多难？
,
,
,
Frozen Viking_longDesc,两栖。打出时：冻结此处的所有植物。海盗进化：相反，这获得+1/+1并冻结所有路径上的植物。
,
,
,
Frozen Viking_name,冰冻维京
,
,
,
Frozen Viking_shortDesc,两栖。打出时：冻结此处的所有植物。海盗进化：相反，这获得+1/+1并冻结所有路径上的植物。
,
,
,
Galactacactus_flavorText,“我没有怜悯之心。因为我是加拉塔仙人掌！”
,
,
,
Galactacactus_longDesc,[truestrike]\n被消灭：对所有东西都造成1点伤害。
,
,
,
Galactacactus_name,加拉塔仙人掌
,
,
,
Galactacactus_shortDesc,[truestrike]。被消灭：对所有东西都造成1点伤害。
,
,
,
Galactic Bounty Hunter_flavorText,如果你的脑袋能换一份赏金，那她就永不罢休，直到她吃了你的脑子。这不是个人恩怨。这只是一笔生意。
,
,
,
Galactic Bounty Hunter_longDesc,[hunt]，[frenzy]\n当这张牌消灭一株植物时，抽一张牌。
,
,
,
Galactic Bounty Hunter_name,星际赏金猎人
,
,
,
Galactic Bounty Hunter_shortDesc,[hunt]，[frenzy]。当这张牌消灭一株植物时，抽一张牌。
,
,
,
Galaxy_Common,银河 - 罕见
,
,
,
Galaxy_Legendary,银河 - 传说
,
,
,
Galaxy_Rare,银河 - 稀有
,
,
,
Galaxy_SuperRare,银河 - 超稀有
,
,
,
Game_Init_Network_Error,游戏启动失败。请按“关闭”回到英雄选择界面。
,
,
,
Game_Init_Network_Error_PC,游戏启动失败。请检查您的网络连接。
,
,
,
Game_Init_Server_Error,游戏启动失败。请按“关闭”回到英雄选择界面。
,
,
,
Game_Init_Server_Error_PC,游戏启动失败。请检查您的网络连接。
,
,
,
GAMEOVER_CHOOSE_REWARD_TAP_FOR_MORE_INFO,点击查看详情
,
,
,
GAMEOVER_CHOOSE_REWARD_TAP_FOR_MORE_INFO_PC,选择查看详情
,
,
,
GAMEOVER_CHOOSE_REWARD_TITLE,挑选你的奖励！
,
,
,
GAMEOVER_PLANTS_LOSE,植物败北
,
,
,
GAMEOVER_PLANTS_WIN,植物获胜！
,
,
,
GAMEOVER_PLAYAGAIN,重玩一次
,
,
,
GAMEOVER_REWARD_CONTINUE_BUTTON,加入收藏
,
,
,
GAMEOVER_REWARD_TAP_FOR_MORE_INFO,点击查看详情
,
,
,
GAMEOVER_REWARD_TAP_FOR_MORE_INFO_PC,选择查看详情
,
,
,
GAMEOVER_REWARD_TITLE_FOR_LOSS,你赢得了一张牌！
,
,
,
GAMEOVER_REWARD_TITLE_FOR_WIN,你赢得了一张牌！
,
,
,
GAMEOVER_YOU_WIN,你赢啦！
,
,
,
GAMEOVER_ZOMBIES_BRRAAINZ,嗷，脑子！
,
,
,
GAMEOVER_ZOMBIES_LOSE,僵尸败北
,
,
,
GAMEOVER_ZOMBIES_WIN,僵尸获胜！
,
,
,
Gargantuar,摔跤狂能带领健壮和饥饿队友参战。\n\n
,
,
,
Gargantuar Mime_flavorText,巨尸哑剧演员也会和其他僵尸一样吼叫，不过他吼得不出声，而且用的是法语。
,
,
,
Gargantuar Mime_longDesc,不受干扰。当非哑剧植物或僵尸进行一次额外攻击时，这个进行一次额外攻击。
,
,
,
Gargantuar Mime_name,巨尸哑剧演员
,
,
,
Gargantuar Mime_shortDesc,不受干扰。当非哑剧植物或僵尸进行一次额外攻击时，这个进行一次额外攻击。
,
,
,
Gargantuar Throwing Imp_flavorText,当要举起一只巨尸的时候，请记得弯曲膝盖。他付出了惨痛的代价才明白这一点。
,
,
,
Gargantuar Throwing Imp_heraldFighter,由投巨尸的小鬼创造
,
,
,
Gargantuar Throwing Imp_longDesc,受到伤害：在一条随机线上召唤一只花费为[5b]的随机巨人。
,
,
,
Gargantuar Throwing Imp_name,投巨尸的小鬼
,
,
,
Gargantuar Throwing Imp_shortDesc,受到伤害：在一条随机线上召唤一只花费为[5b]的随机巨人。
,
,
,
Gargantuar_0,点击任意位置继续！
,
,
,
Gargantuar_0_PC,点击任意位置继续！
,
,
,
Gargantuar-Throwing Gargantuar_flavorText,这就是僵尸扔僵尸的终极、史诗、最后、绝对终极结论。……是吗？
,
,
,
Gargantuar-Throwing Gargantuar_heraldFighter,由投巨人的巨人创造
,
,
,
Gargantuar-Throwing Gargantuar_longDesc,受到伤害：在一条随机线上召唤一只随机巨人。
,
,
,
Gargantuar-Throwing Gargantuar_name,投巨人的巨人
,
,
,
Gargantuar-Throwing Gargantuar_shortDesc,受到伤害：在一条随机线上召唤一只随机巨人。
,
,
,
Gargologist_flavorText,数年来，她一直在野外研究巨尸，努力告诉世人大家误解了这些温和的大块头。但到目前为止，还没人相信她的话。
,
,
,
Gargologist_longDesc,巨尸的花费减少[2b]。
,
,
,
Gargologist_name,巨尸学家
,
,
,
Gargologist_shortDesc,巨尸的花费减少[2b]。
,
,
,
Garlic_flavorText,“吸血僵尸。我恨死他们了。我不喜欢用‘恨’这个词，但是，我是真的恨它们。”
,
,
,
Garlic_longDesc,[teamup]\n当有僵尸对此造成伤害时，把这只僵尸向左移。如果是一只吸血僵尸，则消灭它。
,
,
,
Garlic_name,大蒜
,
,
,
Garlic_shortDesc,[teamup]。当有僵尸对此造成伤害时，把这只僵尸向左移。如果是一只吸血僵尸，则消灭它。
,
,
,
Gas Giant_flavorText,这笑话他是听过的。
,
,
,
Gas Giant_longDesc,受到伤害：对其他植物和僵尸各造成1点伤害。\n被消灭：对植物英雄造成5点伤害。
,
,
,
Gas Giant_name,瓦斯巨尸
,
,
,
Gas Giant_shortDesc,受到伤害：对其他植物和僵尸各造成1点伤害。被消灭：对植物英雄造成5点伤害。
,
,
,
Gatling Pea_flavorText,没有什么问题是更多豌豆解决不了的。
,
,
,
Gatling Pea_longDesc,[doublestrike]\n[peaevolution]：这张牌额外攻击一次。
,
,
,
Gatling Pea_name,机枪豌豆
,
,
,
Gatling Pea_shortDesc,[doublestrike]。[peaevolution]：这张牌额外攻击一次。
,
,
,
Gem1_AVAIL,宝石限时闪电特卖活动现已在商店中上线！
,
,
,
Gem1_EXPIRE,宝石限时闪电特卖活动马上就要结束了！
,
,
,
Gem2_AVAIL,宝石限时闪电特卖活动现已在商店中上线！
,
,
,
Gem2_EXPIRE,宝石限时闪电特卖活动马上就要结束了！
,
,
,
Genetic Amplification_flavorText,改造会很有争议，但结果通常很难辩驳。
,
,
,
Genetic Amplification_heraldFighter,基因放大 - [+1a]/[+1h]，[aquatic]，[teamup]
,
,
,
Genetic Amplification_heraldTrick,由基因放大召唤
,
,
,
Genetic Amplification_longDesc,创造一个费用为2的植物。它获得+2/+1、两栖和组队。
,
,
,
Genetic Amplification_name,基因放大
,
,
,
Genetic Amplification_shortDesc,创造一个费用为2的植物。它获得+2/+1、两栖和组队。
,
,
,
Gilly Bean_flavorText,当然，豆子进化出了鳃。要不然它们是怎么在水下呼吸的？
,
,
,
Gilly Bean_longDesc,[aquatic]\n打出：每有一株其他[aquatic]植物，这张牌获得[+1a]/[+1h]。
,
,
,
Gilly Bean_name,海洋豆
,
,
,
Gilly Bean_shortDesc,[aquatic]。打出：每有一株其他[aquatic]植物，获得[+1a]/[+1h]。
,
,
,
GK_AVAIL,超稀有牌茂盛盆栽现已加入限时拳王菜盟友包！ 
,
,
,
GK_EXPIRE,限时拳王菜盟友包即将下架！拳打脚踢，叶不沾身！
,
,
,
GKD,包含海蘑菇、植物养料和超稀有牌茂盛盆栽，完美适合拳王菜！
,
,
,
GKD_V2,最适合拳王菜。限购4包！\n*<indent=5%>包含1张海蘑菇、植物养料和超稀有牌茂盛盆栽</indent>\n*<indent=5%>3张高级套牌中的罕见牌</indent>
,
,
,
GKH,拳王菜盟友包
,
,
,
GL,不少宝石！
,
,
,
Glamorous Gladiator_flavorText,<i>三叉戟</i>角斗士身着经典装备：一支三叉戟、一张网，还有一条打捞上来10天的鱼。
,
,
,
Glamorous Gladiator_longDesc,打出：所有植物获得[-1a]。\n[sportsevolution]：消灭所有[2a]或以下的植物。
,
,
,
Glamorous Gladiator_name,鱼饵角斗士
,
,
,
Glamorous Gladiator_shortDesc,所有植物获得[-1a]。[sportsevolution]：消灭所有[2a]或以下的植物。
,
,
,
Gloom-Shroom_flavorText,有人觉得他很忧郁，但他其实也有很多面的。
,
,
,
Gloom-Shroom_longDesc,[truestrike]\n[mushroomevolution]：对自己和相邻线上的僵尸造成3点伤害。
,
,
,
Gloom-Shroom_name,忧郁菇
,
,
,
Gloom-Shroom_shortDesc,[truestrike]。[mushroomevolution]：对自己和相邻线上的僵尸造成3点伤害。
,
,
,
GM,好多宝石！
,
,
,
Goat_flavorText,又贪吃……又臭……倒挺像僵尸的。
,
,
,
Goat_longDesc,当任意山羊受到伤害时，这张牌获得[+1a]/[+1h]。
,
,
,
Goat_name,山羊
,
,
,
Goat_shortDesc,当任意山羊受到伤害时，获得[+1a]/[+1h]。
,
,
,
Going Viral_flavorText,虽然僵尸不会生病，这场瘟疫可一点不容小觑。
,
,
,
Going Viral_longDesc,所有僵尸获得[+1a]/[+1h]和[frenzy]。\n为你的牌组洗进三张“病毒式传播”。\n抽一张牌。
,
,
,
Going Viral_name,病毒式传播
,
,
,
Going Viral_shortDesc,所有僵尸获得[+1a]/[+1h]和[frenzy]。为你的牌组洗进三张“病毒式传播”。抽一张牌。
,
,
,
Go-Nuts_flavorText,“种植坚果！扔坚果！等我们长大了我们就发疯！冲啊，植物们！”
,
,
,
Go-Nuts_longDesc,[teamup]\n你打出[teamup]植物时，所有[teamup]植物获得[+1a]。
,
,
,
Go-Nuts_name,冲锋坚果
,
,
,
Go-Nuts_shortDesc,[teamup]\n你打出[teamup]植物时，所有[teamup]植物获得[+1a]。
,
,
,
Grape Power_flavorText,恐龙最爱的原始零食。
,
,
,
Grape Power_heraldTrick,由能力葡萄召唤
,
,
,
Grape Power_longDesc,使一株植物的[a]加倍。\n获得一张[linkgraperesponsibility]。
,
,
,
Grape Power_name,能力葡萄
,
,
,
Grape Power_shortDesc,使一株植物的[a]加倍。\n获得一张[linkgraperesponsibility]。
,
,
,
Grape Responsibility_flavorText,责任越大，葡萄越大。
,
,
,
Grape Responsibility_longDesc,使一株植物的[h]加倍。
,
,
,
Grape Responsibility_name,责任葡萄
,
,
,
Grape Responsibility_shortDesc,使一株植物的[h]加倍。
,
,
,
Grass_Knuckles,拳王菜能带领猛长和守卫队友参战。\n\n
,
,
,
Grass_Knuckles_0,点击任意位置继续！
,
,
,
Grass_Knuckles_0_PC,点击任意位置继续！
,
,
,
Grave Mistake_flavorText,警告：请勿在现实生活中弹墓碑。
,
,
,
Grave Mistake_longDesc,[bounce]一个墓碑。\n抽一张牌。
,
,
,
Grave Mistake_name,墓碑之误
,
,
,
Grave Mistake_shortDesc,[bounce]一个墓碑。抽一张牌。
,
,
,
Grave Robber_flavorText,为什么不去抢劫坟墓呢？死人又不需要那些东西。它们怎么会起来反抗嘛。
,
,
,
Grave Robber_longDesc,[truestrike]\n当有僵尸从墓碑中显现时，这张牌获得[+1a]。
,
,
,
Grave Robber_name,盗墓僵尸
,
,
,
Grave Robber_shortDesc,[truestrike]。当有僵尸从墓碑中显现时，这张牌获得[+1a]。
,
,
,
Graveyard_flavorText,超尸总喜欢有大院子的房子。
,
,
,
Graveyard_longDesc,在自己线上打出的僵尸是墓碑。\n当有僵尸从自己线上的[gravestone]现身时，使其获得[+1a]。
,
,
,
Graveyard_name,墓地
,
,
,
Graveyard_shortDesc,在自己线上打出的僵尸是墓碑。当有僵尸从自己线上的[gravestone]现身时，使其获得[+1a]。
,
,
,
Gravitational Pull_flavorText,银河系是一首美丽的旋律，开始播放吧！
,
,
,
Gravitational Pull_heraldFighter,由光合作用系统召唤
,
,
,
Gravitational Pull_heraldTrick,由光合作用系统召唤
,
,
,
Gravitational Pull_longDesc,一株植物获得[+2h]。\n[conjure]一张银河花园卡牌。
,
,
,
Gravitational Pull_name,光合作用系统
,
,
,
Gravitational Pull_shortDesc,一株植物获得[+2h]。[conjure]一张银河花园卡牌。
,
,
,
Gravitree_flavorText,苹果不会从树上掉下来很远。其他任何东西也都不会。 
,
,
,
Gravitree_longDesc,护甲1，免受干扰。打出一个僵尸时，将其移到此处。
,
,
,
Gravitree_name,重力树
,
,
,
Gravitree_shortDesc,护甲1，免受干扰。打出一个僵尸时，将其移到此处。
,
,
,
Gravity Well_flavorText,植物通常喜欢被栽植在洞里。那黑洞呢？没那么夸张。
,
,
,
Gravity Well_longDesc,此处的植物获得[-1a]。\n当有植物被打出时，将其移动这此处。
,
,
,
Gravity Well_name,黑洞
,
,
,
Gravity Well_shortDesc,此处的植物获得[-1a]。当有植物被打出时，将其移动这此处。
,
,
,
Green Crosshairs_flavorText,每一株植物都在太阳辐射下生长。有时你可能需要让它离开辐射。
,
,
,
Green Crosshairs_heraldTrick,由日光冲击召唤
,
,
,
Green Crosshairs_longDesc,创造一朵花。创造一个水果。它们的费用都减少1。
,
,
,
Green Crosshairs_name,日光冲击
,
,
,
Green Crosshairs_shortDesc,创造一朵花。创造一个水果。它们的费用都减少1。
,
,
,
Grizzly Pear_flavorText,他们说的确实是事实：“千万不要打搅灰熊梨和她的幼崽。“对于僵尸而言更是如此。
,
,
,
Grizzly Pear_longDesc,[aquatic]
,
,
,
Grizzly Pear_name,灰熊梨
,
,
,
Grizzly Pear_shortDesc,[aquatic]
,
,
,
GS,宝石丰收！
,
,
,
GS_AVAIL,绿影侠限时盟友包现已推出！内含三张牌，包括火热的超稀有牌骁龙草！
,
,
,
GS_EXPIRE,限时绿影侠盟友包即将下架！
,
,
,
GSD,包含冻辣椒、豆荚教父和超稀有牌骁龙草，最适合绿影侠！
,
,
,
GSD_V2,最适合绿影侠。限购4包！\n*<indent=5%>包含1张冻辣椒、豆荚教父和超稀有牌骁龙草</indent>\n*<indent=5%>3张高级套牌中的罕见牌</indent>
,
,
,
GSH,绿影侠盟友包
,
,
,
GUARANTEED,*保证包含*
,
,
,
GUARDIAN,<u>守卫</u>\n他们擅长防御，具备组队、装甲和两栖能力！\n\n带“守卫”属性的英雄可以使用守卫牌。
,
,
,
GXL,成吨宝石！
,
,
,
GXS,小宝石新手包
,
,
,
GXXS,一些宝石！
,
,
,
H_BF_AVAIL,限时急冻魔组合包现已在商店中上架！
,
,
,
H_BF_EXPIRE,限时急冻魔组合包即将下架！
,
,
,
H_CC_AVAIL,限时火爆队长组合包现已在商店中上架！
,
,
,
H_CC_EXPIRE,限时火爆队长组合包即将下架！点燃斗志！
,
,
,
H_CH_AVAIL,限时霸王大嘴花组合包现已在商店中上架！
,
,
,
H_CH_EXPIRE,限时霸王大嘴花组合包即将下架！瞧瞧它的大牙齿！
,
,
,
H_CI_AVAIL,限时香橼猎手组合包现已在商店中上架！
,
,
,
H_CI_EXPIRE,限时香橼猎手组合包即将下架！
,
,
,
H_EB_AVAIL,限时霹雳舞王组合包现已在商店中上架！
,
,
,
H_EB_EXPIRE,限时霹雳舞王组合包即将下架！
,
,
,
H_GK_AVAIL,限时拳王菜组合包现已在商店中上架！
,
,
,
H_GK_EXPIRE,限时拳王菜组合包即将下架！
,
,
,
H_GS_AVAIL,限时绿影侠组合包现已在商店中上架！
,
,
,
H_GS_EXPIRE,限时绿影侠组合包即将下架！
,
,
,
H_IF_AVAIL,限时无穷小子组合包现已在商店中上架！
,
,
,
H_IF_EXPIRE,限时无穷小子组合包即将下架！
,
,
,
H_IM_AVAIL,限时不死女妖组合包现已在商店中上架！
,
,
,
H_IM_EXPIRE,限时不死女妖组合包即将下架！再也不用畏惧黑暗了！
,
,
,
H_NC_AVAIL,限时暗夜菇组合包现已在商店中上架！
,
,
,
H_NC_EXPIRE,限时暗夜菇组合包即将下架！
,
,
,
H_NE_AVAIL,限时海妖组合包现已在商店中上架！
,
,
,
H_NE_EXPIRE,从深海涌出！限时海妖组合包即将下架！
,
,
,
H_PB_AVAIL,限时僵点子教授组合包现已在商店中上架！
,
,
,
H_PB_EXPIRE,好好学习！限时僵点子教授组合包即将下架！
,
,
,
H_RB_AVAIL,限时锈铁侠组合包现已在商店中上架！
,
,
,
H_RB_EXPIRE,我们信任生锈的东西！限时锈铁侠组合包即将下架！
,
,
,
H_RO_AVAIL,限时玫瑰组合包现已上架！ 
,
,
,
H_RO_EXPIRE,限时玫瑰高级包即将下架！时间有限！
,
,
,
H_SB_AVAIL,限时超尸组合包现已在商店中上架！
,
,
,
H_SB_EXPIRE,限时超尸组合包即将下架！ 
,
,
,
H_SF_AVAIL,限时耀斑花组合包现已在商店中上架！
,
,
,
H_SF_EXPIRE,限时耀斑花组合包即将下架！是不是有点热？
,
,
,
H_SP_AVAIL,限时土豆仔组合包现已在商店中上架！
,
,
,
H_SP_EXPIRE,限时土豆仔组合包即将下架！
,
,
,
H_TS_AVAIL,限时摔跤狂组合包现已在商店中上架！ 
,
,
,
H_TS_EXPIRE,摔跤狂组合包即将下架！
,
,
,
H_WK_AVAIL,限时坚果骑士组合包现已在商店中上架！ 
,
,
,
H_WK_EXPIRE,限时坚果骑士组合包即将下架！
,
,
,
H_ZM_AVAIL,限时Z机甲组合包现已在商店中上架！ 
,
,
,
H_ZM_EXPIRE,限时Z机甲组合包即将下架！
,
,
,
Half Banana_flavorText,“你见过我的另一半吗？她在这儿的附近。”
,
,
,
Half Banana_longDesc,被摧毁时：手中的所有水果获得+1/+1。
,
,
,
Half Banana_name,半支香蕉
,
,
,
Half Banana_shortDesc,被摧毁时：手中的所有水果获得+1/+1。
,
,
,
Hand of Devastation_flavorText,没人知道巨大的绿手和紫手来自哪里。当它们鼓掌时会发生什么？
,
,
,
Hand of Devastation_longDesc,选择一条线。消灭那里所有[3a]或以下的植物。
,
,
,
Hand of Devastation_name,致胜击倒
,
,
,
Hand of Devastation_shortDesc,选择一条线。消灭那里所有[3a]或以下的植物。
,
,
,
Haunting Ghost_flavorText,他是僵尸，还是幽灵？总之他反对被人强行分类。
,
,
,
Haunting Ghost_longDesc,[aquatic]\n打出：一株植物获得[-1a]/[-1h]。
,
,
,
Haunting Ghost_name,闹鬼幽灵
,
,
,
Haunting Ghost_shortDesc,[aquatic]。一株植物获得[-1a]/[-1h]。
,
,
,
Haunting Ghost_Targeting,选择获得[-1a]/[-1h]的植物。
,
,
,
Health Nut_flavorText,他每次都略去腿部运动。
,
,
,
Health Nut_longDesc,此攻击使用[h]而不是[a]。
,
,
,
Health Nut_name,健康坚果
,
,
,
Health Nut_shortDesc,此攻击使用[h]而不是[a]。
,
,
,
Healthy Treat_flavorText,有益于提升僵尸的生命值，像维他命一样，只不过更甜。
,
,
,
Healthy Treat_longDesc,一只僵尸获[+1a]/[+3h]。
,
,
,
Healthy Treat_name,健康糖果
,
,
,
Healthy Treat_shortDesc,一只僵尸获[+1a]/[+3h]。
,
,
,
Heartichoke_flavorText,她是个甜心宝贝，她真的是。但是与僵尸战斗……会让她变得强硬。
,
,
,
Heartichoke_longDesc,在植物或你的英雄得到治疗时，对僵尸英雄造成等量伤害。
,
,
,
Heartichoke_name,心蓟
,
,
,
Heartichoke_shortDesc,在植物或你的英雄得到治疗时，对僵尸英雄造成等量伤害。
,
,
,
HEARTY,<u>健壮</u>\n他们能使用高生命值、装甲和治疗能力胜过对手！\n\n带“健壮”属性的英雄可以使用健壮牌。
,
,
,
HERALD_CARD_WITH_CASUAL_TEXT_TOOLTIP,{0}\n<size=90%><color=#ADCDF5>{1}
,
,
,
HERALD_CARD_WITHOUT_CASUAL_TEXT_TOOLTIP,<color=#ADCDF5>{1}
,
,
,
hero_BetaCarrotina_name,贝塔胡萝卜蒂娜
,
,
,
hero_BrainFreeze_name,急冻魔
,
,
,
hero_Chomper_name,霸王大嘴花
,
,
,
hero_Citron_name,香橼猎手
,
,
,
hero_CptBrainz_name,超尸
,
,
,
hero_Cyborg_name,锈铁侠
,
,
,
hero_Disco_name,霹雳舞王
,
,
,
HERO_FTUE_LEADS,带领
,
,
,
hero_Gargantuar_name,摔跤狂
,
,
,
hero_Grass_Knuckles_name,拳王菜
,
,
,
hero_HugeGigantacus_name,至尊大王
,
,
,
hero_Impfinity_name,无穷小子
,
,
,
HERO_INSPECTION_CURRENT_HERO_LEVEL,{0}级 - [未实装英雄升级]。
,
,
,
HERO_INSPECTION_UPGRADE_BUTTON_WITH_GOLD,升级{0}黄金
,
,
,
HERO_INSPECTION_UPGRADE_BUTTON_WITHOUT_GOLD,升级
,
,
,
HERO_INSPECTION_UPGRADE_FAILED,哎呀，有什么地方出错了。
,
,
,
HERO_LEADS_TEAMS,带领
,
,
,
hero_Neptuna_name,海妖
,
,
,
hero_NightCap_name,暗夜菇
,
,
,
hero_Penelopea_name,绿影侠
,
,
,
HERO_POWERS,超能力
,
,
,
hero_Professor_name,僵点子教授
,
,
,
HERO_QUEST_BETACARROTINA_1_DESC,打出两个贝塔胡萝卜蒂娜的超能力
,
,
,
HERO_QUEST_BETACARROTINA_1_TITLE,基因礼物
,
,
,
HERO_QUEST_BETACARROTINA_10_DESC,使用贝塔胡萝卜蒂娜赢得3场多人游戏
,
,
,
HERO_QUEST_BETACARROTINA_10_TITLE,贝塔之战
,
,
,
HERO_QUEST_BETACARROTINA_2_DESC,再抽3张牌
,
,
,
HERO_QUEST_BETACARROTINA_2_TITLE,小型召唤术
,
,
,
HERO_QUEST_BETACARROTINA_3_DESC,打出3个根茎
,
,
,
HERO_QUEST_BETACARROTINA_3_TITLE,根茎事业
,
,
,
HERO_QUEST_BETACARROTINA_4_DESC,打造一个光合作用系统（在“收藏”画面里点击它）
,
,
,
HERO_QUEST_BETACARROTINA_4_TITLE,来自太空的能量
,
,
,
HERO_QUEST_BETACARROTINA_5_DESC,提高6株植物的生命值
,
,
,
HERO_QUEST_BETACARROTINA_5_TITLE,向健康致敬
,
,
,
HERO_QUEST_BETACARROTINA_6_DESC,再抽9张牌
,
,
,
HERO_QUEST_BETACARROTINA_6_TITLE,召唤指挥官
,
,
,
HERO_QUEST_BETACARROTINA_7_DESC,使用根茎造成15点伤害
,
,
,
HERO_QUEST_BETACARROTINA_7_TITLE,根本伤害
,
,
,
HERO_QUEST_BETACARROTINA_8_DESC,打造1张宇宙豆（在“收藏”画面里点击它）
,
,
,
HERO_QUEST_BETACARROTINA_8_TITLE,星星豆
,
,
,
HERO_QUEST_BETACARROTINA_9_DESC,打出5张拥有组队能力的豆子
,
,
,
HERO_QUEST_BETACARROTINA_9_TITLE,豆豆堆
,
,
,
HERO_QUEST_BETACARROTINA_OVERVIEW,召唤贝塔胡萝卜蒂娜的队伍阻击僵尸入侵！
,
,
,
HERO_QUEST_BRAINFREEZE_1_DESC,打出两个急冻魔的超能力
,
,
,
HERO_QUEST_BRAINFREEZE_1_TITLE,寒冷的一天
,
,
,
HERO_QUEST_BRAINFREEZE_10_DESC,使用急冻魔赢得3场多人游戏
,
,
,
HERO_QUEST_BRAINFREEZE_10_TITLE,凌冽寒风
,
,
,
HERO_QUEST_BRAINFREEZE_2_DESC,打出3张宠物牌
,
,
,
HERO_QUEST_BRAINFREEZE_2_TITLE,完美宠物
,
,
,
HERO_QUEST_BRAINFREEZE_3_DESC,使用动物园僵尸提高4张宠物牌的力量
,
,
,
HERO_QUEST_BRAINFREEZE_3_TITLE,宠物护理
,
,
,
HERO_QUEST_BRAINFREEZE_4_DESC,打造1张遛狗僵尸（在“收藏”画面里点击它）
,
,
,
HERO_QUEST_BRAINFREEZE_4_DESC_PC,打造一张僵尸鸡（在“收藏”画面里选择它）
,
,
,
HERO_QUEST_BRAINFREEZE_4_TITLE,遛狗日
,
,
,
HERO_QUEST_BRAINFREEZE_5_DESC,将遛狗僵尸的力量提高至5点
,
,
,
HERO_QUEST_BRAINFREEZE_5_TITLE,乖狗狗！
,
,
,
HERO_QUEST_BRAINFREEZE_6_DESC,场上已有动物园僵尸时，打出3张宠物锦囊牌
,
,
,
HERO_QUEST_BRAINFREEZE_6_TITLE,蛮力兽群
,
,
,
HERO_QUEST_BRAINFREEZE_7_DESC,提高3张宠物牌在水中的力量
,
,
,
HERO_QUEST_BRAINFREEZE_7_TITLE,水花四溅
,
,
,
HERO_QUEST_BRAINFREEZE_8_DESC,打造一张吸血僵尸（在“收藏”画面里点击它）
,
,
,
HERO_QUEST_BRAINFREEZE_8_TITLE,脖子好痛
,
,
,
HERO_QUEST_BRAINFREEZE_9_DESC,将吸血僵尸的力量提高至8点
,
,
,
HERO_QUEST_BRAINFREEZE_9_TITLE,投食盛宴
,
,
,
HERO_QUEST_BRAINFREEZE_OVERVIEW,急冻魔非常喜欢宠物！和这个超级大雪人联手作战，找出背后的原因吧。
,
,
,
HERO_QUEST_CAPTAINCOMBUSTIBLE_1_DESC,打出两个火爆队长的超能力
,
,
,
HERO_QUEST_CAPTAINCOMBUSTIBLE_1_TITLE,战场烈焰
,
,
,
HERO_QUEST_CAPTAINCOMBUSTIBLE_10_DESC,使用火爆队长赢得3场多人游戏
,
,
,
HERO_QUEST_CAPTAINCOMBUSTIBLE_10_TITLE,队长大征战
,
,
,
HERO_QUEST_CAPTAINCOMBUSTIBLE_2_DESC,使用植物完成3次额外攻击
,
,
,
HERO_QUEST_CAPTAINCOMBUSTIBLE_2_TITLE,攻击攻击再攻击
,
,
,
HERO_QUEST_CAPTAINCOMBUSTIBLE_3_DESC,将一张植物牌的力量提高至4点
,
,
,
HERO_QUEST_CAPTAINCOMBUSTIBLE_3_TITLE,根强叶茂
,
,
,
HERO_QUEST_CAPTAINCOMBUSTIBLE_4_DESC,打造1张莓果之怒（在“收藏”画面里点击它）
,
,
,
HERO_QUEST_CAPTAINCOMBUSTIBLE_4_DESC_PC,打造一张派对百里香（在“收藏”画面里选择它）
,
,
,
HERO_QUEST_CAPTAINCOMBUSTIBLE_4_TITLE,你不会喜欢我
,
,
,
HERO_QUEST_CAPTAINCOMBUSTIBLE_5_DESC,使用莓果之怒提高4株植物的力量
,
,
,
HERO_QUEST_CAPTAINCOMBUSTIBLE_5_TITLE,愤怒管理
,
,
,
HERO_QUEST_CAPTAINCOMBUSTIBLE_6_DESC,将双发射手的力量提高至6点
,
,
,
HERO_QUEST_CAPTAINCOMBUSTIBLE_6_TITLE,双重乐趣
,
,
,
HERO_QUEST_CAPTAINCOMBUSTIBLE_7_DESC,使用锦囊牌造成15点伤害
,
,
,
HERO_QUEST_CAPTAINCOMBUSTIBLE_7_TITLE,阴险招式
,
,
,
HERO_QUEST_CAPTAINCOMBUSTIBLE_8_DESC,打造1张追击苔藓（在“收藏”画面里点击它）
,
,
,
HERO_QUEST_CAPTAINCOMBUSTIBLE_8_TITLE,没有苔藓就没有收获
,
,
,
HERO_QUEST_CAPTAINCOMBUSTIBLE_9_DESC,使用追击苔藓完成3次额外攻击
,
,
,
HERO_QUEST_CAPTAINCOMBUSTIBLE_9_TITLE,能再来一次吗？
,
,
,
HERO_QUEST_CAPTAINCOMBUSTIBLE_OVERVIEW,释放火爆队长的强大额外攻击能力！
,
,
,
HERO_QUEST_CHAIN_COMPLETE,英雄任务\n已完成！
,
,
,
HERO_QUEST_CHAIN_COMPLETE_COUNT,已完成{0}项任务，共{1}项
,
,
,
HERO_QUEST_CHOMPZILLA_1_DESC,打出两个霸王大嘴花的超能力
,
,
,
HERO_QUEST_CHOMPZILLA_1_TITLE,我好饿啊！
,
,
,
HERO_QUEST_CHOMPZILLA_10_DESC,使用霸王大嘴花赢得3场多人游戏
,
,
,
HERO_QUEST_CHOMPZILLA_10_TITLE,大嘴冲冲冲！
,
,
,
HERO_QUEST_CHOMPZILLA_2_DESC,为霸王大嘴花或植物治疗5点生命值
,
,
,
HERO_QUEST_CHOMPZILLA_2_TITLE,感觉好点没？
,
,
,
HERO_QUEST_CHOMPZILLA_3_DESC,再抽6张牌
,
,
,
HERO_QUEST_CHOMPZILLA_3_TITLE,准备，抽牌！
,
,
,
HERO_QUEST_CHOMPZILLA_4_DESC,打造1张辣椒博士（在“收藏”画面里点击它）
,
,
,
HERO_QUEST_CHOMPZILLA_4_DESC_PC,打造一张打僵尸（在“收藏”画面里选择它）
,
,
,
HERO_QUEST_CHOMPZILLA_4_TITLE,盆栽辣椒大救援
,
,
,
HERO_QUEST_CHOMPZILLA_5_DESC,将辣椒博士的力量提高至6点
,
,
,
HERO_QUEST_CHOMPZILLA_5_TITLE,博士登场
,
,
,
HERO_QUEST_CHOMPZILLA_6_DESC,治疗5株植物
,
,
,
HERO_QUEST_CHOMPZILLA_6_TITLE,草坪护理
,
,
,
HERO_QUEST_CHOMPZILLA_7_DESC,使用1张锦囊牌消灭一只拥有6点或更高力量的僵尸
,
,
,
HERO_QUEST_CHOMPZILLA_7_TITLE,越来越壮
,
,
,
HERO_QUEST_CHOMPZILLA_8_DESC,打造1张高能向日葵（在“收藏”画面里点击它）
,
,
,
HERO_QUEST_CHOMPZILLA_8_TITLE,帅呆了！
,
,
,
HERO_QUEST_CHOMPZILLA_9_DESC,使用高能向日葵为霸王大嘴花治疗10点生命值
,
,
,
HERO_QUEST_CHOMPZILLA_9_TITLE,花瓣的力量
,
,
,
HERO_QUEST_CHOMPZILLA_OVERVIEW,用霸王大嘴花的好胃口吞噬僵尸敌人！
,
,
,
HERO_QUEST_CITRON_1_DESC,打出两个香橼猎手的超能力
,
,
,
HERO_QUEST_CITRON_1_TITLE,举起盾来！
,
,
,
HERO_QUEST_CITRON_10_DESC,使用香橼猎手赢得3场多人游戏
,
,
,
HERO_QUEST_CITRON_10_TITLE,香橼猎手的凯旋
,
,
,
HERO_QUEST_CITRON_2_DESC,打出3张豆子
,
,
,
HERO_QUEST_CITRON_2_TITLE,磨豆机
,
,
,
HERO_QUEST_CITRON_3_DESC,打出3张拥有组队能力的植物
,
,
,
HERO_QUEST_CITRON_3_TITLE,人多力量大
,
,
,
HERO_QUEST_CITRON_4_DESC,打造1张弹簧豆（在“收藏”画面里点击它）
,
,
,
HERO_QUEST_CITRON_4_DESC_PC,打造一张海军豆（在“收藏”画面里选择它）
,
,
,
HERO_QUEST_CITRON_4_TITLE,我跳我跳我跳跳跳！
,
,
,
HERO_QUEST_CITRON_5_DESC,弹射3只僵尸
,
,
,
HERO_QUEST_CITRON_5_TITLE,飞上天吧！
,
,
,
HERO_QUEST_CITRON_6_DESC,使用拥有“两栖”能力的植物造成8点伤害
,
,
,
HERO_QUEST_CITRON_6_TITLE,浑身湿透
,
,
,
HERO_QUEST_CITRON_7_DESC,回合结束时有3株植物未受到伤害
,
,
,
HERO_QUEST_CITRON_7_TITLE,毫发无伤
,
,
,
HERO_QUEST_CITRON_8_DESC,打造1张海军上将豆（在“收藏”画面里点击它）
,
,
,
HERO_QUEST_CITRON_8_TITLE,出海去！
,
,
,
HERO_QUEST_CITRON_9_DESC,使用海军上将豆的特殊能力造成10点伤害
,
,
,
HERO_QUEST_CITRON_9_TITLE,豆豆大作战
,
,
,
HERO_QUEST_CITRON_OVERVIEW,与香橼猎手和他的两栖朋友们共赴战场！
,
,
,
HERO_QUEST_ELECTRICBOOGALOO_1_DESC,打出两个霹雳舞王的超能力
,
,
,
HERO_QUEST_ELECTRICBOOGALOO_1_TITLE,经典舞蹈
,
,
,
HERO_QUEST_ELECTRICBOOGALOO_10_DESC,使用霹雳舞王赢得3场多人游戏
,
,
,
HERO_QUEST_ELECTRICBOOGALOO_10_TITLE,舞动人生
,
,
,
HERO_QUEST_ELECTRICBOOGALOO_2_DESC,打出3张跳舞僵尸
,
,
,
HERO_QUEST_ELECTRICBOOGALOO_2_TITLE,三人探戈
,
,
,
HERO_QUEST_ELECTRICBOOGALOO_3_DESC,使用花衣吹笛手的特殊能力消灭一株植物
,
,
,
HERO_QUEST_ELECTRICBOOGALOO_3_TITLE,吹笛手的召唤
,
,
,
HERO_QUEST_ELECTRICBOOGALOO_4_DESC,打造1张助兴僵尸（在“收藏”画面里点击它）
,
,
,
HERO_QUEST_ELECTRICBOOGALOO_4_DESC_PC,打造一张助兴僵尸（在“收藏”画面里选择它）
,
,
,
HERO_QUEST_ELECTRICBOOGALOO_4_TITLE,为权利而战
,
,
,
HERO_QUEST_ELECTRICBOOGALOO_5_DESC,场上已有助兴僵尸时，打出迪斯科僵尸
,
,
,
HERO_QUEST_ELECTRICBOOGALOO_5_TITLE,派对开场！
,
,
,
HERO_QUEST_ELECTRICBOOGALOO_6_DESC,召唤6张伴舞僵尸
,
,
,
HERO_QUEST_ELECTRICBOOGALOO_6_TITLE,能给我来个舞伴吗？
,
,
,
HERO_QUEST_ELECTRICBOOGALOO_7_DESC,使用弗拉明戈僵尸对植物英雄造成16点伤害
,
,
,
HERO_QUEST_ELECTRICBOOGALOO_7_TITLE,亡灵舞者
,
,
,
HERO_QUEST_ELECTRICBOOGALOO_8_DESC,打造1张小丑僵尸（在“收藏”画面里点击它）
,
,
,
HERO_QUEST_ELECTRICBOOGALOO_8_TITLE,胡闹小丑
,
,
,
HERO_QUEST_ELECTRICBOOGALOO_9_DESC,使用小丑僵尸的特殊能力造成10点伤害
,
,
,
HERO_QUEST_ELECTRICBOOGALOO_9_TITLE,逮住了！
,
,
,
HERO_QUEST_ELECTRICBOOGALOO_OVERVIEW,与霹雳舞王一道通过舞蹈称霸战场！
,
,
,
HERO_QUEST_GRASSKNUCKLES_1_DESC,打出两个拳王菜的超能力
,
,
,
HERO_QUEST_GRASSKNUCKLES_1_TITLE,地面锤击
,
,
,
HERO_QUEST_GRASSKNUCKLES_10_DESC,使用拳王菜赢得3场多人游戏
,
,
,
HERO_QUEST_GRASSKNUCKLES_10_TITLE,迎面一拳
,
,
,
HERO_QUEST_GRASSKNUCKLES_2_DESC,增加3株植物的生命值
,
,
,
HERO_QUEST_GRASSKNUCKLES_2_TITLE,加把劲
,
,
,
HERO_QUEST_GRASSKNUCKLES_3_DESC,打出所有卡牌并结束回合
,
,
,
HERO_QUEST_GRASSKNUCKLES_3_TITLE,快速部署
,
,
,
HERO_QUEST_GRASSKNUCKLES_4_DESC,打造1张仙人掌（在“收藏”画面里点击它）
,
,
,
HERO_QUEST_GRASSKNUCKLES_4_DESC_PC,打造一张拳击白菜（在“收藏”画面里选择它）
,
,
,
HERO_QUEST_GRASSKNUCKLES_4_TITLE,带刺性格
,
,
,
HERO_QUEST_GRASSKNUCKLES_5_DESC,打出3张拥有“必中”能力的植物
,
,
,
HERO_QUEST_GRASSKNUCKLES_5_TITLE,瞄准练习
,
,
,
HERO_QUEST_GRASSKNUCKLES_6_DESC,在第6回合结束后赢得游戏
,
,
,
HERO_QUEST_GRASSKNUCKLES_6_TITLE,做个了断
,
,
,
HERO_QUEST_GRASSKNUCKLES_7_DESC,对使用“必中”能力的僵尸英雄造成12点伤害
,
,
,
HERO_QUEST_GRASSKNUCKLES_7_TITLE,避之不及
,
,
,
HERO_QUEST_GRASSKNUCKLES_8_DESC,打造一个植物养料（在“收藏”画面里点击它）
,
,
,
HERO_QUEST_GRASSKNUCKLES_8_TITLE,植物梦寐以求的
,
,
,
HERO_QUEST_GRASSKNUCKLES_9_DESC,提高5株拥有“必中”能力的植物的力量
,
,
,
HERO_QUEST_GRASSKNUCKLES_9_TITLE,相互伤害吧
,
,
,
HERO_QUEST_GRASSKNUCKLES_OVERVIEW,与拳王菜一道培养一队重量级拳手
,
,
,
HERO_QUEST_GREENSHADOW_1_DESC,打出两个绿影侠的超能力
,
,
,
HERO_QUEST_GREENSHADOW_1_TITLE,轰炸快乐
,
,
,
HERO_QUEST_GREENSHADOW_10_DESC,使用绿影侠赢得3场多人游戏
,
,
,
HERO_QUEST_GREENSHADOW_10_TITLE,绿影侠崛起
,
,
,
HERO_QUEST_GREENSHADOW_2_DESC,打出3张豌豆
,
,
,
HERO_QUEST_GREENSHADOW_2_TITLE,豌豆与你同在
,
,
,
HERO_QUEST_GREENSHADOW_3_DESC,使用火炬树桩提高豌豆的力量
,
,
,
HERO_QUEST_GREENSHADOW_3_TITLE,灯火通明！
,
,
,
HERO_QUEST_GREENSHADOW_4_DESC,打造1张飞天射手（在“收藏”画面里点击它）
,
,
,
HERO_QUEST_GREENSHADOW_4_DESC_PC,打造一张飞天射手（在“收藏”画面里选择它）
,
,
,
HERO_QUEST_GREENSHADOW_4_TITLE,飞天无限
,
,
,
HERO_QUEST_GREENSHADOW_5_DESC,在高地打出2张飞天射手
,
,
,
HERO_QUEST_GREENSHADOW_5_TITLE,从天而降
,
,
,
HERO_QUEST_GREENSHADOW_6_DESC,在水中打出4张植物
,
,
,
HERO_QUEST_GREENSHADOW_6_TITLE,泼泼更健康
,
,
,
HERO_QUEST_GREENSHADOW_7_DESC,将三重射手的力量提高至3点
,
,
,
HERO_QUEST_GREENSHADOW_7_TITLE,三重之力
,
,
,
HERO_QUEST_GREENSHADOW_8_DESC,打造1张豆荚教父（在“收藏”画面里点击它）
,
,
,
HERO_QUEST_GREENSHADOW_8_DESC_PC,打造一张豆荚教父（在“收藏”画面里选择它）
,
,
,
HERO_QUEST_GREENSHADOW_8_TITLE,豌豆田的元老
,
,
,
HERO_QUEST_GREENSHADOW_9_DESC,使用豆荚教父提高4张豌豆的力量
,
,
,
HERO_QUEST_GREENSHADOW_9_TITLE,豌豆之力传承
,
,
,
HERO_QUEST_GREENSHADOW_OVERVIEW,使用一队豌豆提高绿影侠实力！
,
,
,
HERO_QUEST_HUGEGIGANTICUS_1_DESC,打出两个至尊大王的超能力
,
,
,
HERO_QUEST_HUGEGIGANTICUS_1_TITLE,恐怖创造者
,
,
,
HERO_QUEST_HUGEGIGANTICUS_10_DESC,使用至尊大王赢得3场多人游戏
,
,
,
HERO_QUEST_HUGEGIGANTICUS_10_TITLE,巨型攻击！
,
,
,
HERO_QUEST_HUGEGIGANTICUS_2_DESC,打出2张传送（你可以从他的传送站超能力中获得它们）
,
,
,
HERO_QUEST_HUGEGIGANTICUS_2_TITLE,传送任务
,
,
,
HERO_QUEST_HUGEGIGANTICUS_3_DESC,打出5张科学家牌
,
,
,
HERO_QUEST_HUGEGIGANTICUS_3_TITLE,科技刚刚好
,
,
,
HERO_QUEST_HUGEGIGANTICUS_4_DESC,打造1张脑髓星云（在“收藏”画面里点击它）
,
,
,
HERO_QUEST_HUGEGIGANTICUS_4_TITLE,脑子在哪！
,
,
,
HERO_QUEST_HUGEGIGANTICUS_5_DESC,获取9个额外脑子
,
,
,
HERO_QUEST_HUGEGIGANTICUS_5_TITLE,遍地脑子
,
,
,
HERO_QUEST_HUGEGIGANTICUS_6_DESC,冻结5株植物
,
,
,
HERO_QUEST_HUGEGIGANTICUS_6_TITLE,太空好冷
,
,
,
HERO_QUEST_HUGEGIGANTICUS_7_DESC,将一个月行者的力量提高至4点
,
,
,
HERO_QUEST_HUGEGIGANTICUS_7_TITLE,太空营地
,
,
,
HERO_QUEST_HUGEGIGANTICUS_8_DESC,打造1张宇宙小鬼（在“收藏”画面里点击它）
,
,
,
HERO_QUEST_HUGEGIGANTICUS_8_TITLE,不明飞行鬼
,
,
,
HERO_QUEST_HUGEGIGANTICUS_9_DESC,打出3张拥有“致命”能力的小鬼
,
,
,
HERO_QUEST_HUGEGIGANTICUS_9_TITLE,辐射毒素
,
,
,
HERO_QUEST_HUGEGIGANTICUS_OVERVIEW,更改环境，满足至尊大王的需求。
,
,
,
HERO_QUEST_ICON_COMPLETED_BADGE,已完成
,
,
,
HERO_QUEST_ICON_NEW_BADGE,新
,
,
,
HERO_QUEST_IMMORTICIA_1_DESC,打出两个不死女妖的超能力
,
,
,
HERO_QUEST_IMMORTICIA_1_TITLE,迷离诱惑
,
,
,
HERO_QUEST_IMMORTICIA_10_DESC,使用不死女妖赢得3场多人游戏
,
,
,
HERO_QUEST_IMMORTICIA_10_TITLE,绝世女妖
,
,
,
HERO_QUEST_IMMORTICIA_2_DESC,打出4张锦囊牌
,
,
,
HERO_QUEST_IMMORTICIA_2_TITLE,四张锦囊牌
,
,
,
HERO_QUEST_IMMORTICIA_3_DESC,将狗仔队僵尸的力量提高至3点
,
,
,
HERO_QUEST_IMMORTICIA_3_TITLE,偷拍的威力
,
,
,
HERO_QUEST_IMMORTICIA_4_DESC,打造1张传我上飞船（在“收藏”画面里点击它）
,
,
,
HERO_QUEST_IMMORTICIA_4_DESC_PC,打造一张传我上飞船（在“收藏”画面里选择它）
,
,
,
HERO_QUEST_IMMORTICIA_4_TITLE,传送专家
,
,
,
HERO_QUEST_IMMORTICIA_5_DESC,打出3张可以召唤僵尸的锦囊牌
,
,
,
HERO_QUEST_IMMORTICIA_5_TITLE,智商碾压
,
,
,
HERO_QUEST_IMMORTICIA_6_DESC,再抽6张牌
,
,
,
HERO_QUEST_IMMORTICIA_6_TITLE,碰碰运气
,
,
,
HERO_QUEST_IMMORTICIA_7_DESC,使用锦囊牌消灭5株植物
,
,
,
HERO_QUEST_IMMORTICIA_7_TITLE,卑鄙伎俩
,
,
,
HERO_QUEST_IMMORTICIA_8_DESC,打造一张绅士僵尸（在“收藏”画面里点击它）
,
,
,
HERO_QUEST_IMMORTICIA_8_TITLE,绅士的召唤
,
,
,
HERO_QUEST_IMMORTICIA_9_DESC,在锦囊牌上花费25个脑子
,
,
,
HERO_QUEST_IMMORTICIA_9_TITLE,脑有所值
,
,
,
HERO_QUEST_IMMORTICIA_OVERVIEW,不死女妖诡计多端。帮她酝酿几张克敌制胜的锦囊牌吧！
,
,
,
HERO_QUEST_IMPFINITY_1_DESC,打出两个无穷小子的超能力
,
,
,
HERO_QUEST_IMPFINITY_1_TITLE,无穷三部曲
,
,
,
HERO_QUEST_IMPFINITY_10_DESC,使用无穷小子赢得3场多人游戏
,
,
,
HERO_QUEST_IMPFINITY_10_TITLE,大力无穷小子
,
,
,
HERO_QUEST_IMPFINITY_2_DESC,打出3张小鬼
,
,
,
HERO_QUEST_IMPFINITY_2_TITLE,恶作剧
,
,
,
HERO_QUEST_IMPFINITY_3_DESC,在所有线上填满僵尸
,
,
,
HERO_QUEST_IMPFINITY_3_TITLE,遍地僵尸
,
,
,
HERO_QUEST_IMPFINITY_4_DESC,打造1张热狗小鬼（在“收藏”画面里点击它）
,
,
,
HERO_QUEST_IMPFINITY_4_DESC_PC,打造一张蛋糕炸弹（在“收藏”画面里选择它）
,
,
,
HERO_QUEST_IMPFINITY_4_TITLE,疼痛滋味
,
,
,
HERO_QUEST_IMPFINITY_5_DESC,使用拥有“穿透”能力的僵尸造成8点伤害
,
,
,
HERO_QUEST_IMPFINITY_5_TITLE,彻底改造
,
,
,
HERO_QUEST_IMPFINITY_6_DESC,使用“致命”能力消灭5株植物
,
,
,
HERO_QUEST_IMPFINITY_6_TITLE,致命武器
,
,
,
HERO_QUEST_IMPFINITY_7_DESC,使用锦囊牌对植物造成8点伤害
,
,
,
HERO_QUEST_IMPFINITY_7_TITLE,一袋锦囊牌
,
,
,
HERO_QUEST_IMPFINITY_8_DESC,打造1张小鬼队长（在“收藏”画面里点击它）
,
,
,
HERO_QUEST_IMPFINITY_8_TITLE,他是你老大
,
,
,
HERO_QUEST_IMPFINITY_9_DESC,使用小鬼队长抽5张牌
,
,
,
HERO_QUEST_IMPFINITY_9_TITLE,大肆掠夺
,
,
,
HERO_QUEST_IMPFINITY_OVERVIEW,用无穷小子和他的小鬼伙伴们制服植物。
,
,
,
HERO_QUEST_NEPTUNA_1_DESC,打出两个海妖的超能力
,
,
,
HERO_QUEST_NEPTUNA_1_TITLE,天降章鱼
,
,
,
HERO_QUEST_NEPTUNA_10_DESC,使用海妖赢得3场多人游戏
,
,
,
HERO_QUEST_NEPTUNA_10_TITLE,一条叫海妖的鱼
,
,
,
HERO_QUEST_NEPTUNA_2_DESC,显现3只隐藏在墓碑中的僵尸
,
,
,
HERO_QUEST_NEPTUNA_2_TITLE,惊人发现
,
,
,
HERO_QUEST_NEPTUNA_3_DESC,在水中打出2张僵尸
,
,
,
HERO_QUEST_NEPTUNA_3_TITLE,泳池派对
,
,
,
HERO_QUEST_NEPTUNA_4_DESC,打造1张墓碑雕刻家（在“收藏”画面里点击它）
,
,
,
HERO_QUEST_NEPTUNA_4_DESC_PC,打造一张跳跳僵尸（在“收藏”画面里选择它）
,
,
,
HERO_QUEST_NEPTUNA_4_TITLE,大理石和凿子
,
,
,
HERO_QUEST_NEPTUNA_5_DESC,使用墓碑雕刻家提高3只僵尸的力量
,
,
,
HERO_QUEST_NEPTUNA_5_TITLE,墓碑僵尸的挚友
,
,
,
HERO_QUEST_NEPTUNA_6_DESC,使用臭臭僵尸消灭3株植物
,
,
,
HERO_QUEST_NEPTUNA_6_TITLE,毒气浩劫
,
,
,
HERO_QUEST_NEPTUNA_7_DESC,打出6张拥有“墓碑”能力的僵尸
,
,
,
HERO_QUEST_NEPTUNA_7_TITLE,邪灵之地
,
,
,
HERO_QUEST_NEPTUNA_8_DESC,打造一张牛仔巨尸（在“收藏”画面里点击它）
,
,
,
HERO_QUEST_NEPTUNA_8_TITLE,伟岸牛仔
,
,
,
HERO_QUEST_NEPTUNA_9_DESC,移动3株植物
,
,
,
HERO_QUEST_NEPTUNA_9_TITLE,速速上场！
,
,
,
HERO_QUEST_NEPTUNA_OVERVIEW,海妖在对植物隐瞒着什么。潜入水中一探究竟吧。
,
,
,
HERO_QUEST_NIGHTCAP_1_DESC,打出两个暗夜菇的超能力
,
,
,
HERO_QUEST_NIGHTCAP_1_TITLE,菌菇欢乐颂
,
,
,
HERO_QUEST_NIGHTCAP_10_DESC,使用暗夜菇赢得3场多人游戏
,
,
,
HERO_QUEST_NIGHTCAP_10_TITLE,全能大蘑菇
,
,
,
HERO_QUEST_NIGHTCAP_2_DESC,打出3张蘑菇
,
,
,
HERO_QUEST_NIGHTCAP_2_TITLE,遍地蘑菇
,
,
,
HERO_QUEST_NIGHTCAP_3_DESC,打出5张花费2点阳光或以下的植物
,
,
,
HERO_QUEST_NIGHTCAP_3_TITLE,小个子军团
,
,
,
HERO_QUEST_NIGHTCAP_4_DESC,打造1张蘑菇头目（在“收藏”画面里点击它）
,
,
,
HERO_QUEST_NIGHTCAP_4_DESC_PC,打造一张蘑菇头目（在“收藏”画面里选择它）
,
,
,
HERO_QUEST_NIGHTCAP_4_TITLE,领导能力
,
,
,
HERO_QUEST_NIGHTCAP_5_DESC,将蘑菇头目的力量提高至6点
,
,
,
HERO_QUEST_NIGHTCAP_5_TITLE,数字的力量
,
,
,
HERO_QUEST_NIGHTCAP_6_DESC,场上已有4张植物
,
,
,
HERO_QUEST_NIGHTCAP_6_TITLE,植物趣多多
,
,
,
HERO_QUEST_NIGHTCAP_7_DESC,提高4株植物的力量
,
,
,
HERO_QUEST_NIGHTCAP_7_TITLE,放手干吧！
,
,
,
HERO_QUEST_NIGHTCAP_8_DESC,打造1张双人菇（在“收藏”画面里点击它）
,
,
,
HERO_QUEST_NIGHTCAP_8_TITLE,双菇悍将
,
,
,
HERO_QUEST_NIGHTCAP_9_DESC,在场上有3个其他蘑菇的时候，打出健身菇
,
,
,
HERO_QUEST_NIGHTCAP_9_TITLE,蘑菇大作战
,
,
,
HERO_QUEST_NIGHTCAP_OVERVIEW,协助暗夜菇带领他的蘑菇兵团对抗强大的怪物！
,
,
,
HERO_QUEST_PROFESSORBRAINSTORM_1_DESC,打出两个僵点子教授的超能力
,
,
,
HERO_QUEST_PROFESSORBRAINSTORM_1_TITLE,所有僵尸听我号令！
,
,
,
HERO_QUEST_PROFESSORBRAINSTORM_10_DESC,使用僵点子教授赢得3场多人游戏
,
,
,
HERO_QUEST_PROFESSORBRAINSTORM_10_TITLE,教授的制胜之道
,
,
,
HERO_QUEST_PROFESSORBRAINSTORM_2_DESC,打出2张科学家牌
,
,
,
HERO_QUEST_PROFESSORBRAINSTORM_2_TITLE,科技的力量！
,
,
,
HERO_QUEST_PROFESSORBRAINSTORM_3_DESC,使用僵尸完成3次额外攻击
,
,
,
HERO_QUEST_PROFESSORBRAINSTORM_3_TITLE,三重乐趣
,
,
,
HERO_QUEST_PROFESSORBRAINSTORM_4_DESC,打造1张僵尸无人机工程师（在“收藏”画面里点击它）
,
,
,
HERO_QUEST_PROFESSORBRAINSTORM_4_DESC_PC,打造一张电工僵尸（在“收藏”画面里选择它）
,
,
,
HERO_QUEST_PROFESSORBRAINSTORM_4_TITLE,发动工程师！
,
,
,
HERO_QUEST_PROFESSORBRAINSTORM_5_DESC,使用僵尸无人机工程师提高3张僵尸的力量
,
,
,
HERO_QUEST_PROFESSORBRAINSTORM_5_TITLE,懂科学的僵尸
,
,
,
HERO_QUEST_PROFESSORBRAINSTORM_6_DESC,使用一张拥有至少4点力量的僵尸完成一次额外攻击
,
,
,
HERO_QUEST_PROFESSORBRAINSTORM_6_TITLE,一笔大奖
,
,
,
HERO_QUEST_PROFESSORBRAINSTORM_7_DESC,打出3张科学家锦囊牌
,
,
,
HERO_QUEST_PROFESSORBRAINSTORM_7_TITLE,验证假设
,
,
,
HERO_QUEST_PROFESSORBRAINSTORM_8_DESC,打造一张道具发明家（在“收藏”画面里点击它）
,
,
,
HERO_QUEST_PROFESSORBRAINSTORM_8_TITLE,玩具总动员
,
,
,
HERO_QUEST_PROFESSORBRAINSTORM_9_DESC,使用科学家僵尸完成8次额外攻击
,
,
,
HERO_QUEST_PROFESSORBRAINSTORM_9_TITLE,进攻的额外攻击！
,
,
,
HERO_QUEST_PROFESSORBRAINSTORM_OVERVIEW,了解僵点子教授成功的科学奥秘！
,
,
,
HERO_QUEST_ROSE_1_DESC,打出两个玫瑰的超能力
,
,
,
HERO_QUEST_ROSE_1_TITLE,开咩玩笑
,
,
,
HERO_QUEST_ROSE_10_DESC,使用玫瑰赢得3场多人游戏
,
,
,
HERO_QUEST_ROSE_10_TITLE,玫瑰的崛起
,
,
,
HERO_QUEST_ROSE_2_DESC,打出2张雪豆射手
,
,
,
HERO_QUEST_ROSE_2_TITLE,冷啊！
,
,
,
HERO_QUEST_ROSE_3_DESC,冻结2张僵尸
,
,
,
HERO_QUEST_ROSE_3_TITLE,寒风刺骨
,
,
,
HERO_QUEST_ROSE_4_DESC,打造1张冰冻生菜（在“收藏”画面里点击它）
,
,
,
HERO_QUEST_ROSE_4_DESC_PC,打造一张冻辣椒（在“收藏”画面里选择它）
,
,
,
HERO_QUEST_ROSE_4_TITLE,生菜冲冲冲！
,
,
,
HERO_QUEST_ROSE_5_DESC,冻结植物所在线上的3张僵尸
,
,
,
HERO_QUEST_ROSE_5_TITLE,僵尸棒冰来啦
,
,
,
HERO_QUEST_ROSE_6_DESC,将小雪花的力量提高至5点
,
,
,
HERO_QUEST_ROSE_6_TITLE,人小力气大
,
,
,
HERO_QUEST_ROSE_7_DESC,使用拥有“组队”能力的植物造成10点伤害
,
,
,
HERO_QUEST_ROSE_7_TITLE,团结就是力量
,
,
,
HERO_QUEST_ROSE_8_DESC,打造1张冻辣椒（在“收藏”画面里点击它）
,
,
,
HERO_QUEST_ROSE_8_TITLE,冰火两重天
,
,
,
HERO_QUEST_ROSE_9_DESC,使用冻辣椒的特殊能力冻结3张僵尸
,
,
,
HERO_QUEST_ROSE_9_TITLE,冷酷无情
,
,
,
HERO_QUEST_ROSE_OVERVIEW,帮助玫瑰和她那些冰冷的好友冰冻僵尸。
,
,
,
HERO_QUEST_RUSTBOLT_1_DESC,打出两个锈铁侠的超能力
,
,
,
HERO_QUEST_RUSTBOLT_1_TITLE,相形见小
,
,
,
HERO_QUEST_RUSTBOLT_10_DESC,使用锈铁侠赢得3场多人游戏
,
,
,
HERO_QUEST_RUSTBOLT_10_TITLE,急速登顶
,
,
,
HERO_QUEST_RUSTBOLT_2_DESC,打出2张带“装甲”的僵尸
,
,
,
HERO_QUEST_RUSTBOLT_2_TITLE,它们受得了
,
,
,
HERO_QUEST_RUSTBOLT_3_DESC,使用滚石消灭一株植物
,
,
,
HERO_QUEST_RUSTBOLT_3_TITLE,宝贝，摇滚起来！
,
,
,
HERO_QUEST_RUSTBOLT_4_DESC,打造1张脑子商人（在“收藏”画面里点击它）
,
,
,
HERO_QUEST_RUSTBOLT_4_DESC_PC,打造一只园艺僵尸（在“收藏”画面里选择它）
,
,
,
HERO_QUEST_RUSTBOLT_4_TITLE,脑子！用点脑子！
,
,
,
HERO_QUEST_RUSTBOLT_5_DESC,获得额外脑子3次
,
,
,
HERO_QUEST_RUSTBOLT_5_TITLE,多多益善
,
,
,
HERO_QUEST_RUSTBOLT_6_DESC,治疗3张受伤的僵尸
,
,
,
HERO_QUEST_RUSTBOLT_6_TITLE,医疗僵尸！
,
,
,
HERO_QUEST_RUSTBOLT_7_DESC,增加5只僵尸的生命值
,
,
,
HERO_QUEST_RUSTBOLT_7_TITLE,激发活力
,
,
,
HERO_QUEST_RUSTBOLT_8_DESC,打造1张相扑僵尸（在“收藏”画面里点击它）
,
,
,
HERO_QUEST_RUSTBOLT_8_TITLE,来摔我啊！
,
,
,
HERO_QUEST_RUSTBOLT_9_DESC,使用僵尸将3株植物移动到线中
,
,
,
HERO_QUEST_RUSTBOLT_9_TITLE,快过来！
,
,
,
HERO_QUEST_RUSTBOLT_OVERVIEW,帮助锈铁侠让他的小兵更加强力并降低植物害虫的力量！
,
,
,
HERO_QUEST_SOLARFLARE_1_DESC,打出两个耀斑花的超能力
,
,
,
HERO_QUEST_SOLARFLARE_1_TITLE,防晒无用
,
,
,
HERO_QUEST_SOLARFLARE_10_DESC,使用耀斑花赢得3场多人游戏
,
,
,
HERO_QUEST_SOLARFLARE_10_TITLE,制胜耀斑
,
,
,
HERO_QUEST_SOLARFLARE_2_DESC,打出3张花朵
,
,
,
HERO_QUEST_SOLARFLARE_2_TITLE,花卉盛放
,
,
,
HERO_QUEST_SOLARFLARE_3_DESC,打出1张在第2回合花费3点阳光的牌
,
,
,
HERO_QUEST_SOLARFLARE_3_TITLE,事无巨细
,
,
,
HERO_QUEST_SOLARFLARE_4_DESC,打造1张回旋花（在“收藏”画面里点击它）
,
,
,
HERO_QUEST_SOLARFLARE_4_DESC_PC,打造一株金属向日葵（在“收藏”画面里选择它）
,
,
,
HERO_QUEST_SOLARFLARE_4_TITLE,花不离手
,
,
,
HERO_QUEST_SOLARFLARE_5_DESC,使用拥有“穿透”能力的植物对僵尸英雄造成9点伤害
,
,
,
HERO_QUEST_SOLARFLARE_5_TITLE,直捣要害
,
,
,
HERO_QUEST_SOLARFLARE_6_DESC,使用锦囊牌消灭4只僵尸
,
,
,
HERO_QUEST_SOLARFLARE_6_TITLE,出乎意料
,
,
,
HERO_QUEST_SOLARFLARE_7_DESC,使用特殊能力产生6点额外阳光
,
,
,
HERO_QUEST_SOLARFLARE_7_TITLE,作日光浴
,
,
,
HERO_QUEST_SOLARFLARE_8_DESC,打造一株放大草（在“收藏”画面里点击它）
,
,
,
HERO_QUEST_SOLARFLARE_8_TITLE,太阳供能
,
,
,
HERO_QUEST_SOLARFLARE_9_DESC,将放大草的力量提高至9点
,
,
,
HERO_QUEST_SOLARFLARE_9_TITLE,小心着火
,
,
,
HERO_QUEST_SOLARFLARE_OVERVIEW,释放耀斑花的花朵能量，并帮助她运用穿透能力取得胜利！
,
,
,
HERO_QUEST_SPUDOW_1_DESC,打出两个土豆仔的超能力
,
,
,
HERO_QUEST_SPUDOW_1_TITLE,高抛土豆 
,
,
,
HERO_QUEST_SPUDOW_10_DESC,使用土豆仔赢得3场多人游戏
,
,
,
HERO_QUEST_SPUDOW_10_TITLE,土豆仔出击！
,
,
,
HERO_QUEST_SPUDOW_2_DESC,变形一颗小种子
,
,
,
HERO_QUEST_SPUDOW_2_TITLE,千变万化！
,
,
,
HERO_QUEST_SPUDOW_3_DESC,提高5张植物的力量
,
,
,
HERO_QUEST_SPUDOW_3_TITLE,土生土长
,
,
,
HERO_QUEST_SPUDOW_4_DESC,打造1张土豆地雷（在“收藏”画面里点击它）
,
,
,
HERO_QUEST_SPUDOW_4_DESC_PC,打造1张土豆地雷（在“收藏”画面里点击它）
,
,
,
HERO_QUEST_SPUDOW_4_TITLE,遍地地雷！
,
,
,
HERO_QUEST_SPUDOW_5_DESC,打出5张力量为0的植物
,
,
,
HERO_QUEST_SPUDOW_5_TITLE,安静的植物
,
,
,
HERO_QUEST_SPUDOW_6_DESC,使用同一条线上的2株植物发动攻击
,
,
,
HERO_QUEST_SPUDOW_6_TITLE,以二敌一
,
,
,
HERO_QUEST_SPUDOW_7_DESC,移动4株植物
,
,
,
HERO_QUEST_SPUDOW_7_TITLE,行动起来
,
,
,
HERO_QUEST_SPUDOW_8_DESC,打造一株毒橡树（在“收藏”画面里点击它）
,
,
,
HERO_QUEST_SPUDOW_8_TITLE,一株有毒的树
,
,
,
HERO_QUEST_SPUDOW_9_DESC,使用毒橡树对僵尸英雄造成18点伤害
,
,
,
HERO_QUEST_SPUDOW_9_TITLE,剧毒伙伴
,
,
,
HERO_QUEST_SPUDOW_OVERVIEW,使用克制英雄力量帮土豆仔阻拦僵尸大军！
,
,
,
HERO_QUEST_SUPERBRAINZ_1_DESC,打出两个超尸的超能力
,
,
,
HERO_QUEST_SUPERBRAINZ_1_TITLE,移动时刻
,
,
,
HERO_QUEST_SUPERBRAINZ_10_DESC,使用超尸赢得3场多人游戏
,
,
,
HERO_QUEST_SUPERBRAINZ_10_TITLE,超酷游戏！
,
,
,
HERO_QUEST_SUPERBRAINZ_2_DESC,打出2张拥有“克制英雄”能力的僵尸
,
,
,
HERO_QUEST_SUPERBRAINZ_2_TITLE,英雄打击
,
,
,
HERO_QUEST_SUPERBRAINZ_3_DESC,对一只拥有“克制英雄”能力的僵尸使用烟雾弹
,
,
,
HERO_QUEST_SUPERBRAINZ_3_TITLE,灰飞烟灭
,
,
,
HERO_QUEST_SUPERBRAINZ_4_DESC,打造1张潜行小鬼（在“收藏”画面里点击它）
,
,
,
HERO_QUEST_SUPERBRAINZ_4_DESC_PC,打造一个惊喜巨尸（在“收藏”画面里选择它）
,
,
,
HERO_QUEST_SUPERBRAINZ_4_TITLE,永无期待
,
,
,
HERO_QUEST_SUPERBRAINZ_5_DESC,移动3只僵尸
,
,
,
HERO_QUEST_SUPERBRAINZ_5_TITLE,重新定位
,
,
,
HERO_QUEST_SUPERBRAINZ_6_DESC,使用拥有“致命”能力的僵尸发动一次额外攻击
,
,
,
HERO_QUEST_SUPERBRAINZ_6_TITLE,势不可挡
,
,
,
HERO_QUEST_SUPERBRAINZ_7_DESC,在第6回合结束前赢得一场游戏
,
,
,
HERO_QUEST_SUPERBRAINZ_7_TITLE,入局出局
,
,
,
HERO_QUEST_SUPERBRAINZ_8_DESC,打造一张惊喜巨人（在“收藏”画面里点击它）
,
,
,
HERO_QUEST_SUPERBRAINZ_8_DESC_PC,打造一个海象骑手（在“收藏”画面里选择它）
,
,
,
HERO_QUEST_SUPERBRAINZ_8_TITLE,不愉快的惊喜
,
,
,
HERO_QUEST_SUPERBRAINZ_9_DESC,使用“克制英雄”能力对植物英雄造成40点伤害
,
,
,
HERO_QUEST_SUPERBRAINZ_9_TITLE,痛彻心扉
,
,
,
HERO_QUEST_SUPERBRAINZ_OVERVIEW,让超级脑袋大显神威，让植物英雄了解到自己的无能。
,
,
,
HERO_QUEST_TAB_BUTTON_TITLE,英雄任务
,
,
,
HERO_QUEST_THESMASH_1_DESC,打出两个摔跤狂的超能力
,
,
,
HERO_QUEST_THESMASH_1_TITLE,大乱斗！
,
,
,
HERO_QUEST_THESMASH_10_DESC,使用摔跤狂赢得3场多人游戏
,
,
,
HERO_QUEST_THESMASH_10_TITLE,卫冕之战
,
,
,
HERO_QUEST_THESMASH_2_DESC,打出2张花费4点脑子或以上的僵尸
,
,
,
HERO_QUEST_THESMASH_2_TITLE,大家伙上场
,
,
,
HERO_QUEST_THESMASH_3_DESC,使用锦囊牌消灭3株植物
,
,
,
HERO_QUEST_THESMASH_3_TITLE,毫无抵御机会
,
,
,
HERO_QUEST_THESMASH_4_DESC,打造一只闹鬼僵尸（在“收藏”画面里点击它）
,
,
,
HERO_QUEST_THESMASH_4_DESC_PC,打造一只闹鬼僵尸（在“收藏”画面里选择它）
,
,
,
HERO_QUEST_THESMASH_4_TITLE,毛骨悚然！
,
,
,
HERO_QUEST_THESMASH_5_DESC,打出2只由闹鬼僵尸创造的闹鬼幽灵
,
,
,
HERO_QUEST_THESMASH_5_TITLE,更加毛骨悚然！
,
,
,
HERO_QUEST_THESMASH_6_DESC,为你的英雄治疗4次
,
,
,
HERO_QUEST_THESMASH_6_TITLE,他正需要治疗
,
,
,
HERO_QUEST_THESMASH_7_DESC,使用“狂热”能力完成3次额外攻击
,
,
,
HERO_QUEST_THESMASH_7_TITLE,群情激奋
,
,
,
HERO_QUEST_THESMASH_8_DESC,打造1张重击巨尸（在“收藏”画面里点击它）
,
,
,
HERO_QUEST_THESMASH_8_TITLE,巨大成功
,
,
,
HERO_QUEST_THESMASH_9_DESC,使用花费至少5点脑子的僵尸造成20点伤害
,
,
,
HERO_QUEST_THESMASH_9_TITLE,重量级人物
,
,
,
HERO_QUEST_THESMASH_OVERVIEW,和摔跤狂昂首而立，证明体形越大越占优。
,
,
,
HERO_QUEST_WALLKNIGHT_1_DESC,打出两个坚果骑士的超能力
,
,
,
HERO_QUEST_WALLKNIGHT_1_TITLE,无法摧毁
,
,
,
HERO_QUEST_WALLKNIGHT_10_DESC,使用坚果骑士赢得3场多人游戏
,
,
,
HERO_QUEST_WALLKNIGHT_10_TITLE,坚果骑士的凯旋
,
,
,
HERO_QUEST_WALLKNIGHT_2_DESC,打出3张坚果
,
,
,
HERO_QUEST_WALLKNIGHT_2_TITLE,真是坚定果断！
,
,
,
HERO_QUEST_WALLKNIGHT_3_DESC,将什锦坚果的力量提高至4
,
,
,
HERO_QUEST_WALLKNIGHT_3_TITLE,威力为尊
,
,
,
HERO_QUEST_WALLKNIGHT_4_DESC,打造一个健泳菱角（在“收藏”画面里点击它）
,
,
,
HERO_QUEST_WALLKNIGHT_4_DESC_PC,打造一个健泳菱角（在“收藏”画面里选择它）
,
,
,
HERO_QUEST_WALLKNIGHT_4_TITLE,水上争锋
,
,
,
HERO_QUEST_WALLKNIGHT_5_DESC,在前3个回合别让坚果骑士受伤
,
,
,
HERO_QUEST_WALLKNIGHT_5_TITLE,祝您健康
,
,
,
HERO_QUEST_WALLKNIGHT_6_DESC,使用刺头菠萝提高6株植物的力量
,
,
,
HERO_QUEST_WALLKNIGHT_6_TITLE,特别照顾小家伙
,
,
,
HERO_QUEST_WALLKNIGHT_7_DESC,使用窝瓜消灭3只僵尸
,
,
,
HERO_QUEST_WALLKNIGHT_7_TITLE,窝瓜大战
,
,
,
HERO_QUEST_WALLKNIGHT_8_DESC,打造1张夏威夷聪明果（在“收藏”画面里点击它）
,
,
,
HERO_QUEST_WALLKNIGHT_8_TITLE,凶猛攻击
,
,
,
HERO_QUEST_WALLKNIGHT_9_DESC,增加6张坚果的生命值
,
,
,
HERO_QUEST_WALLKNIGHT_9_TITLE,牢不可摧的坚果
,
,
,
HERO_QUEST_WALLKNIGHT_OVERVIEW,坚果骑士热衷于组队。帮他利用两张牌的力量！ 
,
,
,
HERO_QUEST_ZMECH_1_DESC,打出两个Z机甲的超能力
,
,
,
HERO_QUEST_ZMECH_1_TITLE,飞弹来袭！
,
,
,
HERO_QUEST_ZMECH_10_DESC,使用Z机甲赢得3场多人游戏
,
,
,
HERO_QUEST_ZMECH_10_TITLE,非凡机甲
,
,
,
HERO_QUEST_ZMECH_2_DESC,打出3张运动员僵尸
,
,
,
HERO_QUEST_ZMECH_2_TITLE,加入游戏
,
,
,
HERO_QUEST_ZMECH_3_DESC,使用蹦极管道工伤害3株植物
,
,
,
HERO_QUEST_ZMECH_3_TITLE,皓月当空
,
,
,
HERO_QUEST_ZMECH_4_DESC,打造一只掰腕僵尸（在“收藏”画面里点击它）
,
,
,
HERO_QUEST_ZMECH_4_DESC_PC,打造一只掰腕僵尸（在“收藏”画面里选择它）
,
,
,
HERO_QUEST_ZMECH_4_TITLE,暴力手腕
,
,
,
HERO_QUEST_ZMECH_5_DESC,将掰腕僵尸的力量提高至5点
,
,
,
HERO_QUEST_ZMECH_5_TITLE,来秀一秀肌肉！
,
,
,
HERO_QUEST_ZMECH_6_DESC,使用吉祥物小鬼提高5只僵尸的力量
,
,
,
HERO_QUEST_ZMECH_6_TITLE,加油！努力！获胜！
,
,
,
HERO_QUEST_ZMECH_7_DESC,在有植物的线上打出5次网球高手
,
,
,
HERO_QUEST_ZMECH_7_TITLE,三十比零
,
,
,
HERO_QUEST_ZMECH_8_DESC,打造1张僵尸教练（在“收藏”画面里点击它）
,
,
,
HERO_QUEST_ZMECH_8_TITLE,包含战术演示板
,
,
,
HERO_QUEST_ZMECH_9_DESC,使用特殊能力让5只僵尸“无法受到伤害”。
,
,
,
HERO_QUEST_ZMECH_9_TITLE,感觉受到保护
,
,
,
HERO_QUEST_ZMECH_OVERVIEW,Z机甲准备释放他的运动员僵尸。是时候拿出您的最佳表现了！
,
,
,
HERO_QUESTS_BETACARROTINA_COMPLETED_BAR,贝塔胡萝卜蒂娜的英雄任务已完成！
,
,
,
HERO_QUESTS_BRAINFREEZE_COMPLETED_BAR,急冻魔的英雄任务已完成！
,
,
,
HERO_QUESTS_CAPTAINCOMBUSTIBLE_COMPLETED_BAR,火爆队长的英雄任务已完成！
,
,
,
HERO_QUESTS_CHOMPZILLA_COMPLETED_BAR,霸王大嘴花的英雄任务已完成！
,
,
,
HERO_QUESTS_CITRON_COMPLETED_BAR,香橼猎手的英雄任务已完成！
,
,
,
HERO_QUESTS_COMPLETED_BAR,英雄任务已完成！
,
,
,
HERO_QUESTS_ELECTRICBOOGALOO_COMPLETED_BAR,霹雳舞王的英雄任务已完成！
,
,
,
HERO_QUESTS_GRASSKNUCKLES_COMPLETED_BAR,拳王菜的英雄任务已完成！
,
,
,
HERO_QUESTS_GREENSHADOW_COMPLETED_BAR,绿影侠的英雄任务已完成！
,
,
,
HERO_QUESTS_HUGEGIGANTICUS_COMPLETED_BAR,至尊大王的英雄任务已完成！
,
,
,
HERO_QUESTS_IMMORTICIA_COMPLETED_BAR,不死女妖的英雄任务已完成！
,
,
,
HERO_QUESTS_IMPFINITY_COMPLETED_BAR,无穷小子的英雄任务已完成！
,
,
,
HERO_QUESTS_NEPTUNA_COMPLETED_BAR,海妖的英雄任务已完成！
,
,
,
HERO_QUESTS_NIGHTCAP_COMPLETED_BAR,暗夜菇的英雄任务已完成！
,
,
,
HERO_QUESTS_PROFESSORBRAINSTORM_COMPLETED_BAR,僵点子教授的英雄任务已完成！
,
,
,
HERO_QUESTS_RELATED_CARDS_BAR,相关卡牌
,
,
,
HERO_QUESTS_RELATED_CARDS_SCREEN_DESCRIPTION,使用这些卡牌来完成你的英雄任务。点击打造卡牌！
,
,
,
HERO_QUESTS_RELATED_CARDS_SCREEN_DESCRIPTION_PC,使用这些卡牌来完成你的英雄任务。选择它们进行打造！
,
,
,
HERO_QUESTS_RELATED_CARDS_SCREEN_TITLE,相关卡牌
,
,
,
HERO_QUESTS_REWARDS_CARD,卡牌
,
,
,
HERO_QUESTS_REWARDS_GEMS,宝石
,
,
,
HERO_QUESTS_REWARDS_PACK,组合包
,
,
,
HERO_QUESTS_REWARDS_SPARKS,火花
,
,
,
HERO_QUESTS_REWARDS_TITLE,奖励：
,
,
,
HERO_QUESTS_ROSE_COMPLETED_BAR,玫瑰的英雄任务已完成！
,
,
,
HERO_QUESTS_RUSTBOLT_COMPLETED_BAR,锈铁侠的英雄任务已完成！
,
,
,
HERO_QUESTS_SOLARFLARE_COMPLETED_BAR,耀斑花的英雄任务已完成！
,
,
,
HERO_QUESTS_SPUDOW_COMPLETED_BAR,土豆仔的英雄任务已完成！
,
,
,
HERO_QUESTS_SUPERBRAINZ_COMPLETED_BAR,超尸的英雄任务已完成！
,
,
,
HERO_QUESTS_TAB_BUTTON_TITLE,英雄任务
,
,
,
HERO_QUESTS_THESMASH_COMPLETED_BAR,摔跤狂的英雄任务已完成！
,
,
,
HERO_QUESTS_WALLKNIGHT_COMPLETED_BAR,坚果骑士的英雄任务已完成！
,
,
,
HERO_QUESTS_ZMECH_COMPLETED_BAR,Z机甲的英雄任务已完成！
,
,
,
Hero_Reward_Cards_Collected_Plants,你解锁了{0}株新的{1}植物！
,
,
,
Hero_Reward_Cards_Collected_Zombies,你解锁了{0}只新的{1}僵尸！
,
,
,
HERO_REWARD_CHOICE_TITLE,你赢得了一名新英雄！\n选一个吧！
,
,
,
hero_Rose_name,玫瑰
,
,
,
hero_Scortchwood_name,火爆队长
,
,
,
HERO_SELECT_AUTO,自动组牌
,
,
,
HERO_SELECT_GARGANTUAR,摔跤狂
,
,
,
HERO_SELECT_PENELOPEA,绿影侠
,
,
,
HERO_SELECT_REFRESH_DECK_TUTORIAL_1,你有新牌了！\n点击“自动组牌”来改进你的牌组！
,
,
,
HERO_SELECT_REFRESH_DECK_TUTORIAL_1_PC,你有新牌了！\n选择“自动组牌”来改进你的牌组！
,
,
,
HERO_SELECT_TUTORIAL_1,准备开战吧！
,
,
,
HERO_SELECT_TUTORIAL_2,你可以在这里选择\n上阵的英雄和牌。
,
,
,
HERO_SELECT_TUTORIAL_3,你收集的牌越多，\n你的牌组就越给力！
,
,
,
hero_Spudow_name,土豆仔
,
,
,
hero_Sunflower_name,耀斑花
,
,
,
hero_WallKnight_name,坚果骑士
,
,
,
hero_Witch_name,不死女妖
,
,
,
hero_ZMech_name,Z机甲
,
,
,
HeroHealthTutorial_1,打败僵尸英雄！\n把他的生命值\n降到0！
,
,
,
HEROSELECT_ALMANAC,图鉴
,
,
,
HEROSELECT_PLAY,开始任务
,
,
,
HEROSELECT_RANDOM_FIGHTS,随机战斗
,
,
,
HEROSELECT_RANDOM_FIGHTS_INFO,在这些主线任务之外的单人战斗中挑战各种牌组。在没有任何特殊规则的限制下，您可以在这里测试牌组、完成任务并且赢得活动票券！
,
,
,
HEROSELECT_STORE,商店
,
,
,
HG,保证包含新英雄！
,
,
,
High Voltage Currant_flavorText,这些麻烦虫是想被关禁闭吧。
,
,
,
High Voltage Currant_heraldFighter,由高压醋栗召唤
,
,
,
High Voltage Currant_heraldTrick,由高压醋栗召唤
,
,
,
High Voltage Currant_longDesc,当另一株莓果造成伤害时，这张牌获得[+1a]。\n打出：[conjure]一张莓果。
,
,
,
High Voltage Currant_name,高压醋栗
,
,
,
High Voltage Currant_shortDesc,当另一株莓果造成伤害时，获得[+1a]。[conjure]一张莓果。
,
,
,
Hippity Hop Gargantuar_flavorText,有时，影像一旦入了眼，便无法从记忆中抹去。这便是其中一次。
,
,
,
Hippity Hop Gargantuar_heraldFighter,由蹦跳巨尸创造
,
,
,
Hippity Hop Gargantuar_longDesc,打出时及受伤时：在随机路径上制造一个神秘蛋。
,
,
,
Hippity Hop Gargantuar_name,蹦跳巨尸
,
,
,
Hippity Hop Gargantuar_shortDesc,打出时及受伤时：在随机路径上制造一个神秘蛋。
,
,
,
Hot Date_flavorText,他在各种约会网站上可是个抢手货，如eGardening、Thatch.com和OKTulip。
,
,
,
Hot Date_longDesc,打出： 把一个僵尸转移到这条线上。\n被消灭：对自己线上的一只僵尸造成3点伤害。
,
,
,
Hot Date_name,热辣约会
,
,
,
Hot Date_shortDesc,将一个僵尸转移到这条线上。被消灭：自己线上的一只僵尸造成3点伤害。
,
,
,
Hot Date_Targeting,选择一只僵尸来移动到热辣约会的线上。
,
,
,
Hot Dog Imp_flavorText,他只差那么一点就能穿上小鸡服装了，结果却被吉祥物小鬼抢了先。可恶！
,
,
,
Hot Dog Imp_longDesc,[strikethrough]
,
,
,
Hot Dog Imp_name,热狗小鬼
,
,
,
Hot Dog Imp_shortDesc,[strikethrough]
,
,
,
Hover-Goat 3000_flavorText,未来在翱翔，未来很激进，未来属于山羊。
,
,
,
Hover-Goat 3000_longDesc,[aquatic]\n打出：另一只僵尸获得[+2a]/[+2h]。\n受到伤害：[bounce]这只山羊。
,
,
,
Hover-Goat 3000_name,3000型火箭山羊
,
,
,
Hover-Goat 3000_shortDesc,[aquatic]。打出：另一张僵尸获得[+2a]/[+2h]。受到伤害：[bounce]这只山羊。
,
,
,
Hover-Goat 3000_Targeting,选择获得[+2a]/[+2h]的僵尸。
,
,
,
HQ10BF_AVAIL,限时急冻魔高级组合包现已在商店中上架！
,
,
,
HQ10BF_EXPIRE,别错过酷炫机会！限时急冻魔高级组合包即将下架！
,
,
,
HQ10CC_AVAIL,限时火爆队长高级组合包现已在商店中上架！
,
,
,
HQ10CC_EXPIRE,限时火爆队长高级组合包即将下架！点燃斗志！
,
,
,
HQ10CH_AVAIL,限时霸王大嘴花高级组合包现已在商店中上架！
,
,
,
HQ10CH_EXPIRE,限时霸王大嘴花高级组合包即将下架！瞧瞧它的大牙齿！
,
,
,
HQ10CI_AVAIL,限时香橼猎手高级组合包现已在商店中上架！
,
,
,
HQ10CI_EXPIRE,限时香橼猎手高级组合包即将下架！
,
,
,
HQ10EB_AVAIL,限时霹雳舞王高级组合包现已在商店中上架！
,
,
,
HQ10EB_EXPIRE,限时霹雳舞王高级组合包即将下架！
,
,
,
HQ10GK_AVAIL,限时拳王菜高级组合包现已在商店中上架！
,
,
,
HQ10GK_EXPIRE,限时拳王菜高级组合包即将下架！拳打脚踢，叶不沾身！
,
,
,
HQ10GS_AVAIL,限时绿影侠高级组合包现已在商店中上架！
,
,
,
HQ10GS_EXPIRE,限时绿影侠高级组合包即将下架！
,
,
,
HQ10IF_AVAIL,限时无穷小子高级组合包现已在商店中上架！
,
,
,
HQ10IF_EXPIRE,限时无穷小子高级组合包即将下架！
,
,
,
HQ10IM_AVAIL,限时不死女妖高级组合包现已在商店中上架！
,
,
,
HQ10IM_EXPIRE,限时不死女妖高级组合包即将下架！再也不用畏惧黑暗了！
,
,
,
HQ10NC_AVAIL,限时暗夜菇高级组合包现已在商店中上架！
,
,
,
HQ10NC_EXPIRE,限时暗夜菇高级组合包即将下架！
,
,
,
HQ10NE_AVAIL,限时海妖高级组合包现已在商店中上架！
,
,
,
HQ10NE_EXPIRE,从深海涌出！限时海妖高级组合包即将下架！
,
,
,
HQ10PB_AVAIL,限时僵点子教授高级组合包现已在商店中上架！
,
,
,
HQ10PB_EXPIRE,好好学习！限时僵点子教授高级组合包即将下架！
,
,
,
HQ10RB_AVAIL,限时锈铁侠高级组合包现已在商店中上架！
,
,
,
HQ10RB_EXPIRE,相信锈铁侠！限时锈铁侠高级组合包即将下架！
,
,
,
HQ10RO_AVAIL,鲜花总要绿叶配！限时玫瑰高级组合包现已在商店中上架！ 
,
,
,
HQ10RO_EXPIRE,限时玫瑰高级组合包即将下架！时间有限！
,
,
,
HQ10SB_AVAIL,限时超尸高级组合包现已在商店中上架！
,
,
,
HQ10SB_EXPIRE,限时超尸高级组合包即将下架！ 
,
,
,
HQ10SF_AVAIL,限时耀斑花高级组合包现已在商店中上架！
,
,
,
HQ10SF_EXPIRE,限时耀斑花高级组合包即将下架！是不是有点热？
,
,
,
HQ10SP_AVAIL,限时土豆仔高级组合包现已在商店中上架！
,
,
,
HQ10SP_EXPIRE,限时土豆仔高级组合包即将下架！
,
,
,
HQ10TS_AVAIL,限时摔跤狂高级组合包现已在商店中上架！ 
,
,
,
HQ10TS_EXPIRE,摔跤狂高级组合包即将下架！
,
,
,
HQ10WK_AVAIL,限时坚果骑士高级组合包现已在商店中上架！ 
,
,
,
HQ10WK_EXPIRE,限时坚果骑士高级组合包即将下架！
,
,
,
HQ10ZM_AVAIL,限时Z机甲高级组合包现已在商店中上架！ 
,
,
,
HQ10ZM_EXPIRE,限时Z机甲高级组合包即将下架！
,
,
,
HQ6BF_AVAIL,限时急冻魔高级组合包现已在商店中上架！
,
,
,
HQ6BF_EXPIRE,别错过酷炫机会！限时急冻魔高级组合包即将下架！
,
,
,
HQ6CC_AVAIL,限时火爆队长高级组合包现已在商店中上架！
,
,
,
HQ6CC_EXPIRE,限时火爆队长高级组合包即将下架！点燃斗志！
,
,
,
HQ6CH_AVAIL,限时霸王大嘴花高级组合包现已在商店中上架！
,
,
,
HQ6CH_EXPIRE,限时霸王大嘴花高级组合包即将下架！瞧瞧它的大牙齿！
,
,
,
HQ6CI_AVAIL,限时香橼猎手高级组合包现已在商店中上架！
,
,
,
HQ6CI_EXPIRE,限时香橼猎手高级组合包即将下架！
,
,
,
HQ6EB_AVAIL,限时霹雳舞王高级组合包现已在商店中上架！
,
,
,
HQ6EB_EXPIRE,限时霹雳舞王高级组合包即将下架！
,
,
,
HQ6GK_AVAIL,限时拳王菜高级组合包现已在商店中上架！
,
,
,
HQ6GK_EXPIRE,限时拳王菜高级组合包即将下架！拳打脚踢，叶不沾身！
,
,
,
HQ6GS_AVAIL,限时绿影侠高级组合包现已在商店中上架！
,
,
,
HQ6GS_EXPIRE,限时绿影侠高级组合包即将下架！
,
,
,
HQ6IF_AVAIL,限时无穷小子高级组合包现已在商店中上架！
,
,
,
HQ6IF_EXPIRE,限时无穷小子高级组合包即将下架！
,
,
,
HQ6IM_AVAIL,限时不死女妖高级组合包现已在商店中上架！
,
,
,
HQ6IM_EXPIRE,限时不死女妖高级组合包即将下架！再也不用畏惧黑暗了！
,
,
,
HQ6NC_AVAIL,限时暗夜菇高级组合包现已在商店中上架！
,
,
,
HQ6NC_EXPIRE,限时暗夜菇高级组合包即将下架！
,
,
,
HQ6NE_AVAIL,限时海妖高级组合包现已在商店中上架！
,
,
,
HQ6NE_EXPIRE,从深海涌出！限时海妖高级组合包即将下架！
,
,
,
HQ6PB_AVAIL,限时僵点子教授高级组合包现已在商店中上架！
,
,
,
HQ6PB_EXPIRE,好好学习！限时僵点子教授高级组合包即将下架！
,
,
,
HQ6RB_AVAIL,限时锈铁侠高级组合包现已在商店中上架！
,
,
,
HQ6RB_EXPIRE,相信锈铁侠！限时锈铁侠高级组合包即将下架！
,
,
,
HQ6RO_AVAIL,鲜花总要绿叶配！限时玫瑰高级组合包现已在商店中上架！ 
,
,
,
HQ6RO_EXPIRE,限时玫瑰高级组合包即将下架！时间有限！
,
,
,
HQ6SB_AVAIL,限时超尸高级组合包现已在商店中上架！
,
,
,
HQ6SB_EXPIRE,限时超尸高级组合包即将下架！ 
,
,
,
HQ6SF_AVAIL,限时耀斑花高级组合包现已在商店中上架！
,
,
,
HQ6SF_EXPIRE,限时耀斑花高级组合包即将下架！是不是有点热？
,
,
,
HQ6SP_AVAIL,限时土豆仔高级组合包现已在商店中上架！
,
,
,
HQ6SP_EXPIRE,限时土豆仔高级组合包即将下架！
,
,
,
HQ6TS_AVAIL,限时摔跤狂高级组合包现已在商店中上架！ 
,
,
,
HQ6TS_EXPIRE,摔跤狂高级组合包即将下架！
,
,
,
HQ6WK_AVAIL,限时坚果骑士高级组合包现已在商店中上架！ 
,
,
,
HQ6WK_EXPIRE,限时坚果骑士高级组合包即将下架！
,
,
,
HQ6ZM_AVAIL,限时Z机甲高级组合包现已在商店中上架！ 
,
,
,
HQ6ZM_EXPIRE,限时Z机甲高级组合包即将下架！
,
,
,
HUGE_WAVE,一大波僵尸正在靠近！
,
,
,
HugeGigantacus_bubble_01,星际守护者贝塔胡萝卜蒂娜带着她的星际植物卫士参战了！
,
,
,
HugeGigantacus_bubble_02,有人在Z号陨石上发现了太空僵尸……必须阻止他们！
,
,
,
HugeGigantacus_bubble_03,地球植物英雄前来相助！
,
,
,
HugeGigantacus_bubble_04,但至尊大王还有其他的计划……僵尸应当继承宇宙！（至少也得是……银河系。）
,
,
,
HUNGRY,<u>猛兽</u>\n他们能变得体型庞大和狂热，然后消灭敌人。\n\n带“猛兽”属性的英雄可以使用猛兽牌。
,
,
,
Hunting Grounds_flavorText,是僵尸猎恐龙，还是恐龙猎<i>僵尸？</i>
,
,
,
Hunting Grounds_longDesc,自己线上的僵尸获得[hunt]。有僵尸进入或离开这条线时，那只僵尸将获得[+1a]/[+1h]。
,
,
,
Hunting Grounds_name,狩猎场
,
,
,
Hunting Grounds_shortDesc,自己线上的僵尸获得[hunt]。有僵尸进入或离开这条线时，那只僵尸将获得[+1a]/[+1h]。
,
,
,
Ice Pirate_flavorText,你不会相信一大块太空冰在黑市上能换多少脑子。可以这么说：她有大量脑子。
,
,
,
Ice Pirate_longDesc,[gravestone]\n在环境中现身： [freeze]一株植物。
,
,
,
Ice Pirate_name,冰海盗
,
,
,
Ice Pirate_shortDesc,[gravestone]。在环境中现身：[freeze]一株植物。
,
,
,
Ice Pirate_Targeting,选择要[freeze]的植物。
,
,
,
Ice World_flavorText,一定要带一件暖和的毛衣。
,
,
,
Ice World_longDesc,这里的僵尸获得[strikethrough]。\n打出： [freeze]这里的所有植物。
,
,
,
Ice World_name,冰月球
,
,
,
Ice World_shortDesc,这里的僵尸获得[strikethrough]。打出：[freeze]这里的所有植物。
,
,
,
IF_AVAIL,超稀有牌魔咒僵尸现已加入限时无穷小子盟友包！
,
,
,
IF_EXPIRE,限时无穷小子盟友包即将下架！
,
,
,
IFD,包含康加舞僵尸、毒物小鬼和超稀有牌魔咒僵尸，最适合无穷小子！
,
,
,
IFD_V2,最适合无穷小子。限购4包！\n*<indent=5%>包含1张康加舞僵尸、毒物小鬼和超稀有牌魔咒僵尸</indent>\n*<indent=5%>3张高级套牌中的罕见牌</indent>
,
,
,
IFH,无穷小子盟友包
,
,
,
IM_AVAIL,闹鬼僵尸、吸血僵尸和超稀有召唤牌传送现已加入限时不死女妖盟友包！
,
,
,
IM_EXPIRE,限时不死女妖盟友包即将下架！再也不用畏惧黑暗了！
,
,
,
IMD,包含闹鬼僵尸、吸血僵尸和超稀有牌传送，完美适合不死女妖！
,
,
,
IMD_V2,最适合不死女妖。限购4包！\n*<indent=5%>包含1张闹鬼僵尸、吸血僵尸和超稀有牌传送</indent>\n*<indent=5%>3张高级套牌中的罕见牌</indent>
,
,
,
IMH,不死女妖盟友包
,
,
,
imitater_flavorText,谈到打击僵尸的秘密，模仿演员回答“……”。不愧是业内翘楚。
,
,
,
imitater_heraldFighter,由哑剧丑角变形而成
,
,
,
imitater_longDesc,当你打出植物时，这张牌变为那株植物的复制。
,
,
,
imitater_name,模仿演员
,
,
,
imitater_shortDesc,当你打出植物时，这张牌变为那株植物的复制。
,
,
,
Imp Pirate_flavorText,当他不和植物打仗的时候，你会看到他在机器陆行船的艉楼甲板上拖地。
,
,
,
Imp Pirate_longDesc,[aquatic]
,
,
,
Imp Pirate_name,水兵僵尸
,
,
,
Imp Pirate_shortDesc,[aquatic]
,
,
,
Impfinity,无穷小子能带领狡猾和疯帽队友参战。\n\n
,
,
,
Impfinity_0,点击任意位置继续！
,
,
,
Impfinity_0_PC,点击任意位置继续！
,
,
,
Imposter_flavorText,小鬼？侦探？谁能猜到他是谁？
,
,
,
Imposter_heraldFighter,由冒牌小鬼召唤 - 获得胡须
,
,
,
Imposter_heraldTrick,由冒牌小鬼召唤
,
,
,
Imposter_longDesc,被消灭：[conjure]一张[1b]费小鬼。它将获得胡须。
,
,
,
Imposter_name,冒牌小鬼
,
,
,
Imposter_shortDesc,被消灭：[conjure]一张[1b]费小鬼。它将获得胡须。
,
,
,
Imposter_Token_longDesc,
,
,
,
Imposter_Token_name,其他冒牌小鬼
,
,
,
Imposter_Token_shortDesc,
,
,
,
Imp-Throwing Imp_flavorText,但是，投小鬼的小鬼投出的小鬼在哪呢？？我们得好好研究一下…… 
,
,
,
Imp-Throwing Imp_heraldFighter,由投小鬼的小鬼创造
,
,
,
Imp-Throwing Imp_longDesc,受到伤害：在一条随机线上召唤一个花费不多于[2b]的随机小鬼。
,
,
,
Imp-Throwing Imp_name,投小鬼的小鬼
,
,
,
Imp-Throwing Imp_shortDesc,受到伤害：在一条随机线上召唤一个花费不多于[2b]的随机小鬼。
,
,
,
INBOX_DISPLAY,<u>欢迎体验三叠纪的胜利！</u>\n\n<u>全新50张卡牌套牌</u>\n“三叠纪的胜利”带来了新组合包中的50张胜利新卡牌！在发现巨大化石中的空心地球后，海妖并没有放过这片乐园，而是用新的海洋淹没了空心地球，并集结了大批僵尸探索者、海盗和理发师发动进攻。硕大的新僵尸和植物恐龙聚在冲突的顶峰，展开了机械与萝卜间的争斗。为应对威胁，植物和僵尸进化成了新形态，从暴躁的菠菜，到带着狗、鲸鱼、山羊和猴子的僵尸。步步击退植物英雄的同时，海妖的“三叠纪入侵”企图寻找并集合所有传说已久的胡须纪念碑……而且时间已经不多！快前往商店购买三叠纪的胜利组合包吧！\n\n<u>新技能：融合</u>\n在三叠纪的胜利中，您将发现10种不同的“融合”植物和僵尸卡牌，例如南瓜壳和杀人鲸。您在空白线中打出其中一张牌后，它将正常作战。随后，您可以在融合牌的上方再打出一株植物或僵尸，便可以使它们“融合”并释放特殊技能！正如您可以在其他卡牌上方打出进化植物一样，您也可以在融合植物上方打出其他卡牌。就像是进化上下颠倒了！\n\n<u>龙吼、进化和锦囊免疫</u>\n三叠纪的胜利是巨大化石的续集。因此，您在这里会发现15张新卡牌，这些卡牌将以新的方式带回巨大化石的关键技能。其中，有6张拥有龙吼技能的恐龙卡牌，7张进化卡牌和2张新的锦囊免疫卡牌。\n\n<u>卡牌平衡更新</u>\n我们相信，在游戏中设置大量提升胜利几率的创造性策略才最有意思。我们喜欢拥有大量强力的各种卡牌。也就是说，当某些卡牌过于强大时，这些策略会频繁出现，难以击败，最终使人恼怒。因此，基于卡牌胜率和玩家反馈，我们做出了一些卡牌平衡更新，帮助实现属性、英雄和策略的变化与均衡。这一次，我们比往常更为果敢，上下调整了一些卡牌的力量极值，使属性适中。任意卡牌削弱后，将临时增加其回收价值以匹配相应的制造费用，因此您可以回收一张发生变化的卡牌，以换取您所希望的其他同等稀有度物品。\n\n猛兽：\n- 投巨尸的小鬼现已增强：“受到伤害：在一条随机线上召唤一只花费为5的随机巨人。”而不总是召唤重击巨人。\n- 雪人午餐盒，也可由僵尸雪人召唤，现已变为美食家宠物锦囊牌。（这意味着它能够触发动物园僵尸和猫夫人。）\n- 远古干酪推铲尸现已成为美食家历史僵尸。（而非仅仅是美食家）\n- 山羊，也可由玫瑰的山羊术超能力召唤，现已变为可拥有的0花费1/1宠物，并获得了技能“当任意山羊受到伤害时，这张牌获得+1/+1。”\n\n有脑：\n- 僵尸团不再拥有瞄准技能。\n- 脑髓星云现在当您打出僵尸牌后提供2点脑子而非3点。\n- 小妖精小鬼现在会将1张黄金盆洗入您的牌组，而非2张。\n- 巨人哑剧演员现已增强：5费5/7。（过去为5/5）\n- 中子小鬼现已全面增强：2费2/3。（过去为4费4/4）\n- 碎盾维京僵尸现已增强：5费7/5。（过去为6/5）\n- 礼品转送僵尸现已变为派对海盗。（过去仅为派对）\n\n疯狂：\n- 速抽骗子现已变小：1费1/3。（过去为1/4）\n- 魔咒僵尸增加了生命值：3费3/2。（过去为3/1）\n\n健壮：\n- 霸脚龙骑士现将花费更多脑子：4费2/4。（过去为3费）\n- 侏罗纪化尸现已可以通过进化获得+2/+2。（过去为+3/+3）\n- 超时空逃脱现将花费2点脑子，而非1点。\n- 国王僵尸现在不再为当前的活死人骑士授予骑士封号。\n- 剩饭，也可由火鸡骑手召唤，现已变为美食家宠物锦囊牌。（这意味着它能够触发动物园僵尸和猫夫人。）\n\n狡猾：\n- 机器热气球： 我们修复了一项错误，过去文本偶尔显示“当这张牌造成伤害……”，现已更正为“当这张牌对植物英雄造成伤害……”，从而与游戏效果相匹配。（对于文本错误感到十分抱歉！）它的回收价值被临时提升以匹配其制作费用。\n- 诅咒巨石尸现已增强：6费7/6。（过去为7/5）\n- 狗头僵尸增加了生命值：4费2/4。（过去为2/3）\n\n守卫：\n- 重力树现已增强：6费7/7。（过去为6/7）\n- 反射坚果增加了生命值：4费0/7。（过去为0/6）\n- 三头花生增加了生命值：3费3/2。（过去为3/1）\n\n爆花：\n无变化。\n\n猛长：\n- 幽谷百合减少了生命值：2费1/2。（过去为1/3）。\n- 半香蕉，同样由香蕉分身召唤，现已成为1费2/2的可拥有卡牌，具有技能“被消灭：你手中的所有香蕉获得+1力量。”\n- 机枪豌豆现已全面增强：5费5/4。（过去为4/5）\n\n聪明：\n- 果冻豆减少了生命值：4费4/3。（过去为4/4）\n- 播种魔法豆在你打出后不再抽取一张卡牌了。\n- 骁龙草增加了生命值：4费3/3。（过去为3/2）\n\n光能：\n- 向日葵种子减少了生命值：3费3/1。（过去为3/2）\n- 双生向日葵增加了生命值：2费0/2。（过去为0/1）\n\n其他错误修复：\n- 锦囊免疫现在可以持续令一张卡牌免受对手所有锦囊牌的影响。例如，锦囊免疫牌将完全对敌方的樱桃炸弹、岩浆番石榴的初始伤害、精准轰击、大力重拳和坚果墙保龄球免疫。\n- 女巫魔宠，不死女妖的标志性超能力，现已能够在水面上正常打出，如同在陆地上一样。\n- 现已能够更容易在组队植物上打出进化植物，无需将植物移除。\n- 我们还修复了许多微小的错误。感谢您的耐心！\n\n视觉更新：\n- 现在，一张进化卡牌在另一张卡牌上打出时，将显示一种特殊的进化光晕。\n- 打出卡牌时，卡牌上的一些关键技能图标（例如“装甲”）现将显示出特殊的动画效果。\n- 感谢您的所有支持，尽情享受三叠纪的胜利吧！
,
,
,
INBOX_LABEL,新闻
,
,
,
INBOX_NEWS_ERROR,请检查您的网络连接并稍后重试，以查看游戏公告。
,
,
,
INBOX_TITLE,公告
,
,
,
INSUFFICIENT_DISK_ERROR_2_TEXT,您的设备空间不足。请释放一些空间以便保存并继续游戏。
,
,
,
INSUFFICIENT_DISK_ERROR_TEXT,哦，糟糕，看起来你的空间不足！请清空你设备上的一些空间以继续下载全部英雄。
,
,
,
INSUFFICIENT_DISK_ERROR_TEXT_PC,哦，糟糕，看起来你的空间不足！请在你的硬盘上释放一些磁盘空间以继续下载全部英雄。
,
,
,
Intergalactic Warlord_flavorText,在太空僵尸的圈子里，他是一个非常有权势的人物。但不要在至尊大王面前谈起他。会有点小小的嫉妒。 
,
,
,
Intergalactic Warlord_longDesc,打出：在剩余游戏时间中，所有僵尸获得[+1a]/[+1h]。
,
,
,
Intergalactic Warlord_name,星际军阀
,
,
,
Intergalactic Warlord_shortDesc,在剩余游戏时间中，所有僵尸获得[+1a]/[+1h]。
,
,
,
INTERNET_REQUIRED_BUTTON_TEXT,重试
,
,
,
INTERNET_REQUIRED_TO_BEGIN,请连接互联网以下载所需文档。文档下载完毕后，您就可以离线玩游戏。
,
,
,
INTERNET_REQUIRED_TO_USE_FEATURE,未找到连接。\n请检查您的网络连接并重试。
,
,
,
Interplanetary Gardener_flavorText,在太空种植物？有些僵尸伙伴认为他疯了，但其他人很欣赏他的努力。
,
,
,
Interplanetary Gardener_heraldFighter,由生化植物学家创造
,
,
,
Interplanetary Gardener_longDesc,打出：召唤一株没有能力的[1a]/[1h]植物。
,
,
,
Interplanetary Gardener_name,生化植物学家
,
,
,
Interplanetary Gardener_shortDesc,召唤一株[1a]/[1h]的植物。
,
,
,
Interplanetary Gardener_Targeting,选择一个位置来召唤一株[1a]/[1h]的植物。
,
,
,
Interstitial_03_0,木哈哈哈哈！\n欢迎来到Z科技总部！
,
,
,
Interstitial_03_1,我打败邪恶植物英雄的大业就指望你啦！
,
,
,
Interstitial_03_2,嘿！这可是要紧事！\n好好听我说！
,
,
,
Interstitial_03_3,点击任意位置继续！
,
,
,
Interstitial_03_3_PC,点击任意位置继续！
,
,
,
Interstitial_04_0,点击任意位置继续！
,
,
,
Interstitial_04_0_PC,点击任意位置继续！
,
,
,
Interstitial_FTUE_01_0,是5000型僵尸英雄机器人！ 
,
,
,
Interstitial_FTUE_01_1,它在把僵尸变成英雄！
,
,
,
Interstitial_FTUE_01_2,哎呀。
,
,
,
Interstitial_FTUE_01_3,英雄机器人出了故障……
,
,
,
Interstitial_FTUE_01_4,……于是大战正式开始！  
,
,
,
Interstitial_FTUE_01_5,点击任意位置继续！
,
,
,
Interstitial_FTUE_01_5_PC,点击任意位置继续！
,
,
,
Invasive Species_flavorText,“请叫我‘杂草’。接着叫吧。我把这认为是一种恭维。”
,
,
,
Invasive Species_longDesc,在环境中时：这张牌获得[+3a]。
,
,
,
Invasive Species_name,入侵物种
,
,
,
Invasive Species_shortDesc,在环境中时：获得[+3a]。
,
,
,
Invincible Castle_flavorText,这是大自然的力量。
,
,
,
Invincible Castle_longDesc,此处的植物不会受到伤害。
,
,
,
Invincible Castle_name,力场
,
,
,
Invincible Castle_shortDesc,此处的植物无法受到伤害。
,
,
,
Iron Boarder_flavorText,为至尊大王工作不是他做过的最糟糕的工作。这件工作带有一份401Z计划，这可比大多数僵尸雇主提供的要多。
,
,
,
Iron Boarder_longDesc,[truestrike]\n在环境中时：这张牌获得[+1a]/[+1h]。
,
,
,
Iron Boarder_name,铁滑板
,
,
,
Iron Boarder_shortDesc,[truestrike]。在环境中时：这张牌获得[+1a]/[+1h]。
,
,
,
Jack O' Lantern_flavorText,“我就爱让僵尸们欲火焚身，你懂的。”
,
,
,
Jack O' Lantern_longDesc,[strikethrough]\n在对僵尸英雄造成伤害时，获得[+1a]。
,
,
,
Jack O' Lantern_name,南瓜灯
,
,
,
Jack O' Lantern_shortDesc,[strikethrough]在对僵尸英雄造成伤害时，获得[+1a]。
,
,
,
Jelly Bean_flavorText,“僵尸打倒你的力道大小不重要，你反弹回去的力道才重要。”
,
,
,
Jelly Bean_longDesc,当有牌被弹射时，这张牌获得[+1a]/[+1h]。\n[beanevolution]：[bounce]一只僵尸。
,
,
,
Jelly Bean_name,果冻豆
,
,
,
Jelly Bean_shortDesc,当有牌被弹射时，获得[+1a]/[+1h]。[beanevolution]：[bounce]一只僵尸。
,
,
,
Jelly Bean_Targeting,选择要[bounce]的僵尸。
,
,
,
JesterG,保证包含小丑僵尸\n的多重组合包！
,
,
,
joe,老妈
,
,
,
Jolly Holly_flavorText,毫不夸张的说，她总是心情愉悦，哪怕在和僵尸搏斗时也是一样。她总说，“只要是和拯救世界有关的事情我都爱做！”
,
,
,
Jolly Holly_longDesc,[aquatic]\n打出：[freeze]相邻线上的僵尸。
,
,
,
Jolly Holly_name,快乐的冬青
,
,
,
Jolly Holly_shortDesc,[aquatic]. [freeze]相邻线上的僵尸。
,
,
,
Jungle Drummer_flavorText,他提了笔特殊的交易：用他的两颗头来换你的一颗。无论你怎么切，最后还是有一颗头。
,
,
,
Jungle Drummer_longDesc,当你打出一张舞蹈牌时，对植物英雄造成2点伤害。舞蹈进化：这获得+2/+2和靶心。
,
,
,
Jungle Drummer_name,摇头娃娃
,
,
,
Jungle Drummer_shortDesc,当你打出一张舞蹈牌时，对植物英雄造成2点伤害。舞蹈进化：这获得+2/+2和靶心。
,
,
,
Jurassic Fossilhead_flavorText,对他而言，扮演原始人不只是个爱好，这是它的毕生事业。
,
,
,
Jurassic Fossilhead_longDesc,[untrickable]。[professionalevolution]：这张牌获得[+2a]/[+2h]。
,
,
,
Jurassic Fossilhead_name,侏罗纪化尸
,
,
,
Jurassic Fossilhead_shortDesc,[untrickable]。[professionalevolution]：这张牌获得[+2a]/[+2h]。
,
,
,
KABLOOM,<u>爆花</u>\n他们容易爆炸，而且成群出击，造成额外伤害！\n\n带“爆花”属性的英雄可以使用爆花牌。
,
,
,
Kernel-Pult_flavorText,此处插入和玉米有关的冷笑话。
,
,
,
Kernel-Pult_longDesc,[teamup]\n在高地打出：一只僵尸获得[-1a]/[-1h]。
,
,
,
Kernel-Pult_name,玉米投手
,
,
,
Kernel-Pult_shortDesc,[teamup]。在高地打出：一只僵尸获得[-1a]/[-1h]。
,
,
,
Kernel-Pult_Targeting,选择获得[-1a]/[-1h]的僵尸。
,
,
,
Ketchup Mechanic_flavorText,加紧弥补机制帮你在比赛落后时让你迎头赶上。番茄机制则修复你的水果。
,
,
,
Ketchup Mechanic_longDesc,打出：每有一只僵尸，这张牌获得[+1a]/[+1h]并为植物英雄治疗1点生命值。
,
,
,
Ketchup Mechanic_name,番茄技工
,
,
,
Ketchup Mechanic_shortDesc,打出：每有一只僵尸，这张牌获得[+1a]/[+1h]并为植物英雄治疗1点生命值。
,
,
,
Killer Whale_flavorText,海妖用地面上的水将空心地球淹没，乘着飞鲸骑兵进行攻击。准确来说，是落鲸骑兵。
,
,
,
Killer Whale_longDesc,[aquatic]\n[springboard]：对这张牌打出的僵尸获得[+2a]/[+1h]和[aquatic]。
,
,
,
Killer Whale_name,杀人鲸
,
,
,
Killer Whale_shortDesc,[aquatic]。[springboard]：对这张牌打出的僵尸获得[+2a]/[+1h]和[aquatic]。
,
,
,
King Coconut_flavorText,他封自己为一切空心地球之王。没人敢告诉他这实际上是议会民主制。
,
,
,
King Coconut_heraldFighter,由疯狂的椰子创造
,
,
,
King Coconut_longDesc,打出：在相邻线上召唤[wallnuts]。\n[nutevolution]：没有[a]的植物获得[+3a]。
,
,
,
King Coconut_name,疯狂的椰子
,
,
,
King Coconut_shortDesc,在相邻线上召唤[wallnuts]。[nutevolution]：没有[a]的植物获得[+3a]。
,
,
,
King of the Grill_flavorText,在后院的烤架旁烧烤，整点脑子吃，和他的僵尸伙计们一起出去浪……这就是美好的僵尸生活。
,
,
,
King of the Grill_heraldFighter,由烤架之王召唤
,
,
,
King of the Grill_heraldTrick,由烤架之王召唤
,
,
,
King of the Grill_longDesc,狂暴。当巨人僵尸摧毁植物时，创造一张巨人僵尸牌。
,
,
,
King of the Grill_name,烤架之王
,
,
,
King of the Grill_shortDesc,狂暴。当巨人僵尸摧毁植物时，创造一张巨人僵尸牌。
,
,
,
Kitchen Sink Zombie_flavorText,万事俱备，就差……等等，他连那个也找到了。
,
,
,
Kitchen Sink Zombie_longDesc,[truestrike]，[frenzy]，[armored=1]，[overshoot=2]，[ambush=3]
,
,
,
Kitchen Sink Zombie_name,洗碗池僵尸
,
,
,
Kitchen Sink Zombie_shortDesc,[truestrike]，[frenzy]，[armored=1]，[overshoot=2]，[ambush=3]
,
,
,
LANDING_ARENA_TEXT,战斗
,
,
,
LANDING_ARENA_UNLOCK_TEXT,多人游戏
,
,
,
LANDING_PLANT_HQ_TEXT,植物总部
,
,
,
LANDING_PLANT_HQ_UNLOCK_TEXT,继续玩游戏来解锁
,
,
,
LANDING_PLANTMISSIONS,植物任务
,
,
,
LANDING_SCREEN_CONTINUE,继续
,
,
,
LANDING_SCREEN_NEW_BADGE,新
,
,
,
LANDING_SCREEN_PLAY,出牌
,
,
,
LANDING_ZOMBIE_HQ_TEXT,僵尸总部
,
,
,
LANDING_ZOMBIE_HQ_UNLOCK_TEXT,完成{0}场游戏来解锁
,
,
,
LANDING_ZOMBIEMISSIONS,僵尸任务
,
,
,
Laser Cattail_flavorText,他真的很擅长娱乐自己。
,
,
,
Laser Cattail_longDesc,[aquatic]，[teamup]\n当你在此处打出植物时，使其获得[+1a]/[+1h]。
,
,
,
Laser Cattail_name,激光猫尾草
,
,
,
Laser Cattail_shortDesc,[aquatic]，[teamup]。当你在此处打出植物时，使其获得[+1a]/[+1h]。
,
,
,
LaserBaseAlpha_flavorText,有激光的僵尸。这有什么好奇怪的？
,
,
,
LaserBaseAlpha_longDesc,自己线上的僵尸获得[deadly]和[strikethrough]。
,
,
,
LaserBaseAlpha_name,阿尔法激光座
,
,
,
LaserBaseAlpha_shortDesc,自己线上的僵尸获得[deadly]和[strikethrough]。
,
,
,
Lava Guava_flavorText,“我试图保持冷静，我真的试了。但是僵尸！天啊，一想到他们我头都气炸了！”
,
,
,
Lava Guava_heraldFighter,由岩浆番石榴创造
,
,
,
Lava Guava_heraldTrick,由岩浆番石榴创造
,
,
,
Lava Guava_longDesc,对自己和相邻线上的每只僵尸造成2点伤害。\n若在平地上打出，则在自己的线上召唤[linklava]。
,
,
,
Lava Guava_name,岩浆番石榴
,
,
,
Lava Guava_shortDesc,对自己和相邻线上的每只僵尸造成2点伤害。若在平地上打出，则在自己的线上召唤[linklava]。
,
,
,
Lava_flavorText,岩浆没有忠诚可言。就是热而已。就是这样。
,
,
,
Lava_longDesc,在自己线上的战斗之前：对自己线上的植物和僵尸分别造成1点伤害。
,
,
,
Lava_name,火热岩浆
,
,
,
Lava_shortDesc,在自己线上的战斗之前：对自己线上的植物和僵尸分别造成1点伤害。
,
,
,
Leaf Blower_flavorText,“想让你的草坪保持整洁吗？不想再看到那些丑陋的僵尸了？那找我就对了。”
,
,
,
Leaf Blower_longDesc,两栖。在环境中打出时：弹回一个僵尸或墓碑。
,
,
,
Leaf Blower_name,吹叶机
,
,
,
Leaf Blower_shortDesc,两栖。在环境中打出时：弹回一个僵尸或墓碑。
,
,
,
Leaf Blower_Targeting,选择要[bounce]的僵尸。
,
,
,
LED,包含3张卡牌，保证出现传说卡牌！
,
,
,
LED_V2,保证包含1张传说卡牌和2张高级套牌中的罕见卡牌！
,
,
,
LED_V3,保证包含1张传说卡牌和2张高级套牌中的卡牌！
,
,
,
Leftovers_flavorText,僵尸对它们的狂热就像对大脑一样。
,
,
,
Leftovers_longDesc,所有僵尸获得[+1a]/[+1h]。
,
,
,
Leftovers_name,剩饭
,
,
,
Leftovers_shortDesc,所有僵尸获得[+1a]/[+1h]。
,
,
,
LEH,传说组合包
,
,
,
Leprechaun Imp_flavorText,如果他答应兑现你一个愿望，不要祈求拥有无尽的愿望。根本不可能实现。
,
,
,
Leprechaun Imp_longDesc,打出：为你的牌组洗进一张[linkpotofgold]。
,
,
,
Leprechaun Imp_name,爱尔兰小鬼
,
,
,
Leprechaun Imp_shortDesc,为你的牌组洗进一张[linkpotofgold]。
,
,
,
LG,保证出现传说卡牌！
,
,
,
Lieutenant Carrot_flavorText,贝塔胡萝卜蒂娜知道她总能依靠他找到问题的根源。
,
,
,
Lieutenant Carrot_heraldFighter,由萝卜登中尉召唤
,
,
,
Lieutenant Carrot_heraldTrick,由萝卜登中尉召唤
,
,
,
Lieutenant Carrot_longDesc,[teamup]\n打出： [conjure]一张根茎牌。
,
,
,
Lieutenant Carrot_name,萝卜登中尉
,
,
,
Lieutenant Carrot_shortDesc,[teamup]。[conjure]一张根茎牌。
,
,
,
Lightspeed Seed_flavorText,跳跃并追寻光的种子。
,
,
,
Lightspeed Seed_heraldFighter,由光速种子召唤
,
,
,
Lightspeed Seed_heraldTrick,由光速种子召唤
,
,
,
Lightspeed Seed_longDesc,[conjure]两张锦囊牌。
,
,
,
Lightspeed Seed_name,光速种子
,
,
,
Lightspeed Seed_shortDesc,[conjure]两张锦囊牌。
,
,
,
Lily of the Valley_flavorText,她总是鼓励她的朋友们，性格就是这么好。
,
,
,
Lily of the Valley_longDesc,当你在高地打出植物时，那株植物获得[+2a]/[+2h]。
,
,
,
Lily of the Valley_name,幽谷百合
,
,
,
Lily of the Valley_shortDesc,当你在高地打出植物时，那株植物获得[+2a]/[+2h]。
,
,
,
Lilypad_flavorText,当海妖的三叠纪入侵使用大量新海水淹没空心地球时，植物为求生存迅速进化。
,
,
,
Lilypad_heraldFighter,由睡莲叶召唤
,
,
,
Lilypad_heraldTrick,由睡莲叶召唤
,
,
,
Lilypad_longDesc,[aquatic]\n[springboard]：对这张牌打出的植物获得[aquatic]。[conjure]一张绿叶卡牌。
,
,
,
Lilypad_name,睡莲叶
,
,
,
Lilypad_shortDesc,[aquatic]。[springboard]：对这张牌打出的植物获得[aquatic]。[conjure]一张绿叶卡牌。
,
,
,
Lima-Pleurodon_flavorText,有时候，一株植物便能担当海陆双军。
,
,
,
Lima-Pleurodon_longDesc,[aquatic]\n[dinoroar]：将一张[linkmagicbeanstalk]洗入你的牌组。
,
,
,
Lima-Pleurodon_name,尖齿扁豆
,
,
,
Lima-Pleurodon_shortDesc,[aquatic]。[dinoroar]：将一张[linkmagicbeanstalk]洗入你的牌组。
,
,
,
LIMITED1_AVAIL,您的限时优惠已登场。快来壮大队伍吧！
,
,
,
LIMITED1_EXPIRE,新的限时优惠已登场。壮大您的队伍吧！
,
,
,
LIMITED2_AVAIL,新的限时优惠即将下架！抓紧时间，别错过了。
,
,
,
LIMITED2_EXPIRE,您的限时优惠即将下架。快咬紧不放！
,
,
,
Lizard Zombie_flavorText,这条蜥蜴可是非常稀有的品种。
,
,
,
Lizard Zombie_longDesc,僵尸进化：对每株植物造成3点伤害。
,
,
,
Lizard Zombie_name,砂囊蜥蜴
,
,
,
Lizard Zombie_shortDesc,僵尸进化：对每株植物造成3点伤害。
,
,
,
LOADING_SCREEN_LOADING,正在载入……
,
,
,
LOCAL_NOTE_LTO_ALLY_BRAINFREEZE_AVAIL,用这款限时急冻魔盟友包把敌人全冻上！获得三张酷炫好牌，包括超稀有牌僵尸雪人！
,
,
,
LOCAL_NOTE_LTO_ALLY_BRAINFREEZE_EXPIRE,别错过酷炫机会！限时急冻魔盟友包即将下架！
,
,
,
LOCAL_NOTE_LTO_ALLY_CAPTAINCOMBUSTIBLE_AVAIL,用这款限时火爆队长盟友包唤醒斗志！获得三张队友，包括咖啡因超标的超稀有牌咖啡豆狂欢！
,
,
,
LOCAL_NOTE_LTO_ALLY_CAPTAINCOMBUSTIBLE_EXPIRE,加大火力！限时火爆队长盟友包即将下架！
,
,
,
LOCAL_NOTE_LTO_ALLY_CHOMPZILLA_AVAIL,特爱咬人的超稀有牌大嘴花现已加入限时霸王大嘴花盟友包！
,
,
,
LOCAL_NOTE_LTO_ALLY_CHOMPZILLA_EXPIRE,瞧瞧它的大牙齿！限时霸王大嘴花盟友包即将下架！
,
,
,
LOCAL_NOTE_LTO_ALLY_CITRON_AVAIL,跳跳豆、刺梨和超稀有的食脑蕉现已加入香橼猎手盟友包！
,
,
,
LOCAL_NOTE_LTO_ALLY_CITRON_EXPIRE,立即获取滑溜溜、超稀有的食脑蕉！限时香橼猎手盟友包即将下架！
,
,
,
LOCAL_NOTE_LTO_ALLY_ELECTRICBOOGALOO_AVAIL,降B调、有氧运动教练和超稀有牌3000型劲舞机现已在霹雳舞王盟友包里纵情起舞！
,
,
,
LOCAL_NOTE_LTO_ALLY_ELECTRICBOOGALOO_EXPIRE,加速节拍！限时霹雳舞王盟友包即将下架！
,
,
,
LOCAL_NOTE_LTO_ALLY_GRASSKNUCKLES_AVAIL,把茂盛盆栽带回家！现已加入拳王菜盟友包！
,
,
,
LOCAL_NOTE_LTO_ALLY_GRASSKNUCKLES_EXPIRE,拳打脚踢，叶不沾身！限时拳王菜盟友包即将下架！
,
,
,
LOCAL_NOTE_LTO_ALLY_GREENSHADOW_AVAIL,绿影侠限时盟友包现已推出！获取三张牌来强化牌组，包含火热的超稀有牌骁龙草！
,
,
,
LOCAL_NOTE_LTO_ALLY_GREENSHADOW_EXPIRE,限时绿影侠盟友包即将下架！马上游戏，不要错过！
,
,
,
LOCAL_NOTE_LTO_ALLY_IMMORTICIA_AVAIL,永生不死！闹鬼僵尸、吸血僵尸和超稀有牌传送现已加入限时不死女妖盟友包！
,
,
,
LOCAL_NOTE_LTO_ALLY_IMMORTICIA_EXPIRE,勇敢点，别怕黑！PVP限时不死女妖盟友包即将下架！
,
,
,
LOCAL_NOTE_LTO_ALLY_IMPFINITY_AVAIL,快来看杂耍！超稀有牌小丑僵尸现已加入限时无穷小子盟友包！
,
,
,
LOCAL_NOTE_LTO_ALLY_IMPFINITY_EXPIRE,克隆你的胜利果实！限时无穷小子盟友包即将下架！
,
,
,
LOCAL_NOTE_LTO_ALLY_NEPTUNA_AVAIL,海陆大杂烩！园艺僵尸、剑客僵尸和超稀有牌糊涂掘墓人现已加入限时海妖盟友包！
,
,
,
LOCAL_NOTE_LTO_ALLY_NEPTUNA_EXPIRE,从深海涌出！限时海妖盟友包即将下架！
,
,
,
LOCAL_NOTE_LTO_ALLY_NIGHTCAP_AVAIL,用超稀有牌复制松果，让对手目瞪口呆！现已加入暗夜菇盟友包！
,
,
,
LOCAL_NOTE_LTO_ALLY_NIGHTCAP_EXPIRE,身披夜色、行侠仗义！限时暗夜菇盟友包即将下架！
,
,
,
LOCAL_NOTE_LTO_ALLY_PROFESSORBRAINSTORM_AVAIL,用超稀有的疯狂化学家搞点发明吧！现已加入限时僵点子教授盟友包！
,
,
,
LOCAL_NOTE_LTO_ALLY_PROFESSORBRAINSTORM_EXPIRE,给你的对手好好上一课！限时僵点子教授盟友包即将下架！
,
,
,
LOCAL_NOTE_LTO_ALLY_ROSE_AVAIL,鲜花总要绿叶配！牵牛花、大炮萝卜和锐利的超稀有牌野玫瑰现已加入限时玫瑰盟友包！
,
,
,
LOCAL_NOTE_LTO_ALLY_ROSE_EXPIRE,限时玫瑰盟友包即将下架！马上游戏，时间有限！
,
,
,
LOCAL_NOTE_LTO_ALLY_RUSTBOLT_AVAIL,用超稀有牌咖啡僵尸来让植物好好喝一壶！现已加入限时锈铁侠盟友包，无糖更健康！
,
,
,
LOCAL_NOTE_LTO_ALLY_RUSTBOLT_EXPIRE,相信锈铁侠！限时锈铁侠盟友包即将下架！
,
,
,
LOCAL_NOTE_LTO_ALLY_SOLARFLARE_AVAIL,给耀斑花再加加热！太阳风暴、打僵尸和超稀有牌双生向日葵现已加入限时耀斑花盟友包！
,
,
,
LOCAL_NOTE_LTO_ALLY_SOLARFLARE_EXPIRE,是不是有点热？限时耀斑花即将下架！
,
,
,
LOCAL_NOTE_LTO_ALLY_SPUDOW_AVAIL,用这款限时土豆仔盟友包炸飞敌人！可获得三张火爆好牌，包括超稀有牌愤怒的葡萄！
,
,
,
LOCAL_NOTE_LTO_ALLY_SPUDOW_EXPIRE,快来看大爆炸吧！限时土豆仔盟友包即将下架！
,
,
,
LOCAL_NOTE_LTO_ALLY_SUPERBRAINZ_AVAIL,限时超尸盟友包现已推出。用三张队友好好教训敌人，包括超稀有牌传送门技尸！
,
,
,
LOCAL_NOTE_LTO_ALLY_SUPERBRAINZ_EXPIRE,展示你的力量！限时超尸盟友包即将下架！
,
,
,
LOCAL_NOTE_LTO_ALLY_THESMASH_AVAIL,砸扁对手！掰腕僵尸、深海巨尸，还有超体贴超稀有的护士巨尸，尽在限时推出的摔跤狂盟友包。
,
,
,
LOCAL_NOTE_LTO_ALLY_THESMASH_EXPIRE,摔跤狂盟友包即将下架！要么一口气变大，要么灰溜溜回家！
,
,
,
LOCAL_NOTE_LTO_ALLY_WALLKNIGHT_AVAIL,坚不可摧！金属向日葵、无畏坚果和超稀有牌反射坚果现已加入限时坚果骑士盟友包！
,
,
,
LOCAL_NOTE_LTO_ALLY_WALLKNIGHT_EXPIRE,披上装甲！限时坚果骑士盟友包即将下架！
,
,
,
LOCAL_NOTE_LTO_ALLY_ZMECH_AVAIL,用超稀有牌全明星僵尸清理杂草！现已加入限时Z机甲盟友包！
,
,
,
LOCAL_NOTE_LTO_ALLY_ZMECH_EXPIRE,驾驶你最爱的巨型机甲吧！限时Z机甲盟友包即将下架！
,
,
,
LOCAL_NOTE_LTO_STARTER_LEGENDARY_AVAIL,保证包含传说卡牌的传说组合包现已推出！成为这个时代的传奇吧！
,
,
,
LOCAL_NOTE_LTO_STARTER_LEGENDARY_EXPIRE,保证包含传说卡牌的传说组合包即将下架！快来释放传奇般的力量！
,
,
,
LOCAL_NOTE_LTO_STARTER_STARTER_AVAIL,专为你准备的限时新手包，包含一名新英雄。马上开玩，打得敌人满脸桃花开！
,
,
,
LOCAL_NOTE_LTO_STARTER_STARTER_EXPIRE,包含一名新英雄的限时新手包即将下架！赶紧披上斗篷，行侠仗义！
,
,
,
LOCAL_PLAYER_CONCEDED,你投降了！
,
,
,
LOCAL_PLAYER_MAIN_PHASE,你的回合
,
,
,
LOCKED_BY_QUESTS_HERO_MESSAGE,完成更多任务以获取该英雄
,
,
,
LOCKED_HERO_MESSAGE,可通过组合包获得！
,
,
,
Loose Cannon_flavorText,他的朋友们一直提醒他这太危险了，但他从来不听。他玩得很开心。
,
,
,
Loose Cannon_longDesc,[overshoot=2]
,
,
,
Loose Cannon_name,疯狂大炮
,
,
,
Loose Cannon_shortDesc,[overshoot=2]
,
,
,
LOST_STARS_TEMPLATE,已失去{0}颗星星！
,
,
,
Lucky Clover_flavorText,毫无疑问，她是个馈赠者，但是似乎她也因此获得了不少。
,
,
,
Lucky Clover_heraldFighter,由勇敢三叶草召唤
,
,
,
Lucky Clover_heraldTrick,由勇敢三叶草召唤
,
,
,
Lucky Clover_longDesc,打出：[conjure]一张活动卡牌。勇敢三叶草会获得+[a]（数值与该卡牌的花费一样）。
,
,
,
Lucky Clover_name,勇敢三叶草
,
,
,
Lucky Clover_shortDesc,[conjure]一张活动卡牌。勇敢三叶草会获得+[a]（数值与该卡牌的花费一样）。
,
,
,
Mad Chemist_heraldFighter,由疯狂化学家召唤
,
,
,
Mad Chemist_heraldTrick,由疯狂化学家召唤
,
,
,
MADCAP,<u>疯狂</u>\n他们气势汹汹、舞力四射，可以直接造成伤害！\n\n带“疯狂”属性的英雄可以使用疯狂牌。
,
,
,
Magic Beanstalk_flavorText,上面没有巨尸。
,
,
,
Magic Beanstalk_longDesc,打出：抽一张牌。
,
,
,
Magic Beanstalk_name,魔法豆茎
,
,
,
Magic Beanstalk_shortDesc,打出：抽一张牌。
,
,
,
Mars Flytrap_flavorText,他爱捕蝇草，但有时候他们对事物的看法却如此不同！
,
,
,
Mars Flytrap_longDesc,当这张牌对僵尸英雄造成伤害时，就从他们的超能格挡槽中偷取一段。
,
,
,
Mars Flytrap_name,火星捕蝇草
,
,
,
Mars Flytrap_shortDesc,当这张牌对僵尸英雄造成伤害时，就从他们的超能格挡槽中偷取一段。
,
,
,
Master Grave Blaster_flavorText,别人管这叫坟场，她管这叫自助餐厅。
,
,
,
Master Grave Blaster_longDesc,[truestrike]\n[plantevolution]：消灭自己和相邻线上的所有墓碑。
,
,
,
Master Grave Blaster_name,墓碑毁灭者
,
,
,
Master Grave Blaster_shortDesc,[truestrike]。[plantevolution]：消灭自己和相邻线上的所有墓碑。
,
,
,
Matchmaking_Network_Error,请检查网络连接并重试。
,
,
,
Matchmaking_Server_Error,未匹配到对手
,
,
,
MATCHMAKING_SHORTEST_WAIT,稍微等一下
,
,
,
MATCHMAKING_WAIT_TIME_FORMAT,{0}平均等待
,
,
,
MATCHMAKING_YOUVE_WAITED_FORMAT,您已经等待{0}
,
,
,
Mayflower_flavorText,四月的雨能带来五月花吗？天哪，这个问题也太私密了吧！
,
,
,
Mayflower_heraldFighter,由五月花召唤
,
,
,
Mayflower_heraldTrick,由五月花召唤
,
,
,
Mayflower_longDesc,[aquatic]\n当对僵尸英雄造成伤害时，[conjure]一株玉米、窝瓜或豆子。
,
,
,
Mayflower_name,五月花
,
,
,
Mayflower_shortDesc,[aquatic]。当对僵尸英雄造成伤害时，[conjure]一株玉米、窝瓜或豆子。
,
,
,
MEGAGROW,<u>猛长</u>\n他们能让植物体型激增，还能发动额外攻击！\n\n带“猛长”属性的英雄可以使用猛长牌。
,
,
,
Melonpult_flavorText,住在草房子里的人不应该扔石头。但是瓜类，当然能扔啦，为什么不呢？
,
,
,
Melonpult_longDesc,[splashdamage=3]
,
,
,
Melonpult_name,瓜类投手
,
,
,
Melonpult_shortDesc,[splashdamage=3]
,
,
,
Meow_Meow_Meow_flavorText,不死女妖在打扫钟楼的时候，碰巧找到了好些蝙蝠。 
,
,
,
Meow_Meow_Meow_heraldFighter,由女巫魔宠创造
,
,
,
Meow_Meow_Meow_longDesc,召唤[linkzombats]。
,
,
,
Meow_Meow_Meow_name,女巫魔宠
,
,
,
Meow_Meow_Meow_shortDesc,召唤[linkzombats]。
,
,
,
Meow_Meow_Meow_Targeting,召唤一只[2a]/[1h]的僵尸蝙蝠。（[aquatic]。这张牌对植物造成伤害时，抽一张牌）。
,
,
,
Mesozoic Magnolia_flavorText,在空心地球的秘密丛林中，木兰进化出了坚如钢铁般的寡欲思想，并以毫不掩饰的残暴个性著称。
,
,
,
Mesozoic Magnolia_longDesc,[plantevolution]：自己和相邻线上的植物获得[+2a]。
,
,
,
Mesozoic Magnolia_name,石器木兰
,
,
,
Mesozoic Magnolia_shortDesc,[plantevolution]：自己和相邻线上的植物获得[+2a]。
,
,
,
MeterScrim_2,格挡槽充满后\n便会触发超能格挡！
,
,
,
MeterScrim_TapToContinue,这是你的超能格挡槽。\n它会在你的英雄受到伤害时充能。\n\n一旦充满，你就能得到一张超能力！
,
,
,
Molekale_flavorText,“你认为是菠菜让你变强。拜托，我比菠菜强万倍。”
,
,
,
Molekale_heraldFighter,由分子植物变形而成
,
,
,
Molekale_longDesc,打出：每株其他植物都变为花费多[1s]的随机植物。
,
,
,
Molekale_name,分子植物
,
,
,
Molekale_shortDesc,每株其他植物都变为花费多[1s]的随机植物。
,
,
,
Monkey Trainer_flavorText,海盗行为是严肃的猢狲把戏。
,
,
,
Monkey Trainer_longDesc,墓碑。揭示时：从植物英雄的超级格挡计量槽中偷走1格。
,
,
,
Monkey Trainer_name,猴子走私者
,
,
,
Monkey Trainer_shortDesc,墓碑。揭示时：从植物英雄的超级格挡计量槽中偷走1格。
,
,
,
Moonbean_flavorText,她和向日葵是好朋友。但可惜的是，她们的日程安排让她们很难聚在一起。
,
,
,
Moonbean_longDesc,当这张牌造成伤害时，将两张[linkmagicbeanstalks]洗入你的牌组。
,
,
,
Moonbean_name,月亮豆
,
,
,
Moonbean_shortDesc,当这张牌造成伤害时，将两张[linkmagicbeanstalks]洗入你的牌组。
,
,
,
MULLIGAN_BUTTON_DONE,开战吧！
,
,
,
MULLIGAN_PLANT_MESSAGE,重抽或保留\n你的开局手牌
,
,
,
MULLIGAN_ZOMBIE_MESSAGE,重抽或保留\n你的开局手牌
,
,
,
MUSCLE_ALTERNATE_NAME,肌肉甘蓝
,
,
,
MushroomGrotto_flavorText,有时美丽的东西是从最黑暗的地方长出来的。好好想一下吧。
,
,
,
MushroomGrotto_heraldFighter,由蘑菇洞穴创造
,
,
,
MushroomGrotto_longDesc,当在自己的线上打出一株植物后，可在另一条随机线上召唤一株[1a]/[1h]且[teamup]的小喷菇。
,
,
,
MushroomGrotto_name,蘑菇洞穴
,
,
,
MushroomGrotto_shortDesc,当在自己的线上打出一株植物后，可在另一条随机线上召唤一株[1a]/[1h]且[teamup]的小喷菇。
,
,
,
MUST_PLAY_CARDS,"每回合你都能获得更多阳光。

它每到回合开始便会补满，尽管用吧！"
,
,
,
MUST_PLAY_CARDS_PLANTS,每回合你都能获得更多阳光。\n它们不会保留到下一回合，所以尽管用吧！
,
,
,
MUST_PLAY_CARDS_ZOMBIES,每回合你都能获得更多脑子。\n它们不会保留到下一回合，所以开动脑筋使用吧！
,
,
,
Mustache Monument_flavorText,如果海妖的三叠纪入侵队能够立刻聚集空心地球的所有胡须纪念碑，那么她就真的无人能挡了。
,
,
,
Mustache Monument_longDesc,[springboard]：对这张牌打出的僵尸额外攻击一次。
,
,
,
Mustache Monument_name,胡须纪念碑
,
,
,
Mustache Monument_shortDesc,[springboard]：对这张牌打出的僵尸额外攻击一次。
,
,
,
Mustache Waxer_flavorText,客户多年来一直叫他“找个脑子”。
,
,
,
Mustache Waxer_longDesc,当你打出一个小胡子时，这个获得+2生命值，并且你获得一个大脑。
,
,
,
Mustache Waxer_name,胡须上蜡尸
,
,
,
Mustache Waxer_shortDesc,当你打出一个小胡子时，这个获得+2生命值，并且你获得一个大脑。
,
,
,
Mystery Egg_flavorText,“妈咪，小僵尸们都是从哪里来的？”这个问题有人问过，也得到了回答。
,
,
,
Mystery Egg_heraldFighter,由神秘鸡蛋变形而成
,
,
,
Mystery Egg_longDesc,锦囊牌回合开始：随机变为花费[2b]或以下的僵尸。
,
,
,
Mystery Egg_name,神秘鸡蛋
,
,
,
Mystery Egg_shortDesc,锦囊牌回合开始：随机变为花费[2b]或以下的僵尸。
,
,
,
NAME_ENTRY_BODY,请起一个向其他玩家显示的用户名。名称必须在4-15个字符之间并且未被占用。请勿包含个人信息或冒犯性文字。
,
,
,
NAME_ENTRY_BUTTON_CONFIRM,确认
,
,
,
NAME_ENTRY_MESSAGE_ERROR,抱歉，该用户名不可用。
,
,
,
NAME_ENTRY_MESSAGE_ERROR_INVALID,无效的格式。用户名必须为4-15个字符。
,
,
,
NAME_ENTRY_MESSAGE_NOT_ALLOWED,无效的格式。用户名必须为4-15个字符，而且不得包含特殊字符或攻击性语言。
,
,
,
NAME_ENTRY_MESSAGE_SUCCESS,欢迎！
,
,
,
NAME_ENTRY_MESSAGE_SUCCESS_LONG,欢迎！你可以在这里查看好友，和他们聊天，还能向他们发起挑战、一同游戏！
,
,
,
NAME_ENTRY_TITLE,选择名称
,
,
,
Navy_Bean_Revised_longDesc,[aquatic]\n打出：所有两栖植物获[+1a]/[+1h]。
,
,
,
Navy_Bean_Revised_shortDesc,两栖。所有两栖植物获+1/+1。
,
,
,
NC_AVAIL,超稀有牌复制松果现已加入限时暗夜菇盟友包！
,
,
,
NC_EXPIRE,限时暗夜菇盟友包即将下架！让僵尸站直很难，站直在僵尸身上更难！
,
,
,
NCD,包含毒蘑菇、闪电芦苇和超稀有牌复制松果，完美适合暗夜菇！
,
,
,
NCD_V2,最适合暗夜菇。限购4包！\n*<indent=5%>包含1张毒蘑菇、闪电芦苇和超稀有牌复制松果</indent>\n*<indent=5%>3张高级套牌中的罕见牌</indent>
,
,
,
NCH,暗夜菇盟友包
,
,
,
NE_AVAIL,海陆大杂烩！园艺僵尸、海象骑手和超稀有牌糊涂掘墓人现已加入限时海妖盟友包！
,
,
,
NE_EXPIRE,从深海涌出！限时海妖盟友包即将下架！
,
,
,
NED,包含园艺僵尸、海象骑手和超稀有牌糊涂掘墓人，最适合海妖！
,
,
,
NED_V2,最适合海妖。限购4包！\n*<indent=5%>包含1张园艺僵尸、海象骑手和超稀有牌糊涂掘墓人</indent>\n*<indent=5%>3张高级套牌中的罕见牌</indent>
,
,
,
NEH,海妖盟友包
,
,
,
Neptuna,海妖能带领健壮和狡猾队友参战。\n\n她是第一个待在鱼缸里作战的僵尸。
,
,
,
Neptuna_0,点击任意位置继续！
,
,
,
Neptuna_0_PC,点击任意位置继续！
,
,
,
NETWORK_ERROR_-1,服务器遇到错误。请联系EA Help寻求帮助。代码-1。
,
,
,
NETWORK_ERROR_400,服务器遇到错误。请联系EA Help寻求帮助。代码400。
,
,
,
NETWORK_ERROR_403,服务器遇到错误。请联系EA Help寻求帮助。代码403。
,
,
,
NETWORK_ERROR_404,服务器遇到错误。请联系EA Help寻求帮助。代码404。
,
,
,
NETWORK_ERROR_500,服务器遇到错误。请联系EA Help寻求帮助。代码500。
,
,
,
NETWORK_ERROR_502,服务器遇到错误。请联系EA Help寻求帮助。代码502。
,
,
,
NETWORK_ERROR_503,服务器遇到错误。请联系EA Help寻求帮助。代码503。
,
,
,
NETWORK_ERROR_NO_INTERNET,开始游戏时需要连接至网络。请检查您的网络连接并重试。
,
,
,
Neutron Imp_flavorText,他不是小，他只是有点紧凑罢了。
,
,
,
Neutron Imp_longDesc,当有人打出环境时，这张牌将额外攻击一次。
,
,
,
Neutron Imp_name,中子小鬼
,
,
,
Neutron Imp_shortDesc,当有人打出环境时，这张牌将额外攻击一次。
,
,
,
NEW_CONTENT,"新
"
,
,
,
NEW_DECK_CHOOSE_A_HERO,选择英雄
,
,
,
NEW_QUEST,新
,
,
,
NEXT_BATTLE,下一场战斗
,
,
,
NEXT_QUEST_HEADER,新任务倒计时：
,
,
,
NightCap,暗夜菇能带领爆花和聪明队友参战。\n\n
,
,
,
NightCap_0,点击任意位置继续！
,
,
,
NightCap_0_PC,点击任意位置继续！
,
,
,
NO_ADS_AVAILABLE,无可用广告
,
,
,
Node_AutoPlay_Node_Plants:Description,凛冬将至
,
,
,
Node_AutoPlay_Node_Plants:Name,植物的游戏
,
,
,
Node_AutoPlay_Node_Plants_Description,凛冬将至
,
,
,
Node_AutoPlay_Node_Plants_Name,植物的游戏
,
,
,
Node_botd_week1_day1:6_MessageText,健康坚果用它的生命值进行攻击，所以请记得使用坚果骑士的“疯狂的坚果”战略牌组来确保其存活。
,
,
,
Node_botd_week1_day1:Description,先出哪张呢？
,
,
,
Node_botd_week1_day1:Name,botd第1周第2天
,
,
,
Node_botd_week1_day2:6_MessageText,你可以在这个回合获胜……但前提是按照正确的顺序打出卡牌！
,
,
,
Node_botd_week1_day2:Description,先出哪张呢？
,
,
,
Node_botd_week1_day2:Name,botd第1周第2天
,
,
,
Node_botd_week1_day3:6_MessageText,使用绿影侠传说战略牌组：“冬瓜来临” ，并把强大的蛇草放入场上。
,
,
,
Node_botd_week1_day3:Description,草中有蛇，蛇中有草
,
,
,
Node_botd_week1_day3:Name,botd第1周第1天
,
,
,
Node_botd_week1_day4:6_MessageText,所有植物与僵尸在打出时，都将获得+1力量与生命值。
,
,
,
Node_botd_week1_day4:Description,先出哪张呢？
,
,
,
Node_botd_week1_day4:Name,botd第1周第2天
,
,
,
Node_botd_week1_day5:6_MessageText,拳王菜会以一株免费的健康坚果开场。你能不能用那套牌组，外加一个免费的传送僵尸和一个免费的绅士僵尸，教教他“贸易的窍门”呢？
,
,
,
Node_botd_week1_day5:Description,先出哪张呢？
,
,
,
Node_botd_week1_day5:Name,botd第1周第2天
,
,
,
Node_botd_week1_day6:6_MessageText,此战场含有三条水池线！用毒物小鬼和“神奇小鬼”的太空牛仔守卫水池，同时在陆地上发动进攻！
,
,
,
Node_botd_week1_day6:Description,先出哪张呢？
,
,
,
Node_botd_week1_day6:Name,botd第1周第2天
,
,
,
Node_botd_week1_day7:6_MessageText,无论你做什么，最要紧的是赶快击败蛇草！超尸的“家中要害”战略牌组可帮助你完成任务。
,
,
,
Node_botd_week1_day7:Description,先出哪张呢？
,
,
,
Node_botd_week1_day7:Name,botd第1周第2天
,
,
,
Node_botd_week10_day1:6_MessageText,是时候给那些讨厌的植物制造点麻烦了！霹雳舞王的“热舞热舞僵尸革命”战略牌组中有一些伟大的僵尸可供你手中的花样游泳运动员来复制。
,
,
,
Node_botd_week10_day1:Description,先出哪张呢？
,
,
,
Node_botd_week10_day1:Name,botd第1周第2天
,
,
,
Node_botd_week10_day2:6_MessageText,在回合结束前，你需要一些非常巨大的僵尸来制造20点伤害。因为那是你肯定会受到1点伤害的时候。
,
,
,
Node_botd_week10_day2:Description,先出哪张呢？
,
,
,
Node_botd_week10_day2:Name,botd第1周第2天
,
,
,
Node_botd_week10_day3:6_MessageText,病毒式传播能让锈铁侠“国王万岁”战略牌组里的强壮僵尸们径直从植物身上碾过去。
,
,
,
Node_botd_week10_day3:Description,先出哪张呢？
,
,
,
Node_botd_week10_day3:Name,botd第1周第2天
,
,
,
Node_botd_week10_day4:6_MessageText,在每回合开始时，你与你的对手都将承受1点伤害。问题是：你会较摔跤狂耐得更久吗？
,
,
,
Node_botd_week10_day4:Description,先出哪张呢？
,
,
,
Node_botd_week10_day4:Name,botd第1周第2天
,
,
,
Node_botd_week10_day5:6_MessageText,当不死女妖铺出她的战士的时候，一定要小心！她会用手牌中的花样游泳运动员来复制他们。
,
,
,
Node_botd_week10_day5:Description,先出哪张呢？
,
,
,
Node_botd_week10_day5:Name,botd第1周第2天
,
,
,
Node_botd_week10_day6:6_MessageText,真是太疯狂啦！你的牌组中只有尤里卡牌！
,
,
,
Node_botd_week10_day6:Description,先出哪张呢？
,
,
,
Node_botd_week10_day6:Name,botd第1周第2天
,
,
,
Node_botd_week10_day7:6_MessageText,绿影侠的“坏坏豆”战略牌组能否抵挡住海妖的“墓碑之险”牌组？如果海妖在开局时手里有“病毒式传播”会怎么样？
,
,
,
Node_botd_week10_day7:Description,先出哪张呢？
,
,
,
Node_botd_week10_day7:Name,botd第1周第2天
,
,
,
Node_botd_week11_day1:6_MessageText,这场游戏你将使用拳王菜的“必中杀威棒”战略牌组和一条水中的玉米狗。但是别指望那只小狗会在那里长时间地划水。
,
,
,
Node_botd_week11_day1:Description,先出哪张呢？
,
,
,
Node_botd_week11_day1:Name,botd第1周第2天
,
,
,
Node_botd_week11_day2:6_MessageText,你的对手拥有80点生命值和一个蹦极管道工。你必须在他们打出这张牌之前取胜。祝好运！
,
,
,
Node_botd_week11_day2:Description,先出哪张呢？
,
,
,
Node_botd_week11_day2:Name,botd第1周第2天
,
,
,
Node_botd_week11_day3:6_MessageText,什么能比土豆仔“复制松果战争”战略牌组里的植物大军更棒？当然是用音速盛放来扩大优势了！
,
,
,
Node_botd_week11_day3:Description,先出哪张呢？
,
,
,
Node_botd_week11_day3:Name,botd第1周第2天
,
,
,
Node_botd_week11_day4:6_MessageText,两位玩家的手牌的花费每回合减少1。使用超尸的“僵尸工程学博士”战略牌组来扩大优势吧！
,
,
,
Node_botd_week11_day4:Description,先出哪张呢？
,
,
,
Node_botd_week11_day4:Name,botd第1周第2天
,
,
,
Node_botd_week11_day5:6_MessageText,香橼猎手已准备好打出手中的玉米狗了。幸运的锈铁侠的“应用科学”战略牌组中有可以干掉它的僵尸。
,
,
,
Node_botd_week11_day5:Description,先出哪张呢？
,
,
,
Node_botd_week11_day5:Name,botd第1周第2天
,
,
,
Node_botd_week11_day6:6_MessageText,两位玩家的初始生命值都是30点。这会使你有时间使用耀斑花的“玉米末日”战略牌组中的巨型植物。
,
,
,
Node_botd_week11_day6:Description,先出哪张呢？
,
,
,
Node_botd_week11_day6:Name,botd第1周第2天
,
,
,
Node_botd_week11_day7:6_MessageText,暗夜菇开局手牌里有音速盛放，建议你用无穷小子的“神奇小鬼”战略牌组来控制住他的植物大军。
,
,
,
Node_botd_week11_day7:Description,先出哪张呢？
,
,
,
Node_botd_week11_day7:Name,botd第1周第2天
,
,
,
Node_botd_week12_day1:6_MessageText,你手中的那张捕兽者僵尸可以强化海妖的“墓碑之险”战略牌组。只需谨慎选择那张牌带来的捕兽者领地环境的位置。
,
,
,
Node_botd_week12_day1:Description,先出哪张呢？
,
,
,
Node_botd_week12_day1:Name,botd第1周第2天
,
,
,
Node_botd_week12_day2:6_MessageText,小提示：如果你能捱到你的巨尸开始攻击，可能就没事了。
,
,
,
Node_botd_week12_day2:Description,先出哪张呢？
,
,
,
Node_botd_week12_day2:Name,botd第1周第2天
,
,
,
Node_botd_week12_day3:6_MessageText,是时候给那些讨厌的植物制造点麻烦了！霹雳舞王的“热舞热舞僵尸革命”战略牌组中有一些超棒的僵尸可供你手中的花样游泳运动员来复制。
,
,
,
Node_botd_week12_day3:Description,先出哪张呢？
,
,
,
Node_botd_week12_day3:Name,botd第1周第2天
,
,
,
Node_botd_week12_day4:6_MessageText,不仅两位玩家每回合都会额外抽取一张牌，拳王菜的“宇宙召唤术”战略牌组将会使你抽取更多卡牌。
,
,
,
Node_botd_week12_day4:Description,先出哪张呢？
,
,
,
Node_botd_week12_day4:Name,botd第1周第2天
,
,
,
Node_botd_week12_day5:6_MessageText,超尸的海盗伙计们有了一个捕兽者僵尸盟友。但土豆仔的“熊的必需品”战略牌组将会是他们的好对手。
,
,
,
Node_botd_week12_day5:Description,先出哪张呢？
,
,
,
Node_botd_week12_day5:Name,botd第1周第2天
,
,
,
Node_botd_week12_day6:6_MessageText,在那个强悍节拍的威胁下，你的烤架之王可能坚持不了多久，不过等节拍散掉之后，说不定你能再获得一个。
,
,
,
Node_botd_week12_day6:Description,先出哪张呢？
,
,
,
Node_botd_week12_day6:Name,botd第1周第2天
,
,
,
Node_botd_week12_day7:6_MessageText,当不死女妖铺出她的战士的时候，一定要小心！她会用手牌中的花样游泳运动员来复制他们。
,
,
,
Node_botd_week12_day7:Description,先出哪张呢？
,
,
,
Node_botd_week12_day7:Name,botd第1周第2天
,
,
,
Node_botd_week13_day1:6_MessageText,玫瑰的“环境保护”战略牌组已用树液投手做了强化。用他们痛揍僵点子教授吧。
,
,
,
Node_botd_week13_day1:Description,先出哪张呢？
,
,
,
Node_botd_week13_day1:Name,botd第1周第2天
,
,
,
Node_botd_week13_day2:6_MessageText,心蓟一定会爱上捕蝇草行星环境中的霸王蕉。然而，你需要在回合结束前就打败急冻魔，否则就输啦。
,
,
,
Node_botd_week13_day2:Description,先出哪张呢？
,
,
,
Node_botd_week13_day2:Name,botd第1周第2天
,
,
,
Node_botd_week13_day3:6_MessageText,这场游戏你将使用拳王菜的“必中杀威棒”战略牌组和一条水中的玉米狗。但是别指望那只小狗会在那里长时间地划水。
,
,
,
Node_botd_week13_day3:Description,先出哪张呢？
,
,
,
Node_botd_week13_day3:Name,botd第1周第2天
,
,
,
Node_botd_week13_day4:6_MessageText,僵尸和植物在每回合开始时将受到1点伤害，土豆仔的“熊的必需品”战略牌组中的冬眠熊莓对此感到很兴奋。
,
,
,
Node_botd_week13_day4:Description,先出哪张呢？
,
,
,
Node_botd_week13_day4:Name,botd第1周第2天
,
,
,
Node_botd_week13_day5:6_MessageText,两位玩家都将用巨型战士开始游戏。无穷小子的“基地躲猫猫”会为你带来优势。
,
,
,
Node_botd_week13_day5:Description,先出哪张呢？
,
,
,
Node_botd_week13_day5:Name,botd第1周第2天
,
,
,
Node_botd_week13_day6:6_MessageText,你的树液投手似乎遭遇到了更强的对手，不过你的牌组中有大量的锦囊牌可以在战场上扳回一城！
,
,
,
Node_botd_week13_day6:Description,先出哪张呢？
,
,
,
Node_botd_week13_day6:Name,botd第1周第2天
,
,
,
Node_botd_week13_day7:6_MessageText,香橼猎手已准备好打出手中的玉米狗了。幸运的是，锈铁侠的“应用科学”战略牌组中有可以干掉它的僵尸。
,
,
,
Node_botd_week13_day7:Description,先出哪张呢？
,
,
,
Node_botd_week13_day7:Name,botd第1周第2天
,
,
,
Node_botd_week14_day1:6_MessageText,一张豌豆帮活动卡牌不如两张有用...所以你的起始手牌中将会有两张！在火爆队长的“星际探秘”战略牌组中好好使用它们吧。
,
,
,
Node_botd_week14_day1:Description,先出哪张呢？
,
,
,
Node_botd_week14_day1:Name,botd第1周第2天
,
,
,
Node_botd_week14_day2:6_MessageText,山核桃石让你的僵尸用生命值代替力量来进行攻击。利用这一点在本回合打败拳王菜吧。
,
,
,
Node_botd_week14_day2:Description,先出哪张呢？
,
,
,
Node_botd_week14_day2:Name,botd第1周第2天
,
,
,
Node_botd_week14_day3:6_MessageText,你手中的那张捕兽者僵尸可以强化海妖的“墓碑之险”战略牌组。只需谨慎选择那张牌带来的捕兽者领地环境的位置。
,
,
,
Node_botd_week14_day3:Description,先出哪张呢？
,
,
,
Node_botd_week14_day3:Name,botd第1周第2天
,
,
,
Node_botd_week14_day4:6_MessageText,当有植物或僵尸死亡时，对手的一名随机战士将获得+1力量。然而，玫瑰的“控制狂”战略牌组可以毫无问题的消灭僵尸。
,
,
,
Node_botd_week14_day4:Description,先出哪张呢？
,
,
,
Node_botd_week14_day4:Name,botd第1周第2天
,
,
,
Node_botd_week14_day5:6_MessageText,霸王大嘴花的牌组中有很多豌豆，所以豌豆帮会出现在她的起始手牌中。你必须与不死女妖的“火热劲爆操”战略牌组比拼速度。
,
,
,
Node_botd_week14_day5:Description,先出哪张呢？
,
,
,
Node_botd_week14_day5:Name,botd第1周第2天
,
,
,
Node_botd_week14_day6:6_MessageText,看起来你没有足够的阳光来打出所有卡牌。你将如何解决这个问题呢？
,
,
,
Node_botd_week14_day6:Description,先出哪张呢？
,
,
,
Node_botd_week14_day6:Name,botd第1周第2天
,
,
,
Node_botd_week14_day7:6_MessageText,超尸海盗有了一个捕兽者僵尸盟友。但土豆仔的“熊的必需品”战略牌组将会是他们的好对手。
,
,
,
Node_botd_week14_day7:Description,先出哪张呢？
,
,
,
Node_botd_week14_day7:Name,botd第1周第2天
,
,
,
Node_botd_week15_day1:6_MessageText,我肯定你会在需要邪月当空之前就获得一张的，所以使用至尊大王的“虾米博士”战略牌组做好准备吧。
,
,
,
Node_botd_week15_day1:Description,先出哪张呢？
,
,
,
Node_botd_week15_day1:Name,botd Week 1 Day 2
,
,
,
Node_botd_week15_day2:6_MessageText,按照正确的顺序出牌非常重要。在本回合，打败摔跤狂！
,
,
,
Node_botd_week15_day2:Description,先出哪张呢？
,
,
,
Node_botd_week15_day2:Name,botd Week 1 Day 2
,
,
,
Node_botd_week15_day3:6_MessageText,玫瑰的“环境保护”战略牌组已用树液投手做了强化。用他们痛揍僵点子教授吧。
,
,
,
Node_botd_week15_day3:Description,先出哪张呢？
,
,
,
Node_botd_week15_day3:Name,botd Week 1 Day 2
,
,
,
Node_botd_week15_day4:6_MessageText,前面几回合通常不会有什么状况，让我们直接跳过。双方玩家在本局开始各有3个阳光或脑子。
,
,
,
Node_botd_week15_day4:Description,先出哪张呢？
,
,
,
Node_botd_week15_day4:Name,botd Week 1 Day 2
,
,
,
Node_botd_week15_day5:6_MessageText,锈铁侠在本局一定会获得一张邪月当空。希望霸王大嘴花的“危险的黄瓜”战略牌组中的毁灭力量能够压制僵尸的数量。
,
,
,
Node_botd_week15_day5:Description,先出哪张呢？
,
,
,
Node_botd_week15_day5:Name,botd Week 1 Day 2
,
,
,
Node_botd_week15_day6:6_MessageText,山胡桃石是你毁灭力量的关键。但是怎么才能移除它，并依然在本回合中取胜呢？
,
,
,
Node_botd_week15_day6:Description,先出哪张呢？
,
,
,
Node_botd_week15_day6:Name,botd Week 1 Day 2
,
,
,
Node_botd_week15_day7:6_MessageText,两位玩家都将用巨型战士开始游戏。无穷小子的“基地躲猫猫”会为你带来优势。
,
,
,
Node_botd_week15_day7:Description,先出哪张呢？
,
,
,
Node_botd_week15_day7:Name,botd Week 1 Day 2
,
,
,
Node_botd_week16_day1:6_MessageText,香橼猎手的“坚果大扩展”战略牌组中有大量的坚果牌。为什么不在你的起始手牌中加入两张无脑坚果呢？
,
,
,
Node_botd_week16_day1:Description,先出哪张呢？
,
,
,
Node_botd_week16_day1:Name,botd Week 1 Day 2
,
,
,
Node_botd_week16_day2:6_MessageText,你能够在该回合获胜！不过你得先找到除掉那些瓦斯巨尸，同时又不伤他们性命的办法！
,
,
,
Node_botd_week16_day2:Description,先出哪张呢？
,
,
,
Node_botd_week16_day2:Name,botd Week 16 Day 2
,
,
,
Node_botd_week16_day3:6_MessageText,一张豌豆帮活动卡牌不如两张有用……所以你的起始手牌中将会有两张！在火爆队长的“星际探秘”战略牌组中好好使用它们吧。
,
,
,
Node_botd_week16_day3:Description,先出哪张呢？
,
,
,
Node_botd_week16_day3:Name,botd Week 1 Day 2
,
,
,
Node_botd_week16_day4:6_MessageText,在这局游戏中，速度就是一切。双方玩家在每回合会获得2点阳光或脑子，这应当足以打出至尊大王的“小鬼总动员”战略牌组了。
,
,
,
Node_botd_week16_day4:Description,先出哪张呢？
,
,
,
Node_botd_week16_day4:Name,botd Week 1 Day 2
,
,
,
Node_botd_week16_day5:6_MessageText,在拳王菜打出无脑坚果后，想打出僵点子教授“舞在群星”战略牌组中的所有锦囊牌可有点难。
,
,
,
Node_botd_week16_day5:Description,先出哪张呢？
,
,
,
Node_botd_week16_day5:Name,botd Week 1 Day 2
,
,
,
Node_botd_week16_day6:6_MessageText,你手上有大量的浆果牌，但你能在这回合打出足够的伤害击败不死女妖吗？
,
,
,
Node_botd_week16_day6:Description,先出哪张呢？
,
,
,
Node_botd_week16_day6:Name,botd Week 16 Day 2
,
,
,
Node_botd_week16_day7:6_MessageText,霸王大嘴花的牌组中有很多豌豆，所以豌豆帮会出现在她的起始手牌中。你必须与不死女妖的“火热劲爆操”战略牌组比拼速度。
,
,
,
Node_botd_week16_day7:Description,先出哪张呢？
,
,
,
Node_botd_week16_day7:Name,botd Week 1 Day 2
,
,
,
Node_botd_week17_day1:6_MessageText,身上绑着火箭的山羊不会那么令人讨厌。你的起始手牌中就有一张，所以尽量拿它和急冻魔的“生病的宠物”战略牌组搭配使用吧。
,
,
,
Node_botd_week17_day1:Description,先出哪张呢？
,
,
,
Node_botd_week17_day1:Name,botd第1周第2天
,
,
,
Node_botd_week17_day2:6_MessageText,你可以在一回合内获胜，但前提是你打出的卡牌是正确的！同时你还得按照正确的顺序出牌。祝你好运！
,
,
,
Node_botd_week17_day2:Description,先出哪张呢？
,
,
,
Node_botd_week17_day2:Name,botd Week 17 Day 2
,
,
,
Node_botd_week17_day3:6_MessageText,我肯定你会在需要邪月当空之前就获得一张，所以在邪月高悬时，使用至尊大王“虾米博士？”战略牌组吧。
,
,
,
Node_botd_week17_day3:Description,先出哪张呢？
,
,
,
Node_botd_week17_day3:Name,botd Week 1 Day 2
,
,
,
Node_botd_week17_day4:6_MessageText,场上所有牌在打出时都会获得+1力量和生命值。这时候最适合派遣耀斑花的“孢子多多”战略牌组中的蘑菇大军了。
,
,
,
Node_botd_week17_day4:Description,先出哪张呢？
,
,
,
Node_botd_week17_day4:Name,botd Week 1 Day 2
,
,
,
Node_botd_week17_day5:6_MessageText,摔跤狂偷了一头山羊，还给它绑了一个火箭！还好贝塔胡萝卜蒂娜了解火箭，同时手上还有“淀粉战争”战略牌组。
,
,
,
Node_botd_week17_day5:Description,先出哪张呢？
,
,
,
Node_botd_week17_day5:Name,botd第1周第2天
,
,
,
Node_botd_week17_day6:6_MessageText,你永远不知道洗碗池僵尸出现时会出什么事。拿出不死女妖和她的“火热劲爆操”战略牌组，说不定你会安然无恙。
,
,
,
Node_botd_week17_day6:Description,先出哪张呢？
,
,
,
Node_botd_week17_day6:Name,botd Week 17 Day 2
,
,
,
Node_botd_week17_day7:6_MessageText,锈铁侠在本局一定会获得一张邪月当空。希望霸王大嘴花的“危险的黄瓜”战略牌组中的毁灭力量能够压制僵尸的数量。
,
,
,
Node_botd_week17_day7:Description,先出哪张呢？
,
,
,
Node_botd_week17_day7:Name,botd Week 1 Day 2
,
,
,
Node_botd_week18_day1:6_MessageText,有人在土豆仔的“复制松果战争”战略牌组中给你搞了个原子手雷。
,
,
,
Node_botd_week18_day1:Description,先出哪张呢？
,
,
,
Node_botd_week18_day1:Name,botd Week 1 Day 2
,
,
,
Node_botd_week18_day2:6_MessageText,情况看起来不太妙！目前要击败僵尸将需要一个奇迹，何况是要在一回合之内！
,
,
,
Node_botd_week18_day2:Description,先出哪张呢？
,
,
,
Node_botd_week18_day2:Name,botd Week 18 Day 2
,
,
,
Node_botd_week18_day3:6_MessageText,香橼猎手的“坚果大扩展”战略牌组中有大量的坚果牌。为什么不在你的起始手牌中加入两张无脑坚果呢？
,
,
,
Node_botd_week18_day3:Description,先出哪张呢？
,
,
,
Node_botd_week18_day3:Name,botd Week 1 Day 2
,
,
,
Node_botd_week18_day4:6_MessageText,哎哟！在每回合开始时，你与你的对手都将受到1点伤害。适者生存！
,
,
,
Node_botd_week18_day4:Description,先出哪张呢？
,
,
,
Node_botd_week18_day4:Name,botd Week 1 Day 2
,
,
,
Node_botd_week18_day5:6_MessageText,当心点，不然暗夜菇的牌组中的原子手雷会爆！不死女妖的“一袋锦囊牌”战略牌组中可能有能克制它的卡牌。
,
,
,
Node_botd_week18_day5:Description,先出哪张呢？
,
,
,
Node_botd_week18_day5:Name,botd Week 1 Day 2
,
,
,
Node_botd_week18_day6:6_MessageText,摔跤狂会拿各种东西扔向你，其中就包括洗碗池僵尸。用贝塔胡萝卜蒂娜的“淀粉战争”战略牌组打败他。
,
,
,
Node_botd_week18_day6:Description,先出哪张呢？
,
,
,
Node_botd_week18_day6:Name,botd Week 1 Day 2
,
,
,
Node_botd_week18_day7:6_MessageText,在拳王菜打出无脑坚果后，想打出僵点子教授“舞在群星”战略牌组中的所有锦囊牌可有点难。
,
,
,
Node_botd_week18_day7:Description,先出哪张呢？
,
,
,
Node_botd_week18_day7:Name,botd Week 1 Day 2
,
,
,
Node_botd_week19_day1:6_MessageText,帮助至尊大王用他的“小鬼总动员”战略牌组让敌人吃尽苦头。你在开始游戏时场上还会有一张投小鬼的小鬼。
,
,
,
Node_botd_week19_day1:Description,先出哪张呢？
,
,
,
Node_botd_week19_day1:Name,botd Week 1 Day 2
,
,
,
Node_botd_week19_day2:6_MessageText,这些章鱼僵尸快要把我们打垮啦！看来我们得找到个办法把它们轰出水面！
,
,
,
Node_botd_week19_day2:Description,先出哪张呢？
,
,
,
Node_botd_week19_day2:Name,botd Week 19 Day 2
,
,
,
Node_botd_week19_day3:6_MessageText,身上绑着火箭的山羊不会那么令人讨厌。你的起始手牌中就有一张，所以尽量拿它和急冻魔的“生病的宠物”战略牌组搭配使用吧。
,
,
,
Node_botd_week19_day3:Description,先出哪张呢？
,
,
,
Node_botd_week19_day3:Name,botd Week 1 Day 2
,
,
,
Node_botd_week19_day4:6_MessageText,在每回合结束时，所有玩家手牌里的全部卡牌花费将减少1点。使用玫瑰的“花朵之力传承”战略牌组好好利用这个机会。
,
,
,
Node_botd_week19_day4:Description,先出哪张呢？
,
,
,
Node_botd_week19_day4:Name,botd Week 1 Day 2
,
,
,
Node_botd_week19_day5:6_MessageText,开始游戏时场上有僵尸似乎不太公平。幸运的是，耀斑花的“玉米末日”战略牌组可以将它“打出场外”。
,
,
,
Node_botd_week19_day5:Description,先出哪张呢？
,
,
,
Node_botd_week19_day5:Name,botd Week 1 Day 2
,
,
,
Node_botd_week19_day6:6_MessageText,怎么回事？！僵点子教授只有1点生命值，还没脑子！不要怕，在几个举旗僵尸和脑髓星云的帮助下，我肯定他会想出好点子来。
,
,
,
Node_botd_week19_day6:Description,先出哪张呢？
,
,
,
Node_botd_week19_day6:Name,botd Week 19 Day 6
,
,
,
Node_botd_week19_day7:6_MessageText,摔跤狂偷了一头山羊，还给它绑了一个火箭！还好贝塔胡萝卜蒂娜了解火箭，同时手上还有“淀粉战争”战略牌组。
,
,
,
Node_botd_week19_day7:Description,先出哪张呢？
,
,
,
Node_botd_week19_day7:Name,botd Week 1 Day 2
,
,
,
Node_botd_week2_day1:6_MessageText,一场经典的“香蕉分身大战死胡子的木桶”交锋。准备大战一场吧！
,
,
,
Node_botd_week2_day1:Description,先出哪张呢？
,
,
,
Node_botd_week2_day1:Name,botd Week 1 Day 2
,
,
,
Node_botd_week2_day2:6_MessageText,赶紧在被热狗小鬼追上之前打败无穷小子！
,
,
,
Node_botd_week2_day2:Description,先出哪张呢？
,
,
,
Node_botd_week2_day2:Name,botd第1周第2天
,
,
,
Node_botd_week2_day3:6_MessageText,嘘！给你一个小技巧：在定制海妖的“墓碑之险”战略牌组时，记得先把高台跳水僵尸加进来。
,
,
,
Node_botd_week2_day3:Description,先出哪张呢？
,
,
,
Node_botd_week2_day3:Name,botd第1周第2天
,
,
,
Node_botd_week2_day4:6_MessageText,哎哟！在每回合开始时，你与你的对手都将承受1点伤害。适者生存！
,
,
,
Node_botd_week2_day4:Description,先出哪张呢？
,
,
,
Node_botd_week2_day4:Name,botd第1周第2天
,
,
,
Node_botd_week2_day5:6_MessageText,霸王大嘴花正尝试使用“香蕉分身”活动卡牌！但有个好消息！一只垃圾桶僵尸决定在它之前立个墓碑。
,
,
,
Node_botd_week2_day5:Description,先出哪张呢？
,
,
,
Node_botd_week2_day5:Name,botd第1周第2天
,
,
,
Node_botd_week2_day6:6_MessageText,草丛里藏着一些豌豆。试着使用巨尸军团踩过去！
,
,
,
Node_botd_week2_day6:Description,先出哪张呢？
,
,
,
Node_botd_week2_day6:Name,botd第1周第2天
,
,
,
Node_botd_week2_day7:6_MessageText,急冻魔加入了高台跳水僵尸活动卡牌。小心从高台上跳下来的墓碑僵尸！
,
,
,
Node_botd_week2_day7:Description,先出哪张呢？
,
,
,
Node_botd_week2_day7:Name,botd第1周第2天
,
,
,
Node_botd_week20_day1:6_MessageText,在“连续践踏者”牌组中，僵尸学讲师和思考尸会送给你免费的超能力，然后还有狗仔队僵尸和霸脚龙骑士！
,
,
,
Node_botd_week20_day1:Description,先出哪张呢？
,
,
,
Node_botd_week20_day1:Name,
,
,
,
Node_botd_week20_day2:6_MessageText,这么多个墓碑却只有一张墓碑克星！请明智地选择要毁灭的目标，不然你可能会度过不了这个闹鬼的夜晚哦。
,
,
,
Node_botd_week20_day2:Description,先出哪张呢？
,
,
,
Node_botd_week20_day2:Name,botd Week 20 Day 2
,
,
,
Node_botd_week20_day3:6_MessageText,有人在土豆仔的“复制松果战争”战略牌组中给你搞了个原子手雷。
,
,
,
Node_botd_week20_day3:Description,先出哪张呢？
,
,
,
Node_botd_week20_day3:Name,botd Week 1 Day 2
,
,
,
Node_botd_week20_day4:6_MessageText,这是一场快速战斗！每位玩家在每回合开始时，抽取一张额外卡牌。
,
,
,
Node_botd_week20_day4:Description,先出哪张呢？
,
,
,
Node_botd_week20_day4:Name,botd Week 1 Day 2
,
,
,
Node_botd_week20_day5:6_MessageText,当心了，僵点子教授现在有了一张思考尸，所以他能获得比平常更多的超能力。用坚果骑士的“守护坚果”战略牌组将他斩于马下。
,
,
,
Node_botd_week20_day5:Description,先出哪张呢？
,
,
,
Node_botd_week20_day5:Name,botd Week 1 Day 2
,
,
,
Node_botd_week20_day6:6_MessageText,谁能赢得冰冻牌组之战。你有一个回合来让自己成为胜者！
,
,
,
Node_botd_week20_day6:Description,先出哪张呢？
,
,
,
Node_botd_week20_day6:Name,botd Week 20 Day 2
,
,
,
Node_botd_week20_day7:6_MessageText,当心点，不然暗夜菇的牌组中的原子手雷会爆！不死女妖的“一袋锦囊牌”战略牌组中可能有能克制它的卡牌。
,
,
,
Node_botd_week20_day7:Description,先出哪张呢？
,
,
,
Node_botd_week20_day7:Name,botd Week 1 Day 2
,
,
,
Node_botd_week21_day1:6_MessageText,冲锋坚果喜欢其他具有“组队”能力的植物。贝塔胡萝卜蒂娜的“水豆突袭”战略牌组中有不少这样的植物。
,
,
,
Node_botd_week21_day1:Description,先出哪张呢？
,
,
,
Node_botd_week21_day1:Name,botd Week 1 Day 2
,
,
,
Node_botd_week21_day2:6_MessageText,你有一个回合找出使用力量为零的几道高墙击败摔跤狂的办法。刺头菠萝和冲锋坚果会帮你作战，前提是你出牌得当。
,
,
,
Node_botd_week21_day2:Description,先出哪张呢？
,
,
,
Node_botd_week21_day2:Name,botd Week 20 Day 2
,
,
,
Node_botd_week21_day3:6_MessageText,帮助至尊大王用他的“小鬼总动员”战略牌组让敌人吃尽苦头。你在开始游戏时场上还会有一张投小鬼的小鬼。
,
,
,
Node_botd_week21_day3:Description,先出哪张呢？
,
,
,
Node_botd_week21_day3:Name,botd Week 1 Day 2
,
,
,
Node_botd_week21_day4:6_MessageText,在回合开始时，每株植物与每只僵尸都将受到1点伤害，但是无穷小子的“牌组的烦恼”战略牌组已经习惯了。
,
,
,
Node_botd_week21_day4:Description,先出哪张呢？
,
,
,
Node_botd_week21_day4:Name,botd Week 1 Day 2
,
,
,
Node_botd_week21_day5:6_MessageText,香橼猎手打出了一张冲锋坚果。借助急冻魔的“烟雾和僵尸”战略牌组，想办法让这只投小鬼的小鬼做点正事！
,
,
,
Node_botd_week21_day5:Description,先出哪张呢？
,
,
,
Node_botd_week21_day5:Name,botd Week 1 Day 2
,
,
,
Node_botd_week21_day6:6_MessageText,要想在仅剩的一个回合中最大限度地利用你的太空牛仔，还真得好好谋划谋划。
,
,
,
Node_botd_week21_day6:Description,先出哪张呢？
,
,
,
Node_botd_week21_day6:Name,botd Week 20 Day 2
,
,
,
Node_botd_week21_day7:6_MessageText,开始游戏时场上有僵尸似乎不太公平。幸运的是，耀斑花的“玉米末日”战略牌组可以将它“打出场外”。
,
,
,
Node_botd_week21_day7:Description,先出哪张呢？
,
,
,
Node_botd_week21_day7:Name,botd Week 1 Day 2
,
,
,
Node_botd_week22_day1:6_MessageText,焚面船长的穿刺攻击让你的海盗势不可挡！就在他们忙着清扫甲板时，他将加入你的起始手牌。
,
,
,
Node_botd_week22_day1:Description,先出哪张呢？
,
,
,
Node_botd_week22_day1:Name,botd Week 1 Day 2
,
,
,
Node_botd_week22_day2:6_MessageText,在一个回合中，以彼之道还施彼身，击溃敌人取胜。
,
,
,
Node_botd_week22_day2:Description,先出哪张呢？
,
,
,
Node_botd_week22_day2:Name,botd Week 20 Day 2
,
,
,
Node_botd_week22_day3:6_MessageText,在“连续践踏者”牌组中，僵尸学讲师和思考尸会送给你免费的超能力，然后还有狗仔队僵尸和霸脚龙骑士！
,
,
,
Node_botd_week22_day3:Description,先出哪张呢？
,
,
,
Node_botd_week22_day3:Name,
,
,
,
Node_botd_week22_day4:6_MessageText,每当有植物或僵尸阵亡，一名随机对手便会获得+1力量。干掉植物，强化你的僵尸！
,
,
,
Node_botd_week22_day4:Description,先出哪张呢？
,
,
,
Node_botd_week22_day4:Name,botd Week 1 Day 2
,
,
,
Node_botd_week22_day5:6_MessageText,超尸手上握有危险的焚面船长。使用火爆队长的“剧毒力士”战略牌组中的全部力量击倒他！
,
,
,
Node_botd_week22_day5:Description,先出哪张呢？
,
,
,
Node_botd_week22_day5:Name,botd Week 1 Day 2
,
,
,
Node_botd_week22_day6:6_MessageText,在面对锈铁侠的“法老的诅咒”战略牌组和它的僵尸学讲师时，香橼猎手的胜算可不大。
,
,
,
Node_botd_week22_day6:Description,先出哪张呢？
,
,
,
Node_botd_week22_day6:Name,botd Week 1 Day 2
,
,
,
Node_botd_week22_day7:6_MessageText,当心了，僵点子教授现在有了一张思考尸，所以他能获得比平常更多的超能力。用坚果骑士的“守护坚果”战略牌组将他斩于马下。
,
,
,
Node_botd_week22_day7:Description,先出哪张呢？
,
,
,
Node_botd_week22_day7:Name,botd Week 1 Day 2
,
,
,
Node_botd_week23_day1:6_MessageText,如果感觉局势落后，番茄技工可以帮你解决问题。在坚果骑士的“辣椒的力量”战略牌组中试试她吧。
,
,
,
Node_botd_week23_day1:Description,先出哪张呢？
,
,
,
Node_botd_week23_day1:Name,botd第1周第2天
,
,
,
Node_botd_week23_day2:6_MessageText,讨厌的暗物质火龙果真是太扫兴了！而且对手手中还有张食脑蕉。赢得这一回合！
,
,
,
Node_botd_week23_day2:Description,先出哪张呢？
,
,
,
Node_botd_week23_day2:Name,botd Week 20 Day 2
,
,
,
Node_botd_week23_day3:6_MessageText,冲锋坚果喜欢其他具有“组队”能力的植物。贝塔胡萝卜蒂娜的“水豆突袭”战略牌组中有不少这样的植物。
,
,
,
Node_botd_week23_day3:Description,先出哪张呢？
,
,
,
Node_botd_week23_day3:Name,botd Week 1 Day 2
,
,
,
Node_botd_week23_day4:6_MessageText,玩家每回合都能获得额外的阳光和脑子！僵点子教授的“贸易的窍门”战略牌组正好有各种办法来花掉这些脑子。
,
,
,
Node_botd_week23_day4:Description,先出哪张呢？
,
,
,
Node_botd_week23_day4:Name,botd Week 1 Day 2
,
,
,
Node_botd_week23_day5:6_MessageText,霹雳舞王的“无路可逃”战略牌组非常强大；可能有点太强大了。如果你超得太远，耀斑花可能会用番茄技工来挽回局势。
,
,
,
Node_botd_week23_day5:Description,先出哪张呢？
,
,
,
Node_botd_week23_day5:Name,botd第1周第2天
,
,
,
Node_botd_week23_day6:6_MessageText,僵尸学讲师可以减少一连串可怕锦囊牌的花费。你能用玫瑰的“控制狂”战略牌组给她上一课吗？
,
,
,
Node_botd_week23_day6:Description,先出哪张呢？
,
,
,
Node_botd_week23_day6:Name,
,
,
,
Node_botd_week23_day7:6_MessageText,香橼猎手打出了一张冲锋坚果。借助急冻魔的“烟雾和僵尸”战略牌组，想办法让这只投小鬼的小鬼做点正事！
,
,
,
Node_botd_week23_day7:Description,先出哪张呢？
,
,
,
Node_botd_week23_day7:Name,botd Week 1 Day 2
,
,
,
Node_botd_week24_day1:6_MessageText,胆小猫可不喜欢被吓到。摔跤狂的“绒毛恶魔”战略牌组可以帮助发泄它的怒气。
,
,
,
Node_botd_week24_day1:Description,先出哪张呢？
,
,
,
Node_botd_week24_day1:Name,botd Week 1 Day 2
,
,
,
Node_botd_week24_day2:6_MessageText,想要在一回合里打败海妖，你得在正确的地方按正确的顺序种下你的蘑菇。给你个提示：和战斗时一样，植物的消灭顺序会是从左到右。
,
,
,
Node_botd_week24_day2:Description,机械僵鲨的木桶
,
,
,
Node_botd_week24_day2:Name,botd Week 24 Day 2
,
,
,
Node_botd_week24_day3:6_MessageText,焚面船长的穿刺攻击让你的海盗势不可挡！就在他们忙着清扫甲板时，他将加入你的起始手牌。
,
,
,
Node_botd_week24_day3:Description,先出哪张呢？
,
,
,
Node_botd_week24_day3:Name,botd Week 1 Day 2
,
,
,
Node_botd_week24_day4:6_MessageText,场上所有牌在打出时都会获得+1力量和生命值。急冻魔的“生病的宠物”战略牌组由大堆宠物，正在满足你的需要。
,
,
,
Node_botd_week24_day4:Description,先出哪张呢？
,
,
,
Node_botd_week24_day4:Name,botd Week 1 Day 2
,
,
,
Node_botd_week24_day5:6_MessageText,小心使用坚果骑士“疯狂的坚果”战略牌组里的锦囊牌。霹雳舞王拥有一只胆小猫。
,
,
,
Node_botd_week24_day5:Description,先出哪张呢？
,
,
,
Node_botd_week24_day5:Name,botd Week 1 Day 2
,
,
,
Node_botd_week24_day6:6_MessageText,只要你想，应该可以很快消灭那株美须藤。但你想吗？
,
,
,
Node_botd_week24_day6:Description,先出哪张呢？
,
,
,
Node_botd_week24_day6:Name,botd Week 20 Day 2
,
,
,
Node_botd_week24_day7:6_MessageText,超尸手上握有危险的焚面船长。使用火爆队长的“剧毒力士”战略牌组中的全部力量击倒他！
,
,
,
Node_botd_week24_day7:Description,先出哪张呢？
,
,
,
Node_botd_week24_day7:Name,botd Week 1 Day 2
,
,
,
Node_botd_week25_day1:6_MessageText,闹鬼南瓜皇如闪电般冲上前，展开惊人快攻。准备好对付你送给急冻魔的怪物。霸王大嘴花的“胜利打击”战略牌组有很多消灭怪物的办法。
,
,
,
Node_botd_week25_day1:Description,先出哪张呢？
,
,
,
Node_botd_week25_day1:Name,botd Week 1 Day 2
,
,
,
Node_botd_week25_day2:6_MessageText,我要你赢下这回合！别担心，我往你手里放满了各种牌，还准备了不少脑子！
,
,
,
Node_botd_week25_day2:Description,流星Z大动荡
,
,
,
Node_botd_week25_day2:Name,botd Week 25 Day 2
,
,
,
Node_botd_week25_day3:6_MessageText,如果感觉局势落后，番茄技工可以帮你解决问题。在坚果骑士的“辣椒的力量”战略牌组中试试她吧。
,
,
,
Node_botd_week25_day3:Description,先出哪张呢？
,
,
,
Node_botd_week25_day3:Name,botd Week 1 Day 2
,
,
,
Node_botd_week25_day4:6_MessageText,在每回合开始时，你与你的对手都将承受1点伤害。问题是：你会较摔跤狂耐得更久吗？
,
,
,
Node_botd_week25_day4:Description,先出哪张呢？
,
,
,
Node_botd_week25_day4:Name,botd Week 1 Day 2
,
,
,
Node_botd_week25_day5:6_MessageText,坚果骑士手里拿着张闹鬼南瓜皇。赶快阻止它，然后用僵点子教授的“速度与激情”战略牌组发起进攻。
,
,
,
Node_botd_week25_day5:Description,先出哪张呢？
,
,
,
Node_botd_week25_day5:Name,botd Week 1 Day 2
,
,
,
Node_botd_week25_day6:6_MessageText,急冻魔还剩不少生命值和一只大僵尸。你要怎么才能赶上啊？
,
,
,
Node_botd_week25_day6:Description,先出哪张呢？
,
,
,
Node_botd_week25_day6:Name,botd Week 20 Day 2
,
,
,
Node_botd_week25_day7:6_MessageText,霹雳舞王的“无路可逃”战略牌组非常强大；可能有点太强大了。如果你领先得太多，耀斑花可能会用番茄技工来挽回局势！
,
,
,
Node_botd_week25_day7:Description,先出哪张呢？
,
,
,
Node_botd_week25_day7:Name,botd Week 1 Day 2
,
,
,
Node_botd_week26_day1:6_MessageText,比起糖果，我一直更喜欢捣乱，但有了超尸的“准备，抽牌！”战略牌组，你根本选都不用选。
,
,
,
Node_botd_week26_day1:Description,先出哪张呢？
,
,
,
Node_botd_week26_day1:Name,botd Week 1 Day 2
,
,
,
Node_botd_week26_day2:6_MessageText,耀斑花的格挡槽已经满了，而你这个回合就得赢。让她成功格挡就完蛋了！还好迪斯科海员在给你的队伍提供必中……不过时间不多了！
,
,
,
Node_botd_week26_day2:Description,避之不及
,
,
,
Node_botd_week26_day2:Name,botd Week 26 Day 2
,
,
,
Node_botd_week26_day3:6_MessageText,胆小猫可不喜欢被吓到。摔跤狂的“绒毛恶魔”战略牌组可以帮助发泄它的怒气。
,
,
,
Node_botd_week26_day3:Description,先出哪张呢？
,
,
,
Node_botd_week26_day3:Name,botd Week 1 Day 2
,
,
,
Node_botd_week26_day4:6_MessageText,僵尸和植物在每回合开始时将受到1点伤害，土豆仔的“熊的必需品”战略牌组中的冬眠熊莓对此感到很兴奋。
,
,
,
Node_botd_week26_day4:Description,先出哪张呢？
,
,
,
Node_botd_week26_day4:Name,botd Week 1 Day 2
,
,
,
Node_botd_week26_day5:6_MessageText,那边的万圣节达人已经上场了，这下可不太好办。巧妙地使用四个草菇与暗夜菇的“蘑力”战略牌组来击跨它们！
,
,
,
Node_botd_week26_day5:Description,先出哪张呢？
,
,
,
Node_botd_week26_day5:Name,botd Week 1 Day 2
,
,
,
Node_botd_week26_day6:6_MessageText,这些双子星能给你带来十六倍伤害，前提是它们能活下来。在那么多野玫瑰面前，想做到这点可不容易。
,
,
,
Node_botd_week26_day6:Description,先出哪张呢？
,
,
,
Node_botd_week26_day6:Name,botd Week 20 Day 2
,
,
,
Node_botd_week26_day7:6_MessageText,小心使用坚果骑士“疯狂的坚果”战略牌组里的锦囊牌。霹雳舞王拥有一只胆小猫。
,
,
,
Node_botd_week26_day7:Description,先出哪张呢？
,
,
,
Node_botd_week26_day7:Name,botd第1周第2天
,
,
,
Node_botd_week27_day1:6_MessageText,你的“胜利打击”战略牌组开局就有惊人的霸王大嘴花组合：咖啡渣可以飞速强化你的南瓜灯！你会需要它的——不死女妖开局可有35点生命值呢！
,
,
,
Node_botd_week27_day1:Description,先出哪张呢？
,
,
,
Node_botd_week27_day1:Name,botd第1周第2天
,
,
,
Node_botd_week27_day2:6_MessageText,这个谜题很有趣：你需要在本回合对拳王菜造成5点伤害！
,
,
,
Node_botd_week27_day2:Description,先出哪张呢？
,
,
,
Node_botd_week27_day2:Name,botd第1周第2天
,
,
,
Node_botd_week27_day3:6_MessageText,闹鬼南瓜皇如闪电般冲上前，展开惊人快攻。准备好对付你送给急冻魔的怪物。霸王大嘴花的“胜利打击”战略牌组有很多消灭怪物的办法。
,
,
,
Node_botd_week27_day3:Description,先出哪张呢？
,
,
,
Node_botd_week27_day3:Name,botd第1周第2天
,
,
,
Node_botd_week27_day4:6_MessageText,当有植物或僵尸死亡时，对手的一名随机卡牌将获得+1力量。拳王菜的“必中杀威棒”战略牌组已准备迎接战斗。
,
,
,
Node_botd_week27_day4:Description,先出哪张呢？
,
,
,
Node_botd_week27_day4:Name,botd第1周第2天
,
,
,
Node_botd_week27_day5:6_MessageText,好一场精彩对决：5株南瓜灯与你的5只跨维度僵尸对战！你能在被南瓜打败之前，把后者转化为取胜的优势吗？你会获得40点生命值，好让你更充分地使用“贸易的窍门”牌组。
,
,
,
Node_botd_week27_day5:Description,先出哪张呢？
,
,
,
Node_botd_week27_day5:Name,botd第1周第2天
,
,
,
Node_botd_week27_day6:6_MessageText,火爆队长以烈火熊熊的组合著称，能在一回合里造成大量额外攻击伤害。谨慎选牌，在本回合造成41点伤害来获胜！
,
,
,
Node_botd_week27_day6:Description,先出哪张呢？
,
,
,
Node_botd_week27_day6:Name,botd第1周第2天
,
,
,
Node_botd_week27_day7:6_MessageText,坚果骑士手里拿着张闹鬼南瓜皇。赶快阻止它，然后用僵点子教授的“速度与激情”战略牌组发起进攻。
,
,
,
Node_botd_week27_day7:Description,先出哪张呢？
,
,
,
Node_botd_week27_day7:Name,botd第1周第2天
,
,
,
Node_botd_week28_day1:6_MessageText,有了僵点子教授的“速度与激情”战略牌组，你就会有许多额外僵尸肢体来创建一些超大的弗兰肯巨尸，还包括了一些狡猾的冒牌小鬼！
,
,
,
Node_botd_week28_day1:Description,先出哪张呢？
,
,
,
Node_botd_week28_day1:Name,botd Week 1 Day 2
,
,
,
Node_botd_week28_day2:6_MessageText,这谜题太棒了！你会有许多强大的卡牌和许多创造脑子的方法。唯一的问题是：食脑蕉保证在这回合出现，另外还有三株冰冻生菜！
,
,
,
Node_botd_week28_day2:Description,先出哪张呢？
,
,
,
Node_botd_week28_day2:Name,botd Week 1 Day 2
,
,
,
Node_botd_week28_day3:6_MessageText,比起糖果，我一直比较喜欢捣乱，但有了超尸的“准备，抽牌！”战略牌组，你根本选都不用选。
,
,
,
Node_botd_week28_day3:Description,先出哪张呢？
,
,
,
Node_botd_week28_day3:Name,botd Week 1 Day 2
,
,
,
Node_botd_week28_day4:6_MessageText,在每回合开始时，植物和僵尸都会受到1点伤害。但是，无穷小子的“牌组的烦恼”战略牌组内的僵尸们喜欢受到伤害：它们是最完美的痛苦承受者！
,
,
,
Node_botd_week28_day4:Description,先出哪张呢？
,
,
,
Node_botd_week28_day4:Name,botd Week 1 Day 2
,
,
,
Node_botd_week28_day5:6_MessageText,你可以使用坚果骑士的“疯狂的坚果”战略牌组，利用五株健泳菱角和40点生命值拖延敌方弗兰肯巨尸，使自己最后获得胜利吗？
,
,
,
Node_botd_week28_day5:Description,先出哪张呢？
,
,
,
Node_botd_week28_day5:Name,
,
,
,
Node_botd_week28_day6:6_MessageText,在这场战斗中，你可以为玫瑰的“花朵之力传承”战略牌组添加一件强大的神秘武器：惊人的末日草坪节日卡牌——女巫榛子！
,
,
,
Node_botd_week28_day6:Description,先出哪张呢？
,
,
,
Node_botd_week28_day6:Name,botd Week 1 Day 2
,
,
,
Node_botd_week28_day7:6_MessageText,那边的万圣节达人已经上场了，这下可不太好办。巧妙地使用四个草菇与暗夜菇的“蘑力”战略牌组来击跨它们！
,
,
,
Node_botd_week28_day7:Description,先出哪张呢？
,
,
,
Node_botd_week28_day7:Name,botd Week 1 Day 2
,
,
,
Node_botd_week29_day1:6_MessageText,是时候让坚果骑士的治疗牌组来点感冒：使用全新感冒僵尸和急冻魔的“吸血僵尸Z”战略牌组！
,
,
,
Node_botd_week29_day1:Description,先出哪张呢？
,
,
,
Node_botd_week29_day1:Name,botd Week 1 Day 2
,
,
,
Node_botd_week29_day2:6_MessageText,解谜时间到！霸王大嘴花拥有强大的心蓟/捕蝇草行星组合，而且还是两组！帮助不死女妖打烂大嘴花的大嘴吧！
,
,
,
Node_botd_week29_day2:Description,先出哪张呢？
,
,
,
Node_botd_week29_day2:Name,botd Week 1 Day 2
,
,
,
Node_botd_week29_day3:6_MessageText,你的“胜利打击”战略牌组开局就有惊人的霸王大嘴花组合：咖啡渣可以飞速强化你的南瓜灯！你会需要它的——不死女妖开局可有35点生命值呢！
,
,
,
Node_botd_week29_day3:Description,先出哪张呢？
,
,
,
Node_botd_week29_day3:Name,botd Week 1 Day 2
,
,
,
Node_botd_week29_day4:6_MessageText,在这局游戏中，速度就是一切。双方玩家在每回合会获得2点阳光或脑子，这应当足以打出至尊大王的“小鬼总动员”战略牌组了。
,
,
,
Node_botd_week29_day4:Description,先出哪张呢？
,
,
,
Node_botd_week29_day4:Name,botd Week 1 Day 2
,
,
,
Node_botd_week29_day5:6_MessageText,耀斑花的“孢子多多”牌组可以召唤许多蘑菇和复制松果。但要提防感冒僵尸哦！
,
,
,
Node_botd_week29_day5:Description,先出哪张呢？
,
,
,
Node_botd_week29_day5:Name,botd Week 1 Day 2
,
,
,
Node_botd_week29_day6:6_MessageText,特殊节日卡牌“女巫榛子”是一位强大的诡异敌人！试着使用至尊大王的“虾米博士？”战略牌组的召唤之力战胜她！
,
,
,
Node_botd_week29_day6:Description,先出哪张呢？
,
,
,
Node_botd_week29_day6:Name,botd Week 1 Day 2
,
,
,
Node_botd_week29_day7:6_MessageText,好一场精彩对决：5株南瓜灯对你的5只跨维度僵尸！你能在被南瓜打败之前，把后者转化为取胜的优势吗？你会获得40点生命值，好帮你的“贸易的窍门”牌组活下来。
,
,
,
Node_botd_week29_day7:Description,先出哪张呢？
,
,
,
Node_botd_week29_day7:Name,botd Week 1 Day 2
,
,
,
Node_botd_week3_day1:6_MessageText,你的手牌以拥有两张大蒜活动卡牌开场。明智地使用它们来摆布战场里的僵尸……别忘了它们的额外能力哦！
,
,
,
Node_botd_week3_day1:Description,先出哪张呢？
,
,
,
Node_botd_week3_day1:Name,botd第1周第2天
,
,
,
Node_botd_week3_day2:6_MessageText,你可以赢得这个回合！记住：任何攻击花朵的僵尸将会被野玫瑰消灭。
,
,
,
Node_botd_week3_day2:Description,先出哪张呢？
,
,
,
Node_botd_week3_day2:Name,botd第1周第2天
,
,
,
Node_botd_week3_day3:6_MessageText,健康坚果用它的生命值进行攻击，所以请记得使用坚果骑士的“疯狂的坚果”战略牌组来确保其存活。
,
,
,
Node_botd_week3_day3:Description,先出哪张呢？
,
,
,
Node_botd_week3_day3:Name,botd第1周第2天
,
,
,
Node_botd_week3_day4:6_MessageText,在每回合结束时，所有玩家手牌里的全部卡牌花费将减少1点。使用玫瑰的“花朵之力传承”战略牌组好好利用这个机会。
,
,
,
Node_botd_week3_day4:Description,先出哪张呢？
,
,
,
Node_botd_week3_day4:Name,botd第1周第2天
,
,
,
Node_botd_week3_day5:6_MessageText,香橼猎手用两张大蒜活动卡牌开场。使用“海盗大掠夺”战略牌组里拥有致命能力的僵尸来消灭它们。
,
,
,
Node_botd_week3_day5:Description,先出哪张呢？
,
,
,
Node_botd_week3_day5:Name,botd第1周第2天
,
,
,
Node_botd_week3_day6:6_MessageText,霹雳舞王正在使用“大雨绵绵”战略牌组，并以猫夫人开场。使用耀斑花的“玉米末日”战略牌组，将这些宠物送至动物收容所。
,
,
,
Node_botd_week3_day6:Description,先出哪张呢？
,
,
,
Node_botd_week3_day6:Name,botd第1周第2天
,
,
,
Node_botd_week3_day7:6_MessageText,拳王菜会以一株免费的健康坚果开场。你能不能用那套牌组，外加一个免费的传送僵尸和一个免费的绅士僵尸，教教他“贸易的窍门”呢？
,
,
,
Node_botd_week3_day7:Description,先出哪张呢？
,
,
,
Node_botd_week3_day7:Name,botd第1周第2天
,
,
,
Node_botd_week30_day1:6_MessageText,香橼猎手的“坚果长城”战略牌组，是个为持久战打造的慢控制牌组。Z机甲的“野兽盛宴”也是如此。五月花给予的额外卡牌能让你获胜吗？
,
,
,
Node_botd_week30_day1:Description,先出哪张呢？
,
,
,
Node_botd_week30_day1:Name,botd Week 1 Day 2
,
,
,
Node_botd_week30_day2:6_MessageText,在此谜题使用你的豆子：在一个回合中，使用豆子组合对Z机甲造成巨大伤害，获得胜利！
,
,
,
Node_botd_week30_day2:Description,先出哪张呢？
,
,
,
Node_botd_week30_day2:Name,botd Week 1 Day 2
,
,
,
Node_botd_week30_day3:6_MessageText,有了僵点子教授“速度与激情”战略牌组，你就会有许多额外僵肢体位来创建一些超大的弗兰肯巨尸，还包括了一些狡猾的冒牌小鬼！
,
,
,
Node_botd_week30_day3:Description,先出哪张呢？
,
,
,
Node_botd_week30_day3:Name,botd Week 1 Day 2
,
,
,
Node_botd_week30_day4:6_MessageText,场上所有牌在打出时都会获得+1力量和生命值。这时候最适合派遣耀斑花的“孢子多多”战略牌组中的蘑菇大军了。
,
,
,
Node_botd_week30_day4:Description,先出哪张呢？
,
,
,
Node_botd_week30_day4:Name,botd Week 1 Day 2
,
,
,
Node_botd_week30_day5:6_MessageText,以经典对战回味过去辉煌的时代：超尸的“家中要害”对战绿影侠的“坏坏豆”。但是五月花和会计豆可以帮助佩妮豆证明她不是一个过气英雄。
,
,
,
Node_botd_week30_day5:Description,先出哪张呢？
,
,
,
Node_botd_week30_day5:Name,botd Week 1 Day 2
,
,
,
Node_botd_week30_day6:6_MessageText,欢迎来到荒唐竞技场！这是个小种子对抗世界的精彩对战。有人说你可能想要输掉这一场，那就可以玩多几次。
,
,
,
Node_botd_week30_day6:Description,先出哪张呢？
,
,
,
Node_botd_week30_day6:Name,botd Week 1 Day 2
,
,
,
Node_botd_week30_day7:6_MessageText,你可以使用坚果骑士的“疯狂的坚果”战略牌组，利用五株健泳菱角和40点生命值拖延敌方弗兰肯巨尸，使自己最后获得胜利吗？
,
,
,
Node_botd_week30_day7:Description,先出哪张呢？
,
,
,
Node_botd_week30_day7:Name,
,
,
,
Node_botd_week31_day1:6_MessageText,Z机甲的新战略牌组中的职业僵尸将让你“办正经事”！一群火鸡骑士可以给你带来美味的剩饭，而且还能靠僵尸学讲师来变得更加低费！
,
,
,
Node_botd_week31_day1:Description,Which one first?
,
,
,
Node_botd_week31_day1:Name,botd Week 1 Day 2
,
,
,
Node_botd_week31_day2:6_MessageText,解谜时间到：在一个回合使用20点阳光和3株免费成对豌豆天堂造成26点伤害。听起来很容易，不是吗？我们提到你需要面对5只章鱼僵尸没有？
,
,
,
Node_botd_week31_day2:Description,Which one first?
,
,
,
Node_botd_week31_day2:Name,botd Week 1 Day 2
,
,
,
Node_botd_week31_day3:6_MessageText,是时候让坚果骑士的治疗牌组来点感冒了：使用全新感冒僵尸和急冻魔的“吸血僵尸Z”战略牌组！
,
,
,
Node_botd_week31_day3:Description,Which one first?
,
,
,
Node_botd_week31_day3:Name,botd Week 1 Day 2
,
,
,
Node_botd_week31_day4:6_MessageText,哎哟！在每回合开始时，你与你的对手都将承受1点伤害。适者生存，利用甜蜜鸡和巨大化石，看看谁能笑到最后！
,
,
,
Node_botd_week31_day4:Description,Which one first?
,
,
,
Node_botd_week31_day4:Name,botd Week 1 Day 2
,
,
,
Node_botd_week31_day5:6_MessageText,这组策略牌组真是发了香蕉狂了。你能让你的香蕉发射者存活下来，扫除这群吵闹的火鸡骑士吗？然后就是追击苔藓组合和霸脚龙骑士组合间的竞赛了！
,
,
,
Node_botd_week31_day5:Description,Which one first?
,
,
,
Node_botd_week31_day5:Name,botd Week 1 Day 2
,
,
,
Node_botd_week31_day6:6_MessageText,这株玫瑰已经失控了，居然拥有100点生命值！使用“连续践踏者”战略牌组的伟大力量，将她分成碎片吧，起始出牌时拥有3张脑子践踏者卡牌。是时候开始病毒式传播了！
,
,
,
Node_botd_week31_day6:Description,Which one first?
,
,
,
Node_botd_week31_day6:Name,botd Week 1 Day 2
,
,
,
Node_botd_week31_day7:6_MessageText,耀斑花的“孢子多多”牌组可以召唤许多蘑菇和复制松果。但要提防感冒僵尸哦！
,
,
,
Node_botd_week31_day7:Description,Which one first?
,
,
,
Node_botd_week31_day7:Name,botd Week 1 Day 2
,
,
,
Node_botd_week32_day1:6_MessageText,使用摔跤狂的“吃到饱”牌组，把小小植物喂给你的吸血僵尸和胖墩僵尸，可获得大量福利。黑洞则可以将你的牺牲品置于你所希望的位置。
,
,
,
Node_botd_week32_day1:Description,Which one first?
,
,
,
Node_botd_week32_day1:Name,botd Week 1 Day 2
,
,
,
Node_botd_week32_day2:6_MessageText,巨人哑剧演员能保持安静固然不错，不过你能使用它们在一个回合中造成82点伤害吗？别忘了熟读螺帽坚果的能力！
,
,
,
Node_botd_week32_day2:Description,Which one first?
,
,
,
Node_botd_week32_day2:Name,botd Week 1 Day 2
,
,
,
Node_botd_week32_day3:6_MessageText,香橼猎手的“坚果长城”战略牌组，是个为持久战打造的慢速控制牌组。Z机甲的“野兽盛宴”也是如此。五月花给予的额外卡牌能让你获胜吗？
,
,
,
Node_botd_week32_day3:Description,Which one first?
,
,
,
Node_botd_week32_day3:Name,botd Week 1 Day 2
,
,
,
Node_botd_week32_day4:6_MessageText,在每回合结束时，所有玩家手牌里的全部卡牌花费将减少1点。使用绿影侠的“播种”战略牌组好好利用这个机会。
,
,
,
Node_botd_week32_day4:Description,Which one first?
,
,
,
Node_botd_week32_day4:Name,botd Week 1 Day 2
,
,
,
Node_botd_week32_day5:6_MessageText,是时候还以颜色了！在坚果骑士的“一鸣惊人”牌组中使用进化，从饥饿的吸血僵尸和胖墩僵尸口中拯救那些脆弱的吊钟花吧！
,
,
,
Node_botd_week32_day5:Description,Which one first?
,
,
,
Node_botd_week32_day5:Name,botd Week 1 Day 2
,
,
,
Node_botd_week32_day6:6_MessageText,变形无花果与花费低但生命值高的植物结合后非常强大。使用土豆仔的“发现豌豆天堂”牌组，将你的大蒜和坚果墙变为强力西葫芦吧！
,
,
,
Node_botd_week32_day6:Description,Which one first?
,
,
,
Node_botd_week32_day6:Name,botd Week 1 Day 2
,
,
,
Node_botd_week32_day7:6_MessageText,以经典对战回味过去辉煌的时代：超尸的“家中要害”对战绿影侠的“坏坏豆”。而五月花和会计豆可以帮助佩妮豆证明，她可不是过气角色。
,
,
,
Node_botd_week32_day7:Description,Which one first?
,
,
,
Node_botd_week32_day7:Name,botd Week 1 Day 2
,
,
,
Node_botd_week33_day1:6_MessageText,利用土豆仔的“双重麻烦”牌组，使用加拉塔仙人掌、火草、岩浆番石榴和对手的生命值为1的僵尸，可将灰熊梨幼崽变为强力的灰熊梨！
,
,
,
Node_botd_week33_day1:Description,Which one first?
,
,
,
Node_botd_week33_day1:Name,botd Week 1 Day 2
,
,
,
Node_botd_week33_day2:6_MessageText,在适当时候，以正确顺序使用你的巨大化石进化能力，即可在一回合中对僵尸的巨墙造成42点伤害！
,
,
,
Node_botd_week33_day2:Description,Which one first?
,
,
,
Node_botd_week33_day2:Name,botd Week 1 Day 2
,
,
,
Node_botd_week33_day3:6_MessageText,Z机甲的新战略牌组中的职业僵尸将让你“办正经事”！一群火鸡骑士可以给你带来美味的剩饭，而且还能靠僵尸学讲师来变得更加低费！
,
,
,
Node_botd_week33_day3:Description,Which one first?
,
,
,
Node_botd_week33_day3:Name,botd Week 1 Day 2
,
,
,
Node_botd_week33_day4:6_MessageText,这是一场快速战斗！每位玩家在每回合开始时，额外抽一张牌。
,
,
,
Node_botd_week33_day4:Description,Which one first?
,
,
,
Node_botd_week33_day4:Name,botd Week 1 Day 2
,
,
,
Node_botd_week33_day5:6_MessageText,使用急冻魔的“秘密破坏者”牌组，小心别在错误时机消灭这些灰熊梨幼崽，否则你就得被灰熊梨包围了！
,
,
,
Node_botd_week33_day5:Description,Which one first?
,
,
,
Node_botd_week33_day5:Name,botd Week 1 Day 2
,
,
,
Node_botd_week33_day6:6_MessageText,你能凭借80点生命值和两个腐烂克林尸抽取足够的额外卡牌，智胜三株变形无花果吗？
,
,
,
Node_botd_week33_day6:Description,
,
,
,
Node_botd_week33_day6:Name,
,
,
,
Node_botd_week33_day7:6_MessageText,这组策略牌组真是发了香蕉狂了。你能让你的香蕉发射者存活下来，扫除这群吵闹的火鸡骑士吗？然后就是追击苔藓组合和霸脚龙骑士组合间的竞赛了！
,
,
,
Node_botd_week33_day7:Description,
,
,
,
Node_botd_week33_day7:Name,botd Week 1 Day 2
,
,
,
Node_botd_week34_day1:6_MessageText,使用霹雳舞王的改良版“大雨绵绵”牌组，期待一些意外礼物吧。由于它将召唤3张卡牌，它可以三次触发恐龙的龙吼能力！
,
,
,
Node_botd_week34_day1:Description,
,
,
,
Node_botd_week34_day1:Name,
,
,
,
Node_botd_week34_day2:6_MessageText,桶中桶为火焰鸡增加致命能力的好办法。它还会在移动中摧毁植物！使用这个组合来在一回合中取胜。
,
,
,
Node_botd_week34_day2:Description,
,
,
,
Node_botd_week34_day2:Name,
,
,
,
Node_botd_week34_day3:6_MessageText,使用摔跤狂的“吃到饱”牌组，把小小植物喂给你的吸血僵尸和胖墩僵尸，可获得大量福利。黑洞则可以将你的牺牲品置于你所希望的位置。
,
,
,
Node_botd_week34_day3:Description,
,
,
,
Node_botd_week34_day3:Name,
,
,
,
Node_botd_week34_day4:6_MessageText,在回合开始时，每株植物与每只僵尸都将受到1点伤害，但是Z机甲的“办正经事”战略牌组已经习惯了。
,
,
,
Node_botd_week34_day4:Description,
,
,
,
Node_botd_week34_day4:Name,
,
,
,
Node_botd_week34_day5:6_MessageText,使用“进化乱斗”的进化植物攻克教授的女武神牌组，通过意外礼物强化力量吧！
,
,
,
Node_botd_week34_day5:Description,
,
,
,
Node_botd_week34_day5:Name,
,
,
,
Node_botd_week34_day6:6_MessageText,平底滑翔：以3点阳光和“甜蜜鸡”牌组开局，你能驾驶这艘免费的机器热气球战胜那群健泳菱角吗？
,
,
,
Node_botd_week34_day6:Description,
,
,
,
Node_botd_week34_day6:Name,
,
,
,
Node_botd_week34_day7:6_MessageText,是时候还以颜色了！在坚果骑士的“一鸣惊人”牌组中使用进化，从饥饿的吸血僵尸和胖墩僵尸口中拯救那些脆弱的吊钟花吧！
,
,
,
Node_botd_week34_day7:Description,
,
,
,
Node_botd_week34_day7:Name,
,
,
,
Node_botd_week35_day1:6_MessageText,快乐的冬青那4点力量的两栖身躯拥有双倍的冰冻能量。有了冬窝瓜，它便可以获得双倍破坏力。玫瑰称这个策略为：“冷酷牌组”。
,
,
,
Node_botd_week35_day1:Description,
,
,
,
Node_botd_week35_day1:Name,
,
,
,
Node_botd_week35_day2:6_MessageText,你在一回合中打出过797点伤害吗？能力葡萄和追击苔藓与恐龙结合后真的太疯狂了。或许这会有所帮助？
,
,
,
Node_botd_week35_day2:Description,
,
,
,
Node_botd_week35_day2:Name,
,
,
,
Node_botd_week35_day3:6_MessageText,利用土豆仔的“双重麻烦”牌组，使用加拉塔仙人掌、火草、岩浆番石榴和对手的生命值为1的僵尸，可将灰熊梨幼崽变为强力的灰熊梨！
,
,
,
Node_botd_week35_day3:Description,
,
,
,
Node_botd_week35_day3:Name,
,
,
,
Node_botd_week35_day4:6_MessageText,每当有植物或僵尸阵亡，一名随机对手便会获得+1力量。干掉植物，强化你的僵尸！
,
,
,
Node_botd_week35_day4:Description,
,
,
,
Node_botd_week35_day4:Name,
,
,
,
Node_botd_week35_day5:6_MessageText,至尊大王的“什么博士”牌组带来了冰冻雪人，这可是对抗冰冻牌组的强力武器。不过要小心，别让冬窝瓜和快乐的冬青摧毁雪人！
,
,
,
Node_botd_week35_day5:Description,
,
,
,
Node_botd_week35_day5:Name,
,
,
,
Node_botd_week35_day6:6_MessageText,再生庆典：你相信自我革新吗？想办法使用40张再生击败海妖和她的“黑暗巨石尸”牌组吧！
,
,
,
Node_botd_week35_day6:Description,
,
,
,
Node_botd_week35_day6:Name,
,
,
,
Node_botd_week35_day7:6_MessageText,使用急冻魔的“秘密破坏者”牌组，小心别在错误时机消灭这些灰熊梨幼崽，否则你就得被灰熊梨包围了！
,
,
,
Node_botd_week35_day7:Description,
,
,
,
Node_botd_week35_day7:Name,
,
,
,
Node_botd_week36_day1:6_MessageText,记住：如果植物玩家手中达到10张卡牌，它们将无法进行超能格挡。“准备，抽牌”牌组则可以实现一点——使用弹射、礼品转送僵尸和虫洞守门者！
,
,
,
Node_botd_week36_day1:Description,
,
,
,
Node_botd_week36_day1:Name,
,
,
,
Node_botd_week36_day2:6_MessageText,爆炸水果蛋糕是清除巨大植物的好方式。不过，你能在一回合中干掉五株吗？
,
,
,
Node_botd_week36_day2:Description,
,
,
,
Node_botd_week36_day2:Name,
,
,
,
Node_botd_week36_day3:6_MessageText,使用霹雳舞王的改良版“大雨绵绵”牌组，期待一些意外礼物吧。由于它将召唤3张卡牌，它可以三次触发恐龙的龙吼能力！
,
,
,
Node_botd_week36_day3:Description,
,
,
,
Node_botd_week36_day3:Name,
,
,
,
Node_botd_week36_day4:6_MessageText,玩家每回合都能获得额外的阳光和脑子！僵点子教授的“贸易的窍门”战略牌组正好有各种办法来花掉这些脑子。
,
,
,
Node_botd_week36_day4:Description,Which one first?
,
,
,
Node_botd_week36_day4:Name,botd Week 1 Day 2
,
,
,
Node_botd_week36_day5:6_MessageText,礼品转送僵尸将试图让你拥有10张满手牌，防止你进行超能格挡。使用贝塔胡萝卜蒂娜的“弹跳小屋”把这一策略弹回给对方吧！
,
,
,
Node_botd_week36_day5:Description,
,
,
,
Node_botd_week36_day5:Name,
,
,
,
Node_botd_week36_day6:6_MessageText,每当你让植物玩家通过爆炸水果蛋糕、意外礼物和礼品转送僵尸来召唤或抽取卡牌时，速抽骗子都会奖励你！
,
,
,
Node_botd_week36_day6:Description,
,
,
,
Node_botd_week36_day6:Name,
,
,
,
Node_botd_week36_day7:6_MessageText,使用“让我的恐龙植物独自生叶吧！”的进化植物攻克教授的女武神牌组，通过意外礼物强化力量吧！
,
,
,
Node_botd_week36_day7:Description,
,
,
,
Node_botd_week36_day7:Name,
,
,
,
Node_botd_week37_day1:6_MessageText,有了“控制狂”牌组，使用毒菌摧毁僵尸的同时，你的阳光将变得更多！
,
,
,
Node_botd_week37_day1:Description,
,
,
,
Node_botd_week37_day1:Name,
,
,
,
Node_botd_week37_day2:6_MessageText,毒菌能摧毁僵尸、造成重击并制造额外阳光。但你并不需要最后的部分，因为你在这个回合就要赢！记住：在植物面前，洗碗池僵尸并不强大。
,
,
,
Node_botd_week37_day2:Description,
,
,
,
Node_botd_week37_day2:Name,
,
,
,
Node_botd_week37_day3:6_MessageText,快乐的冬青那4点力量的两栖身躯拥有双倍的冰冻能量。有了冬窝瓜，它便可以获得双倍破坏力。玫瑰称这个策略为：“冷酷牌组”。
,
,
,
Node_botd_week37_day3:Description,
,
,
,
Node_botd_week37_day3:Name,
,
,
,
Node_botd_week37_day4:6_MessageText,场上所有牌在打出时都会获得+1力量和生命值。急冻魔的“生病的宠物”战略牌组有大堆宠物，正能满足你的需要。
,
,
,
Node_botd_week37_day4:Description,
,
,
,
Node_botd_week37_day4:Name,
,
,
,
Node_botd_week37_day5:6_MessageText,使用“秘密特工”，在耀斑花使用毒菌积攒阳光、召唤出星际芦荟之前干掉她！
,
,
,
Node_botd_week37_day5:Description,
,
,
,
Node_botd_week37_day5:Name,
,
,
,
Node_botd_week37_day6:6_MessageText,召唤决斗：是时候为彼此召唤一些卡牌了。你在开始时拥有4张额外的闹鬼南瓜皇，而僵尸则拥有4张额外的爆炸水果蛋糕！
,
,
,
Node_botd_week37_day6:Description,
,
,
,
Node_botd_week37_day6:Name,
,
,
,
Node_botd_week37_day7:6_MessageText,至尊大王的“什么博士”牌组带来了冰冻雪人，这可是对抗冰冻牌组的强力武器。不过要小心，别让冬窝瓜和快乐的冬青摧毁雪人！
,
,
,
Node_botd_week37_day7:Description,
,
,
,
Node_botd_week37_day7:Name,
,
,
,
Node_botd_week38_day1:6_MessageText,巨人学家让你在第3和第4回合就能打出花费为5和6的强大巨人。摔跤狂的特色超能力甚至能变得更便宜，因为那是一张巨人卡牌！是时候上演“巨人军团”了！
,
,
,
Node_botd_week38_day1:Description,
,
,
,
Node_botd_week38_day1:Name,
,
,
,
Node_botd_week38_day2:6_MessageText,以正确的顺序打出你的植物牌，在一回合中获胜。冲锋坚果和激光猫尾草想要早点上场并多次触发！
,
,
,
Node_botd_week38_day2:Description,
,
,
,
Node_botd_week38_day2:Name,
,
,
,
Node_botd_week38_day3:6_MessageText,记住：如果植物玩家手中达到10张卡牌，它们将无法进行超能格挡。“准备，抽牌”牌组则可以实现一点——使用弹射、礼品转送僵尸和虫洞守门者！
,
,
,
Node_botd_week38_day3:Description,
,
,
,
Node_botd_week38_day3:Name,
,
,
,
Node_botd_week38_day4:6_MessageText,在每回合开始时，你与你的对手都将承受1点伤害。问题是：你会比摔跤狂坚持更久吗？
,
,
,
Node_botd_week38_day4:Description,
,
,
,
Node_botd_week38_day4:Name,
,
,
,
Node_botd_week38_day5:6_MessageText,在Z机甲用巨人学家打出过多低费的巨人之前，抓紧时机对其使用“恐龙碾压”！
,
,
,
Node_botd_week38_day5:Description,
,
,
,
Node_botd_week38_day5:Name,
,
,
,
Node_botd_week38_day6:6_MessageText,高难度挑战警报！在你的5株健泳菱角被除草剂除去前，使用2个绽放之心击败2个巨人学家！成对豌豆天堂是“双倍提升”牌组的关键。
,
,
,
Node_botd_week38_day6:Description,
,
,
,
Node_botd_week38_day6:Name,
,
,
,
Node_botd_week38_day7:6_MessageText,礼品转送僵尸将试图让你拥有10张满手牌，防止你进行超能格挡。使用贝塔胡萝卜蒂娜的“弹跳小屋”把这一策略弹回给对方吧！
,
,
,
Node_botd_week38_day7:Description,
,
,
,
Node_botd_week38_day7:Name,
,
,
,
Node_botd_week39_day1:6_MessageText,香橼猎手认为他可以使用坚果墙阻止你的“吸血鬼之主”牌组。你的精力汲取僵尸可以避开它吗？
,
,
,
Node_botd_week39_day1:Description,
,
,
,
Node_botd_week39_day1:Name,
,
,
,
Node_botd_week39_day2:6_MessageText,小心移动植物，并使吸血僵尸和远古吸血僵尸的特殊能力达到最大化，从而赢取本回合胜利！小提示：吸血鬼可不喜欢大蒜！
,
,
,
Node_botd_week39_day2:Description,
,
,
,
Node_botd_week39_day2:Name,
,
,
,
Node_botd_week39_day3:6_MessageText,有了“控制狂”牌组，使用毒菌摧毁僵尸的同时，你的阳光将变得更多！
,
,
,
Node_botd_week39_day3:Description,
,
,
,
Node_botd_week39_day3:Name,
,
,
,
Node_botd_week39_day4:6_MessageText,僵尸和植物在每回合开始时将受到1点伤害，土豆仔“熊的必需品”战略牌组中的冬眠熊莓对此感到很兴奋。
,
,
,
Node_botd_week39_day4:Description,
,
,
,
Node_botd_week39_day4:Name,botd Week 1 Day 2
,
,
,
Node_botd_week39_day5:6_MessageText,精力汲取僵尸热衷于毁灭弱小植物，比如这些宇宙豆。利用额外卡牌、生命值和一只恐龙来一场胜利“播种”！
,
,
,
Node_botd_week39_day5:Description,
,
,
,
Node_botd_week39_day5:Name,
,
,
,
Node_botd_week39_day6:6_MessageText,毒菌时间：开始时拥有6点阳光和一株免费的毒菌！你需要玫瑰的“玉米炮击”牌组击败游荡的防守边锋！
,
,
,
Node_botd_week39_day6:Description,
,
,
,
Node_botd_week39_day6:Name,
,
,
,
Node_botd_week39_day7:6_MessageText,在耀斑花使用毒菌积攒阳光、召唤出星际芦荟之前干掉她！“吸血鬼之主”牌组将给予你获胜的欲望。
,
,
,
Node_botd_week39_day7:Description,
,
,
,
Node_botd_week39_day7:Name,
,
,
,
Node_botd_week39_day8:6_MessageText,僵尸和植物在每回合开始时将受到1点伤害，土豆仔“熊的必需品”战略牌组中的冬眠熊莓对此感到很兴奋。
,
,
,
Node_botd_week39_day8:Description,
,
,
,
Node_botd_week39_day8:Name,botd Week 1 Day 2
,
,
,
Node_botd_week4_day1:6_MessageText,给你透露个秘密：你用秘密特工活动卡牌开场。使用摔跤狂的“吃到饱”战略牌组，碾压那些植物。
,
,
,
Node_botd_week4_day1:Description,先出哪张呢？
,
,
,
Node_botd_week4_day1:Name,botd第1周第2天
,
,
,
Node_botd_week4_day2:6_MessageText,你的对手看起来很强悍。将秘密特工活动卡牌发送到战场上，提高面对植物获胜的可能性。
,
,
,
Node_botd_week4_day2:Description,先出哪张呢？
,
,
,
Node_botd_week4_day2:Name,botd第1周第2天
,
,
,
Node_botd_week4_day3:6_MessageText,一场经典的“香蕉分身大战死胡子的木桶”交锋。准备大战一场吧！
,
,
,
Node_botd_week4_day3:Description,先出哪张呢？
,
,
,
Node_botd_week4_day3:Name,botd第1周第2天
,
,
,
Node_botd_week4_day4:6_MessageText,这是一场快速战斗！每位玩家在每回合开始时，抽取一张额外卡牌。
,
,
,
Node_botd_week4_day4:Description,先出哪张呢？
,
,
,
Node_botd_week4_day4:Name,botd第1周第2天
,
,
,
Node_botd_week4_day5:6_MessageText,使用土豆仔的“强大的莓果”战略牌组打败急冻魔。但根据内部消息说，他会用秘密特工卡牌开场。
,
,
,
Node_botd_week4_day5:Description,先出哪张呢？
,
,
,
Node_botd_week4_day5:Name,botd第1周第2天
,
,
,
Node_botd_week4_day6:6_MessageText,这是什么？看起来这场战场是逆行的！祝你好运！
,
,
,
Node_botd_week4_day6:Description,先出哪张呢？
,
,
,
Node_botd_week4_day6:Name,botd第1周第2天
,
,
,
Node_botd_week4_day7:6_MessageText,霸王大嘴花正尝试使用“香蕉分身”活动卡牌！但有个好消息！一只垃圾桶僵尸决定在它之前立个墓碑。
,
,
,
Node_botd_week4_day7:Description,先出哪张呢？
,
,
,
Node_botd_week4_day7:Name,botd第1周第2天
,
,
,
Node_botd_week40_day1:6_MessageText,“致命奖励”牌组拥有多种方式使你的僵尸变得致命。这能让火焰鸡自动摧毁它经过线上的所有植物。咯咯咯，尝尝这个！
,
,
,
Node_botd_week40_day1:Description,
,
,
,
Node_botd_week40_day1:Name,
,
,
,
Node_botd_week40_day2:6_MessageText,造成512点伤害听起来确实很难，你可能需要很多回合才能做到。但你只有一回合！
,
,
,
Node_botd_week40_day2:Description,
,
,
,
Node_botd_week40_day2:Name,
,
,
,
Node_botd_week40_day3:6_MessageText,巨人学家让你在第3和第4回合就能打出花费为5和6的强大巨人。摔跤狂的特色超能力甚至能变得更便宜，因为那是一张巨人卡牌！
,
,
,
Node_botd_week40_day3:Description,
,
,
,
Node_botd_week40_day3:Name,
,
,
,
Node_botd_week40_day4:6_MessageText,当有植物或僵尸死亡时，对手的一名随机卡牌将获得+1力量。拳王菜的“恐龙碾压”战略牌组已准备迎接战斗。
,
,
,
Node_botd_week40_day4:Description,
,
,
,
Node_botd_week40_day4:Name,botd Week 1 Day 2
,
,
,
Node_botd_week40_day5:6_MessageText,使用植物很难阻止火焰鸡的脚步——它不停地闪避。提示是你最好烤了那只鸡！
,
,
,
Node_botd_week40_day5:Description,
,
,
,
Node_botd_week40_day5:Name,
,
,
,
Node_botd_week40_day6:6_MessageText,大量炮弹芹降临！使用“生病的宠物”和30点生命值存活下来，好让你在第2和3回合抽到的火焰鸡派上用场。
,
,
,
Node_botd_week40_day6:Description,
,
,
,
Node_botd_week40_day6:Name,
,
,
,
Node_botd_week40_day7:6_MessageText,在Z机甲用巨人学家打出过多低费的巨人之前，抓紧时机对其使用“恐龙碾压”！
,
,
,
Node_botd_week40_day7:Description,
,
,
,
Node_botd_week40_day7:Name,
,
,
,
Node_botd_week41_day1:6_MessageText,防守边锋的进攻就像是美国足球队一样，能够让对手的所有锦囊牌减速，尤其是在巨尸军团得到更多免费的巨人学家的时候，可以让它更快发挥效力！
,
,
,
Node_botd_week41_day1:Description,
,
,
,
Node_botd_week41_day1:Name,
,
,
,
Node_botd_week41_day2:6_MessageText,尽管意外礼物和甲龙可以产生随机效果，但你可以无视这种随机性，破解谜题确保一回合的胜利。
,
,
,
Node_botd_week41_day2:Description,
,
,
,
Node_botd_week41_day2:Name,
,
,
,
Node_botd_week41_day3:6_MessageText,香橼猎手认为他可以使用坚果墙阻止你的“吸血鬼之主”牌组。你的精力汲取僵尸可以避开它吗？
,
,
,
Node_botd_week41_day3:Description,
,
,
,
Node_botd_week41_day3:Name,
,
,
,
Node_botd_week41_day4:6_MessageText,在每回合开始时，植物和僵尸都会受到1点伤害。但是，无穷小子的“牌组的烦恼”战略牌组内的僵尸们喜欢受到伤害：它们是最完美的痛苦承受者！
,
,
,
Node_botd_week41_day4:Description,
,
,
,
Node_botd_week41_day4:Name,
,
,
,
Node_botd_week41_day5:6_MessageText,你的“危险的黄瓜”牌组中有大量锦囊牌，因此，在你的锦囊牌更加昂贵的条件下击败敌方防守边锋十分困难。你能在初始3点阳光和3点脑子的情况下做到吗？
,
,
,
Node_botd_week41_day5:Description,
,
,
,
Node_botd_week41_day5:Name,
,
,
,
Node_botd_week41_day6:6_MessageText,欢迎来到荒唐竞技场！这是场小种子对抗世界的疯狂对战！
,
,
,
Node_botd_week41_day6:Description,
,
,
,
Node_botd_week41_day6:Name,
,
,
,
Node_botd_week41_day7:6_MessageText,此牌组能使你“播种”僵尸毁灭。只需要保护宇宙豆安全，免受精力汲取僵尸的袭击就好！
,
,
,
Node_botd_week41_day7:Description,
,
,
,
Node_botd_week41_day7:Name,
,
,
,
Node_botd_week42_day1:6_MessageText,绽放之心是前期的强力进攻牌。随着“动员日”牌组移动它，使它保持生气并不断成长！
,
,
,
Node_botd_week42_day1:Description,
,
,
,
Node_botd_week42_day1:Name,
,
,
,
Node_botd_week42_day2:6_MessageText,当你只有2点脑子时，僵尸团或许看起来不怎么好对付。不过你能想办法利用它在一回合中造成73点伤害吗？？
,
,
,
Node_botd_week42_day2:Description,
,
,
,
Node_botd_week42_day2:Name,
,
,
,
Node_botd_week42_day3:6_MessageText,“致命奖励”牌组拥有多种方式使你的僵尸变得致命。这能让火焰鸡自动摧毁它经过线上的所有植物。咯咯咯，尝尝这个！
,
,
,
Node_botd_week42_day3:Description,
,
,
,
Node_botd_week42_day3:Name,
,
,
,
Node_botd_week42_day4:6_MessageText,在这局游戏中，速度就是一切。双方玩家在每回合获得两点阳光或脑子，这应当足以打出至尊大王的“小鬼总动员”战略牌组了。
,
,
,
Node_botd_week42_day4:Description,
,
,
,
Node_botd_week42_day4:Name,
,
,
,
Node_botd_week42_day5:6_MessageText,如果不立即处理，绽放之心就会失控。立刻扰乱它，令它停下来就能够获取你的“僵尸博士！”
,
,
,
Node_botd_week42_day5:Description,
,
,
,
Node_botd_week42_day5:Name,
,
,
,
Node_botd_week42_day6:6_MessageText,变形无花果与花费低但生命值高的植物结合后非常强大。使用土豆仔的“双倍提升”牌组，将你的大蒜和坚果墙变为强力西葫芦吧！
,
,
,
Node_botd_week42_day6:Description,
,
,
,
Node_botd_week42_day6:Name,
,
,
,
Node_botd_week42_day7:6_MessageText,使用植物很难阻止火焰鸡的脚步——它不停地闪避。最好的妙计是烤了那只鸡！
,
,
,
Node_botd_week42_day7:Description,
,
,
,
Node_botd_week42_day7:Name,
,
,
,
Node_botd_week43_day1:6_MessageText,你将在第4回合抽取愚蠢爱神。连击警告：如果你使用毒物小鬼让它致命，愚蠢爱神将消灭所射中的任意植物。爱也是一种伤害！
,
,
,
Node_botd_week43_day1:Description,
,
,
,
Node_botd_week43_day1:Name,
,
,
,
Node_botd_week43_day2:6_MessageText,聪明植物善于溅射并攻击相邻的线。小心地放置它们，在一回合内造成27点伤害！
,
,
,
Node_botd_week43_day2:Description,
,
,
,
Node_botd_week43_day2:Name,
,
,
,
Node_botd_week43_day3:6_MessageText,防守边锋的进攻就像是美国足球队一样，能够让对手的所有锦囊牌减速，尤其是在巨尸军团得到更多免费的巨人学家的时候，可以让它更快发挥效力！
,
,
,
Node_botd_week43_day3:Description,
,
,
,
Node_botd_week43_day3:Name,
,
,
,
Node_botd_week43_day4:6_MessageText,场上所有牌在打出时都会获得+1力量和生命值。这时候最适合派遣耀斑花的“孢子多多”战略牌组中的蘑菇大军了。
,
,
,
Node_botd_week43_day4:Description,Which one first?
,
,
,
Node_botd_week43_day4:Name,botd Week 1 Day 2
,
,
,
Node_botd_week43_day5:6_MessageText,向愚蠢爱神展示，爱在“玉米炮击”牌组面前是盲目的。连击警告：如果愚蠢爱神让植物的力量变为0，滚石就会消灭任意植物。
,
,
,
Node_botd_week43_day5:Description,
,
,
,
Node_botd_week43_day5:Name,
,
,
,
Node_botd_week43_day6:6_MessageText,僵尸无尽漩涡：谁稀罕牌组？现在，每个玩家每回合能召唤一张随机卡牌！
,
,
,
Node_botd_week43_day6:Description,
,
,
,
Node_botd_week43_day6:Name,
,
,
,
Node_botd_week43_day7:6_MessageText,你的“危险的黄瓜”牌组中有大量锦囊牌，因此，在你的锦囊牌更加昂贵的条件下击败敌方防守边锋十分困难。你能在初始3点阳光和3点脑子的情况下做到吗？
,
,
,
Node_botd_week43_day7:Description,
,
,
,
Node_botd_week43_day7:Name,
,
,
,
Node_botd_week44_day1:6_MessageText,这副“水豆突袭”牌组中的斯巴达克斯孢在面对大量锦囊牌牌组时异常强大。将他置于葡萄星球以抽取大量卡牌！
,
,
,
Node_botd_week44_day1:Description,
,
,
,
Node_botd_week44_day1:Name,
,
,
,
Node_botd_week44_day2:6_MessageText,以正确的顺序小心出牌，就能从霸脚龙骑士中获得最大战斗力。提示：你的牌组顶端是2张额外传送！
,
,
,
Node_botd_week44_day2:Description,
,
,
,
Node_botd_week44_day2:Name,
,
,
,
Node_botd_week44_day3:6_MessageText,绽放之心是前期的强力进攻牌。随着“动员日”牌组移动它，使它保持生气并不断成长！
,
,
,
Node_botd_week44_day3:Description,
,
,
,
Node_botd_week44_day3:Name,
,
,
,
Node_botd_week44_day4:6_MessageText,哎哟！在每回合开始时，你与对手都将受到1点伤害。适者生存，由“甜蜜鸡”领衔出演！
,
,
,
Node_botd_week44_day4:Description,
,
,
,
Node_botd_week44_day4:Name,
,
,
,
Node_botd_week44_day5:6_MessageText,斯巴达克斯孢在面对锦囊牌时能够成吨造成伤害，因此你需要格外小心使用“贸易的窍门”牌组和这位疯狂化学家，才能够取得成功！
,
,
,
Node_botd_week44_day5:Description,
,
,
,
Node_botd_week44_day5:Name,
,
,
,
Node_botd_week44_day6:6_MessageText,在为爱神的情人脑寻找热辣约会吗？你已经在坚果骑士的强力花朵控制牌组“绽放之星”中找到了一个。嗨，说不定能找到三个！
,
,
,
Node_botd_week44_day6:Description,
,
,
,
Node_botd_week44_day6:Name,
,
,
,
Node_botd_week44_day7:6_MessageText,如果不立即处理，绽放之心就会失控。立刻扰乱它，令它停下来就能够获取你的“僵尸博士！”
,
,
,
Node_botd_week44_day7:Description,
,
,
,
Node_botd_week44_day7:Name,
,
,
,
Node_botd_week45_day1:6_MessageText,火爆队长的“跟我重复”追击苔藓牌组充满强力的额外攻击。使用“跳舞机”将它们和特别收录铁桶僵尸一起放进垃圾桶中！
,
,
,
Node_botd_week45_day1:Description,
,
,
,
Node_botd_week45_day1:Name,
,
,
,
Node_botd_week45_day2:6_MessageText,注意：敌方龙吼技能会在它们抽取、获得或召唤手中任意卡牌时激活！将三叠纪的胜利中的进化和融合植物相结合，在一回合内造成40点伤害！
,
,
,
Node_botd_week45_day2:Description,
,
,
,
Node_botd_week45_day2:Name,
,
,
,
Node_botd_week45_day3:6_MessageText,你将在第4回合抽取愚蠢爱神。连击警告：如果你使用毒物小鬼让它致命，愚蠢爱神将消灭所射中的任意植物。爱也是一种伤害！
,
,
,
Node_botd_week45_day3:Description,
,
,
,
Node_botd_week45_day3:Name,
,
,
,
Node_botd_week45_day4:6_MessageText,在每回合结束时，所有玩家手牌里的全部卡牌花费将减少1点。是时候展现巨大化石的“一鸣惊人”策略牌组了！
,
,
,
Node_botd_week45_day4:Description,
,
,
,
Node_botd_week45_day4:Name,
,
,
,
Node_botd_week45_day5:6_MessageText,特别收录铁桶僵尸能够使你的额外攻击停止。在你发动它们前击败他吧！
,
,
,
Node_botd_week45_day5:Description,
,
,
,
Node_botd_week45_day5:Name,
,
,
,
Node_botd_week45_day6:6_MessageText,有时热辣约会也会变糟！制定你的逃跑计划，脱离一连串和迪斯科舞池或砂囊蜥蜴的热辣约会（由“突袭和升级”承办）。
,
,
,
Node_botd_week45_day6:Description,
,
,
,
Node_botd_week45_day6:Name,
,
,
,
Node_botd_week45_day7:6_MessageText,向愚蠢爱神展示，爱在“玉米炮击”牌组面前是盲目的。连击警告：如果愚蠢爱神让植物的力量变为0，滚石就会消灭任意植物。
,
,
,
Node_botd_week45_day7:Description,
,
,
,
Node_botd_week45_day7:Name,
,
,
,
Node_botd_week46_day1:6_MessageText,三叶草火箭是强力僵尸的有效对策。使用它击败“让我的恐龙植物独自生叶吧！”牌组中的巨型敌人吧！
,
,
,
Node_botd_week46_day1:Description,
,
,
,
Node_botd_week46_day1:Name,
,
,
,
Node_botd_week46_day2:6_MessageText,尽量移动四周僵尸，最大限度利用狩猎场和火焰鸡。生化植物学家能够捕猎帮助你移动你的鸡和僵尸！
,
,
,
Node_botd_week46_day2:Description,
,
,
,
Node_botd_week46_day2:Name,
,
,
,
Node_botd_week46_day3:6_MessageText,这副“水豆突袭”牌组中的斯巴达克斯孢在面对大量锦囊牌牌组时异常强大。将他置于葡萄星球以抽取大量卡牌！
,
,
,
Node_botd_week46_day3:Description,
,
,
,
Node_botd_week46_day3:Name,
,
,
,
Node_botd_week46_day4:6_MessageText,这是一场快速战斗！每位玩家在每回合开始时，额外抽一张牌。
,
,
,
Node_botd_week46_day4:Description,Which one first?
,
,
,
Node_botd_week46_day4:Name,botd Week 1 Day 2
,
,
,
Node_botd_week46_day5:6_MessageText,有了三叠纪的胜利“融合”僵尸，“秘密破坏者”牌组就能拥有爆炸性速度了。但如果你的僵尸获得4点或更多力量，就要小心三叶草火箭了！
,
,
,
Node_botd_week46_day5:Description,
,
,
,
Node_botd_week46_day5:Name,
,
,
,
Node_botd_week46_day6:6_MessageText,平底滑翔：以3点脑子和“甜蜜鸡”牌组开局，你能驾驶这艘免费的机器热气球战胜那群健泳菱角吗？
,
,
,
Node_botd_week46_day6:Description,
,
,
,
Node_botd_week46_day6:Name,
,
,
,
Node_botd_week46_day7:6_MessageText,斯巴达克斯孢在面对锦囊牌时能够成吨造成伤害，因此你需要格外小心使用“贸易的窍门”牌组和这位疯狂化学家，才能够取得成功！
,
,
,
Node_botd_week46_day7:Description,
,
,
,
Node_botd_week46_day7:Name,
,
,
,
Node_botd_week47_day1:6_MessageText,勇敢三叶草是一种绿叶植物，能够抽取卡牌，并为自己和茂盛盆栽充能。能够完美搭配“让我的恐龙独自生叶吧！”牌组！
,
,
,
Node_botd_week47_day1:Description,
,
,
,
Node_botd_week47_day1:Name,
,
,
,
Node_botd_week47_day2:6_MessageText,使用强力疯狂的椰子进化赢得一回合胜利，尽管对方有一对机器陆行船……还是说幸亏有？
,
,
,
Node_botd_week47_day2:Description,
,
,
,
Node_botd_week47_day2:Name,
,
,
,
Node_botd_week47_day3:6_MessageText,火爆队长的“跟我重复”追击苔藓牌组充满强力的额外攻击。使用“跳舞机”将它们和特别收录铁桶僵尸一起放进垃圾桶中！
,
,
,
Node_botd_week47_day3:Description,
,
,
,
Node_botd_week47_day3:Name,
,
,
,
Node_botd_week47_day4:6_MessageText,在回合开始时，每株植物与每只僵尸都将受到1点伤害，但是Z机甲的“办正经事”战略牌组已经习惯了。
,
,
,
Node_botd_week47_day4:Description,
,
,
,
Node_botd_week47_day4:Name,
,
,
,
Node_botd_week47_day5:6_MessageText,为了对这次战斗做好准备，我“向你提个胡须问题”。你能召唤活动卡牌“勇敢三叶草”解决一个巨大的威胁吗？？
,
,
,
Node_botd_week47_day5:Description,
,
,
,
Node_botd_week47_day5:Name,
,
,
,
Node_botd_week47_day6:6_MessageText,植物无尽漩涡：谁稀罕牌组？现在，每个玩家每回合能召唤一张随机卡牌！
,
,
,
Node_botd_week47_day6:Description,
,
,
,
Node_botd_week47_day6:Name,
,
,
,
Node_botd_week47_day7:6_MessageText,特别收录铁桶僵尸能够使你的额外攻击停止。在你发动它们前击败他吧！
,
,
,
Node_botd_week47_day7:Description,
,
,
,
Node_botd_week47_day7:Name,
,
,
,
Node_botd_week48_day1:6_MessageText,特务鸢尾能帮助你智胜这些麻烦的墓碑，只需要点击查看其中藏有什么、并打出合适的植物对抗就好。香橼猎手已经乐得眼泪都出来了——提示：“水路作战”。
,
,
,
Node_botd_week48_day1:Description,
,
,
,
Node_botd_week48_day1:Name,
,
,
,
Node_botd_week48_day2:6_MessageText,当你抽取或召唤卡牌时，突进迅猛龙将变得巨大。小心地以正确的顺序出牌，在一回合内取得胜利！（你牌组中剩余的为纸板机器人。）
,
,
,
Node_botd_week48_day2:Description,
,
,
,
Node_botd_week48_day2:Name,
,
,
,
Node_botd_week48_day3:6_MessageText,三叶草火箭是对抗强力僵尸的极低耗阳光对策。使用它击败“恐龙碾压”牌组中客串的甜蜜疯狂僵尸吧！
,
,
,
Node_botd_week48_day3:Description,
,
,
,
Node_botd_week48_day3:Name,
,
,
,
Node_botd_week48_day4:6_MessageText,每当有植物或僵尸阵亡，一名随机对手便会获得+1力量。干掉植物，强化你的僵尸！
,
,
,
Node_botd_week48_day4:Description,
,
,
,
Node_botd_week48_day4:Name,
,
,
,
Node_botd_week48_day5:6_MessageText,帮助这些“掠夺的海盗”夺取小镇吧，尽管特务鸢尾能够看到你墓碑中的物体并打出合适的植物进行对抗。
,
,
,
Node_botd_week48_day5:Description,
,
,
,
Node_botd_week48_day5:Name,
,
,
,
Node_botd_week48_day6:6_MessageText,再生庆典：你相信自我革新吗？想办法使用40张再生击败海妖和她的“黑暗巨石尸”牌组吧！
,
,
,
Node_botd_week48_day6:Description,
,
,
,
Node_botd_week48_day6:Name,
,
,
,
Node_botd_week48_day7:6_MessageText,有了三叠纪的胜利“融合”僵尸，“秘密破坏者”牌组就能拥有爆炸性速度了。但如果你的僵尸获得4点或更多力量，就要小心三叶草火箭了！
,
,
,
Node_botd_week48_day7:Description,
,
,
,
Node_botd_week48_day7:Name,
,
,
,
Node_botd_week49_day1:6_MessageText,这组土豆仔牌组据说是“强大的莓果”。使用免费的闪光蓝莓击败拥有30点生命值的僵点子教授！
,
,
,
Node_botd_week49_day1:Description,
,
,
,
Node_botd_week49_day1:Name,
,
,
,
Node_botd_week49_day2:6_MessageText,以正确的顺序缩小僵尸，在一回合内解决谜题。玫瑰甚至带来了一些加拉塔仙人掌——只是别让它们被甲板上的鲨鱼摧毁了！
,
,
,
Node_botd_week49_day2:Description,
,
,
,
Node_botd_week49_day2:Name,
,
,
,
Node_botd_week49_day3:6_MessageText,勇敢三叶草是一种绿叶植物，能够抽取卡牌，并为自己和茂盛盆栽充能。能够完美搭配“让我的恐龙独自生叶吧！”牌组！
,
,
,
Node_botd_week49_day3:Description,
,
,
,
Node_botd_week49_day3:Name,
,
,
,
Node_botd_week49_day4:6_MessageText,玩家每回合都能获得额外的阳光和脑子！锈铁侠的“连续践踏者”战略牌组正好有各种办法来花掉这些脑子。 
,
,
,
Node_botd_week49_day4:Description,
,
,
,
Node_botd_week49_day4:Name,
,
,
,
Node_botd_week49_day5:6_MessageText,运动员进化“鱼饵角斗士”能够帮助你击败那些闪光蓝莓。只需要记住海妖的忠告：“冲啊！小鬼加油！”
,
,
,
Node_botd_week49_day5:Description,
,
,
,
Node_botd_week49_day5:Name,
,
,
,
Node_botd_week49_day6:6_MessageText,每当你让植物玩家通过爆炸水果蛋糕、意外礼物和礼品转送僵尸来召唤或抽取卡牌时，速抽骗子都会奖励你！
,
,
,
Node_botd_week49_day6:Description,
,
,
,
Node_botd_week49_day6:Name,
,
,
,
Node_botd_week49_day7:6_MessageText,为了对这次战斗做好准备，我“向你提个胡须问题”。你能召唤活动卡牌“勇敢三叶草”解决一个巨大的威胁吗？？
,
,
,
Node_botd_week49_day7:Description,
,
,
,
Node_botd_week49_day7:Name,
,
,
,
Node_botd_week5_day1:6_MessageText,这些冒牌小鬼能够强化急冻魔的“公海狂欢”战略牌组。如果他们被打败了，千万不要担心；因为他们带来了朋友。
,
,
,
Node_botd_week5_day1:Description,先出哪张呢？
,
,
,
Node_botd_week5_day1:Name,botd第1周第2天
,
,
,
Node_botd_week5_day2:6_MessageText,你需要为你的卡牌清空一些空间，但小心哦，千万不要令那些木桶生气。
,
,
,
Node_botd_week5_day2:Description,先出哪张呢？
,
,
,
Node_botd_week5_day2:Name,botd第1周第2天
,
,
,
Node_botd_week5_day3:6_MessageText,你的手牌以拥有两张大蒜活动卡牌开场。明智地使用它们来摆布战场里的僵尸……别忘了它们的额外能力哦！
,
,
,
Node_botd_week5_day3:Description,先出哪张呢？
,
,
,
Node_botd_week5_day3:Name,botd第1周第2天
,
,
,
Node_botd_week5_day4:6_MessageText,在回合开始时，每株植物与每只僵尸都将受到1点伤害，但是无穷小子的“牌组的烦恼”战略牌组已经习惯了。
,
,
,
Node_botd_week5_day4:Description,先出哪张呢？
,
,
,
Node_botd_week5_day4:Name,botd第1周第2天
,
,
,
Node_botd_week5_day5:6_MessageText,无论你消灭了多少只冒牌小鬼，他们还是会产生更多小鬼。你的五月花也许能给暗夜菇的“危险的莓果”战略牌组救急。
,
,
,
Node_botd_week5_day5:Description,先出哪张呢？
,
,
,
Node_botd_week5_day5:Name,botd第1周第2天
,
,
,
Node_botd_week5_day6:6_MessageText,如果你不能快速除掉吉祥物小鬼，它将会变得非常巨大。当然，锈铁侠在面对小雪花时，有着相同的问题。
,
,
,
Node_botd_week5_day6:Description,先出哪张呢？
,
,
,
Node_botd_week5_day6:Name,botd第1周第2天
,
,
,
Node_botd_week5_day7:6_MessageText,香橼猎手用两张大蒜活动卡牌开场。使用“海盗大掠夺”战略牌组里拥有致命能力的僵尸来消灭它们。
,
,
,
Node_botd_week5_day7:Description,先出哪张呢？
,
,
,
Node_botd_week5_day7:Name,botd第1周第2天
,
,
,
Node_botd_week50_day1:6_MessageText,幽谷百合制造了爆炸性的进攻开场，尤其在使用了组队或双重打击植物的时候。利用幽谷百合开局，击败30生命值的超尸吧！
,
,
,
Node_botd_week50_day1:Description,
,
,
,
Node_botd_week50_day1:Name,
,
,
,
Node_botd_week50_day2:6_MessageText,铲子僵尸和捕兽者僵尸在一起时，能够弹射线上所有植物。利用这一点，以及收缩和致胜击倒组合，在一回合内解决这个难题吧！
,
,
,
Node_botd_week50_day2:Description,
,
,
,
Node_botd_week50_day2:Name,
,
,
,
Node_botd_week50_day3:6_MessageText,特务鸢尾能帮助你智胜这些麻烦的墓碑，只需要点击查看其中藏有什么、并打出合适的植物对抗就好。香橼猎手已经乐得眼泪都出来了——提示：“水路作战”。
,
,
,
Node_botd_week50_day3:Description,
,
,
,
Node_botd_week50_day3:Name,
,
,
,
Node_botd_week50_day4:6_MessageText,场上所有牌在打出时都会获得+1力量和生命值。急冻魔的“生病的宠物”战略牌组有大堆宠物，正能满足你的需要。
,
,
,
Node_botd_week50_day4:Description,
,
,
,
Node_botd_week50_day4:Name,
,
,
,
Node_botd_week50_day5:6_MessageText,是时候迎来笨笨水手牌组了！你知道的，像海盗一样。幽谷百合为你的对手提供了强大的优势。让他们自我毁灭吧！
,
,
,
Node_botd_week50_day5:Description,
,
,
,
Node_botd_week50_day5:Name,
,
,
,
Node_botd_week50_day6:6_MessageText,召唤决斗：是时候为彼此召唤一些卡牌了。你在开始时拥有4张额外的闹鬼南瓜皇，而僵尸则拥有4张额外的爆炸水果蛋糕！
,
,
,
Node_botd_week50_day6:Description,
,
,
,
Node_botd_week50_day6:Name,
,
,
,
Node_botd_week50_day7:6_MessageText,帮助这些“掠夺的海盗”夺取小镇吧，尽管特务鸢尾能够看到你墓碑中的物体并打出合适的植物进行对抗。
,
,
,
Node_botd_week50_day7:Description,
,
,
,
Node_botd_week50_day7:Name,
,
,
,
Node_botd_week51_day1:6_MessageText,让蛇草存活下来，它将迅速繁殖，占据整个甲板。防御性超能力和香橼猎手的水路作战植物能够完美配合。扩大生长吧，然后狠狠出击！
,
,
,
Node_botd_week51_day1:Description,
,
,
,
Node_botd_week51_day1:Name,
,
,
,
Node_botd_week51_day2:6_MessageText,许多水池线中都有海洋豆组合。你的牌组顶端是两张责任葡萄。你的最大责任就是在一回合内取得胜利！
,
,
,
Node_botd_week51_day2:Description,
,
,
,
Node_botd_week51_day2:Name,
,
,
,
Node_botd_week51_day3:6_MessageText,这组土豆仔牌组据说是“强大的莓果”。使用免费的闪光蓝莓击败拥有30点生命值的僵点子教授！
,
,
,
Node_botd_week51_day3:Description,
,
,
,
Node_botd_week51_day3:Name,
,
,
,
Node_botd_week51_day4:6_MessageText,在每回合开始时，你与你的对手都将承受1点伤害。问题是：你会比锈铁侠坚持更久吗？
,
,
,
Node_botd_week51_day4:Description,
,
,
,
Node_botd_week51_day4:Name,
,
,
,
Node_botd_week51_day5:6_MessageText,蛇！为什么非得是蛇？这局游戏满是蛇草，起始阳光是4点。使用“突袭和升级”灭绝事件和砂囊蜥蜴把它们全部清除！
,
,
,
Node_botd_week51_day5:Description,
,
,
,
Node_botd_week51_day5:Name,
,
,
,
Node_botd_week51_day6:6_MessageText,开局就是一个免费的巨尸学家。使他存活，直到第3回合打出廉价的蹦跳巨尸。随后可获得免费的神秘鸡蛋，直到土豆仔说“自己人别动手”！
,
,
,
Node_botd_week51_day6:Description,
,
,
,
Node_botd_week51_day6:Name,
,
,
,
Node_botd_week51_day7:6_MessageText,运动员进化“鱼饵角斗士”能够帮助你击败那些闪光蓝莓。只需要记住海妖的忠告：“冲啊！小鬼加油！”
,
,
,
Node_botd_week51_day7:Description,
,
,
,
Node_botd_week51_day7:Name,
,
,
,
Node_botd_week52_day1:6_MessageText,只要你的高地和水池线开阔，高台跳水僵尸就是一种低成本的进攻威胁。试着埋伏“墓碑之险”牌组中的五月花来对付它吧！
,
,
,
Node_botd_week52_day1:Description,
,
,
,
Node_botd_week52_day1:Name,
,
,
,
Node_botd_week52_day2:6_MessageText,要想击败土豆仔，有时你确实得需要得到他的山羊。小心使用山羊和火箭山羊的技能，在一回合内取得胜利！
,
,
,
Node_botd_week52_day2:Description,
,
,
,
Node_botd_week52_day2:Name,
,
,
,
Node_botd_week52_day3:6_MessageText,幽谷百合制造了爆炸性的进攻开场，尤其在使用了组队或双重打击植物的时候。利用幽谷百合开局，击败30生命值的超尸吧！
,
,
,
Node_botd_week52_day3:Description,
,
,
,
Node_botd_week52_day3:Name,
,
,
,
Node_botd_week52_day4:6_MessageText,僵尸和植物在每回合开始时将受到1点伤害，土豆仔“熊的必需品”战略牌组中的冬眠熊莓对此感到很兴奋。
,
,
,
Node_botd_week52_day4:Description,
,
,
,
Node_botd_week52_day4:Name,botd Week 1 Day 2
,
,
,
Node_botd_week52_day5:6_MessageText,领导致命豆荚军团前往“水豆突袭”的湖泊。只是要当心高台跳水僵尸从高地的墓碑中出现！
,
,
,
Node_botd_week52_day5:Description,
,
,
,
Node_botd_week52_day5:Name,
,
,
,
Node_botd_week52_day6:6_MessageText,毒菌时间，快速版：开始时拥有6点阳光和一株免费的毒菌！你需要耀斑花的“玉米末日”牌组击败游荡的蹦跳巨尸！
,
,
,
Node_botd_week52_day6:Description,
,
,
,
Node_botd_week52_day6:Name,
,
,
,
Node_botd_week52_day7:6_MessageText,是时候迎来笨笨水手牌组了！你知道的，像海盗一样。幽谷百合为你的对手提供了强大的优势。让他们自我毁灭吧！
,
,
,
Node_botd_week52_day7:Description,
,
,
,
Node_botd_week52_day7:Name,
,
,
,
Node_botd_week6_day1:6_MessageText,能制造额外阳光的蘑菇，看起来正适合耀斑花的“孢子多多”战略牌组。
,
,
,
Node_botd_week6_day1:Description,先出哪张呢？
,
,
,
Node_botd_week6_day1:Name,botd第1周第2天
,
,
,
Node_botd_week6_day2:6_MessageText,有时候，把桶冻上正是个绝好的主意。你有一回合时间来赢下这一局！
,
,
,
Node_botd_week6_day2:Description,先出哪张呢？
,
,
,
Node_botd_week6_day2:Name,botd第1周第2天
,
,
,
Node_botd_week6_day3:6_MessageText,给你透露个秘密：你用秘密特工活动卡牌开场。使用摔跤狂的“吃到饱”战略牌组，碾压那些植物。
,
,
,
Node_botd_week6_day3:Description,先出哪张呢？
,
,
,
Node_botd_week6_day3:Name,botd第1周第2天
,
,
,
Node_botd_week6_day4:6_MessageText,每当有植物或僵尸阵亡，一名随机对手便会获得+1力量。干掉植物，强化你的僵尸！
,
,
,
Node_botd_week6_day4:Description,先出哪张呢？
,
,
,
Node_botd_week6_day4:Name,botd第1周第2天
,
,
,
Node_botd_week6_day5:6_MessageText,看看你能否用霹雳舞王的“激情舞动”战略牌组，抢在阳光菇带给坚果骑士太多阳光前获胜。
,
,
,
Node_botd_week6_day5:Description,先出哪张呢？
,
,
,
Node_botd_week6_day5:Name,botd第1周第2天
,
,
,
Node_botd_week6_day6:6_MessageText,你的国王僵尸可以召唤不死骑士，但他们得形成气候才能压制住那张美须藤。
,
,
,
Node_botd_week6_day6:Description,先出哪张呢？
,
,
,
Node_botd_week6_day6:Name,botd第1周第2天
,
,
,
Node_botd_week6_day7:6_MessageText,使用土豆仔的“强大的莓果”战略牌组打败急冻魔。但根据内部消息说，他会用秘密特工卡牌开场。
,
,
,
Node_botd_week6_day7:Description,先出哪张呢？
,
,
,
Node_botd_week6_day7:Name,botd第1周第2天
,
,
,
Node_botd_week7_day1:6_MessageText,高压醋栗最爱看到你打出莓果了。暗夜菇的“危险的莓果”战略牌组应该能满足这两张牌。
,
,
,
Node_botd_week7_day1:Description,先出哪张呢？
,
,
,
Node_botd_week7_day1:Name,botd第1周第2天
,
,
,
Node_botd_week7_day2:6_MessageText,到底怎么才能在一条线上打出那么多伤害呢？
,
,
,
Node_botd_week7_day2:Description,先出哪张呢？
,
,
,
Node_botd_week7_day2:Name,botd第1周第2天
,
,
,
Node_botd_week7_day3:6_MessageText,这些冒牌小鬼能够强化急冻魔的“公海狂欢”战略牌组。如果他们被打败了，千万不要担心；因为他们带来了朋友。
,
,
,
Node_botd_week7_day3:Description,先出哪张呢？
,
,
,
Node_botd_week7_day3:Name,botd第1周第2天
,
,
,
Node_botd_week7_day4:6_MessageText,所有的植物和僵尸都会在打出时获得穿透。火爆队长的“大梨王”战略牌组正好有不少呢。
,
,
,
Node_botd_week7_day4:Description,先出哪张呢？
,
,
,
Node_botd_week7_day4:Name,botd第1周第2天
,
,
,
Node_botd_week7_day5:6_MessageText,还记得起手就有两张“高压醋粟”的感觉吗？现在轮到你的对手这样了。用Z机甲的“跳舞机”把它们早早解决掉。
,
,
,
Node_botd_week7_day5:Description,先出哪张呢？
,
,
,
Node_botd_week7_day5:Name,botd第1周第2天
,
,
,
Node_botd_week7_day6:6_MessageText,这局比赛可能节奏会有点快。双方玩家开局都有+2阳光和脑子，并且多一张手牌。用香橼猎手的“坚果长城”战略牌组来利用这一优势吧。
,
,
,
Node_botd_week7_day6:Description,先出哪张呢？
,
,
,
Node_botd_week7_day6:Name,botd第1周第2天
,
,
,
Node_botd_week7_day7:6_MessageText,无论你消灭了多少只冒牌小鬼，他们还是会产生更多小鬼。你的五月花也许能给暗夜菇的“危险的莓果”战略牌组救急。
,
,
,
Node_botd_week7_day7:Description,先出哪张呢？
,
,
,
Node_botd_week7_day7:Name,botd第1周第2天
,
,
,
Node_botd_week8_day1:6_MessageText,病毒式传播能让锈铁侠“国王万岁”战略牌组里的强壮僵尸们从植物身上碾过去。
,
,
,
Node_botd_week8_day1:Description,先出哪张呢？
,
,
,
Node_botd_week8_day1:Name,botd第1周第2天
,
,
,
Node_botd_week8_day2:6_MessageText,如果一着不慎，你可能会葬送掉最需要的东西，或者让敌人趁虚而入。
,
,
,
Node_botd_week8_day2:Description,先出哪张呢？
,
,
,
Node_botd_week8_day2:Name,botd第1周第2天
,
,
,
Node_botd_week8_day3:6_MessageText,能制造额外阳光的蘑菇，看起来正适合耀斑花的“孢子多多”战略牌组。
,
,
,
Node_botd_week8_day3:Description,先出哪张呢？
,
,
,
Node_botd_week8_day3:Name,botd第1周第2天
,
,
,
Node_botd_week8_day4:6_MessageText,玩家每回合都能获得额外的阳光和脑子！僵点子教授的“贸易的窍门”战略牌组正好有各种办法来花掉这些脑子。
,
,
,
Node_botd_week8_day4:Description,先出哪张呢？
,
,
,
Node_botd_week8_day4:Name,botd第1周第2天
,
,
,
Node_botd_week8_day5:6_MessageText,绿影侠的“坏坏豆”战略牌组能否抵挡住海妖的“墓碑之险”牌组？如果海妖开局手里有“病毒式传播”会怎么样？
,
,
,
Node_botd_week8_day5:Description,先出哪张呢？
,
,
,
Node_botd_week8_day5:Name,botd第1周第2天
,
,
,
Node_botd_week8_day6:6_MessageText,场中间有两条高地线和一条水池线。对超尸的“海盗大掠夺”战略牌组来说都能派上用场。
,
,
,
Node_botd_week8_day6:Description,先出哪张呢？
,
,
,
Node_botd_week8_day6:Name,botd第1周第2天
,
,
,
Node_botd_week8_day7:6_MessageText,看看你能否用霹雳舞王的“激情舞动”战略牌组，抢在阳光菇带给坚果骑士太多阳光前获胜。
,
,
,
Node_botd_week8_day7:Description,先出哪张呢？
,
,
,
Node_botd_week8_day7:Name,botd第1周第2天
,
,
,
Node_botd_week9_day1:6_MessageText,有什么土豆仔“复制松果战争”战略牌组里的复制松果大军更棒的？当然是用音速盛放来扩大优势了！
,
,
,
Node_botd_week9_day1:Description,先出哪张呢？
,
,
,
Node_botd_week9_day1:Name,botd第1周第2天
,
,
,
Node_botd_week9_day2:6_MessageText,我不觉得那张猫夫人能帮上你什么忙。对了吗，你每次在下回合开始时还会受到一点伤害，所以还是尽量靠她赢下这一场吧。
,
,
,
Node_botd_week9_day2:Description,先出哪张呢？
,
,
,
Node_botd_week9_day2:Name,botd第1周第2天
,
,
,
Node_botd_week9_day3:6_MessageText,高压醋栗最爱看到你打出莓果了。暗夜菇的“危险的莓果”战略牌组应该能满足这两张牌。
,
,
,
Node_botd_week9_day3:Description,先出哪张呢？
,
,
,
Node_botd_week9_day3:Name,botd第1周第2天
,
,
,
Node_botd_week9_day4:6_MessageText,场上所有牌在打出时都会获得+1力量和生命值。急冻魔的“生病的宠物”战略牌组由大堆宠物，正在满足你的需要。
,
,
,
Node_botd_week9_day4:Description,先出哪张呢？
,
,
,
Node_botd_week9_day4:Name,botd第1周第2天
,
,
,
Node_botd_week9_day5:6_MessageText,暗夜菇开局手牌里有音速盛放，建议你用无穷小子的“神奇小鬼”战略牌组来控制住他的蘑菇大军。
,
,
,
Node_botd_week9_day5:Description,先出哪张呢？
,
,
,
Node_botd_week9_day5:Name,botd第1周第2天
,
,
,
Node_botd_week9_day6:6_MessageText,利用香橼猎手的“水路作战”战略牌组，在更多水池线上夺得优势。
,
,
,
Node_botd_week9_day6:Description,先出哪张呢？
,
,
,
Node_botd_week9_day6:Name,botd第1周第2天
,
,
,
Node_botd_week9_day7:6_MessageText,还记得起手就有两张“高压醋粟”的感觉吗？现在轮到你的对手这样了。用Z机甲的“跳舞机”把它们早早解决掉。
,
,
,
Node_botd_week9_day7:Description,先出哪张呢？
,
,
,
Node_botd_week9_day7:Name,botd第1周第2天
,
,
,
Node_FPS Stress Test:Description,FPS压力测试
,
,
,
Node_FPS Stress Test:Name,FPS压力测试
,
,
,
Node_FTUE_Node_1:30_MessageText,点击绿色按钮\n继续回合。
,
,
,
Node_FTUE_Node_1:30_MessageText_PC,点击绿色按钮\n继续回合。
,
,
,
Node_FTUE_Node_1:35_MessageText,植物出牌需要花费阳光。\n你在这回合有2点阳光！
,
,
,
Node_FTUE_Node_1:39_MessageText,僵尸来啦！
,
,
,
Node_FTUE_Node_1:40_MessageText,"是绿影侠！

她能打败超尸！"
,
,
,
Node_FTUE_Node_1:41_MessageText,绿影侠加入你的队伍了！\n她会帮你打败超尸！
,
,
,
Node_FTUE_Node_1:42_MessageText,小心！\n僵王博士想使坏！
,
,
,
Node_FTUE_Node_1:53_MessageText,每回合你都能获得更多阳光。\n它每到回合开始便会补满，尽管用吧！
,
,
,
Node_FTUE_Node_1:54_MessageText,你抽到了绿影侠的\n特色超能力：\n精准轰击！
,
,
,
Node_FTUE_Node_1:55_MessageText,在中线上试试精准轰击吧。
,
,
,
Node_FTUE_Node_1:59_MessageText,成长蘑菇不光能上场战斗，\n还有类似锦囊牌的特殊效果！\n点击他看看。
,
,
,
Node_FTUE_Node_1:59_MessageText_PC,成长蘑菇不光能上场战斗，\n还有类似锦囊牌的特殊效果！\n选择它看看。
,
,
,
Node_FTUE_Node_1:6_MessageText,准备防御！\n把一株植物拖动到草坪上。
,
,
,
Node_FTUE_Node_1:60_MessageText,“施肥”是张锦囊牌。\n打出它有特殊效果！
,
,
,
Node_FTUE_Node_1:64_MessageText,攻击任意一条无人防守的线\n都能对超尸造成伤害！
,
,
,
Node_FTUE_Node_1:Description,战斗，完成按钮，超能力，英雄生命值，阳光
,
,
,
Node_FTUE_Node_1:Name,教程关卡1
,
,
,
Node_FTUE_Node_1_Slim:30_MessageText,点击绿色按钮\n继续回合。
,
,
,
Node_FTUE_Node_1_Slim:30_MessageText_PC,点击绿色按钮\n继续回合。
,
,
,
Node_FTUE_Node_1_Slim:35_MessageText,植物出牌需要花费阳光。\n你在这回合有2点阳光！
,
,
,
Node_FTUE_Node_1_Slim:39_MessageText,你好啊，邻居！\n我是疯狂戴夫。但你可以叫我疯！狂！戴！夫！
,
,
,
Node_FTUE_Node_1_Slim:41_MessageText,哇！是绿影侠！\n她会帮你打败\n超尸的！
,
,
,
Node_FTUE_Node_1_Slim:42_MessageText,哎哟天哪！\n僵王博士带来了……\n大麻烦！
,
,
,
Node_FTUE_Node_1_Slim:53_MessageText,每回合你都能获得更多阳光。\n它每回合都会补满，尽管用吧！
,
,
,
Node_FTUE_Node_1_Slim:55_MessageText,在中线上使用绿影侠的\n超能力吧。
,
,
,
Node_FTUE_Node_1_Slim:59_MessageText,成长蘑菇具备特殊能力！\n点击它看看。
,
,
,
Node_FTUE_Node_1_Slim:59_MessageText_PC,成长蘑菇具备特殊能力！\n选择它看看。
,
,
,
Node_FTUE_Node_1_Slim:6_MessageText,准备防御！\n把一株植物拖动到草坪上。
,
,
,
Node_FTUE_Node_1_Slim:60_MessageText,施肥是张锦囊牌！\n打出它有特殊效果！
,
,
,
Node_FTUE_Node_1_Slim:64_MessageText,你抽到了绿影侠的\n特色超能力：\n精准轰击！
,
,
,
Node_FTUE_Node_1_Slim:66_MessageText,继续在任意线上攻击超尸，赢得胜利！
,
,
,
Node_FTUE_Node_1_Slim:69_MessageText,我有个秘密要告诉你……\n僵尸来啦！
,
,
,
Node_FTUE_Node_1_Slim:Description,战斗，完成按钮，超能力，英雄生命值，阳光
,
,
,
Node_FTUE_Node_1_Slim:Name,柔软2初战1
,
,
,
Node_FTUE_Node_2:12_MessageText,谁知道僵尸还会游泳？\n用两栖植物挡住他！
,
,
,
Node_FTUE_Node_2:23_MessageText,点击绿色按钮\n继续回合。
,
,
,
Node_FTUE_Node_2:23_MessageText_PC,点击绿色按钮\n继续回合。
,
,
,
Node_FTUE_Node_2:33_MessageText,"“施肥”是张锦囊牌。

它可以造成特殊效果，

然后就从场上消失。"
,
,
,
Node_FTUE_Node_2:34_MessageText,"成长蘑菇具备特殊能力！

点击看看它能干什么。"
,
,
,
Node_FTUE_Node_2:36_MessageText,"好样的！

猫尾草是种水生植物！

它在水里和陆上都能生长。"
,
,
,
Node_FTUE_Node_2:37_MessageText,那片屋顶看上去挺有用……\n嘿，这儿还有水池！
,
,
,
Node_FTUE_Node_2:42_MessageText,猫尾草就是两栖植物！\n把它放到水池线上试试。
,
,
,
Node_FTUE_Node_2:44_MessageText,卷心菜投手在\n高地会长得更大。\n把它放上去试试！
,
,
,
Node_FTUE_Node_2:48_MessageText,你打出了一张“超能力”锦囊牌！\n你的英雄在每场游戏开始时都会有一张。
,
,
,
Node_FTUE_Node_2:50_MessageText,真麻烦！\n僵尸可以在植物出牌后\n打出“锦囊牌”。
,
,
,
Node_FTUE_Node_2:54_MessageText,有僵尸藏在墓碑底下！\n会是个什么呢？
,
,
,
Node_FTUE_Node_2:55_MessageText,超尸被你打得节节败退！\n继续攻击！
,
,
,
Node_FTUE_Node_2:56_MessageText,超尸刚才没用脑子……\n他肯定是想使什么诡计。
,
,
,
Node_FTUE_Node_2:60_MessageText,这是你在上一场游戏里赢来的\n三重射手。收集更多植物\n便能壮大你的牌组！
,
,
,
Node_FTUE_Node_2:Description,学习水生、资源、一次性效果、超能力
,
,
,
Node_FTUE_Node_2:Name,教程关卡2
,
,
,
Node_FTUE_Node_2_old:12_MessageText,谁知道僵尸还会游泳？你很快就会需要[aquatic]植物了……
,
,
,
Node_FTUE_Node_2_old:23_MessageText,点击绿色按钮继续回合。
,
,
,
Node_FTUE_Node_2_old:23_MessageText_PC,点击绿色按钮\n继续回合。
,
,
,
Node_FTUE_Node_2_old:33_MessageText,施肥是张锦囊牌。它可以立即带来特殊效果！
,
,
,
Node_FTUE_Node_2_old:34_MessageText,成长蘑菇具备特殊能力！点击看看它能干什么。
,
,
,
Node_FTUE_Node_2_old:34_MessageText_PC,成长蘑菇具备特殊能力！选择看看它能干什么。
,
,
,
Node_FTUE_Node_2_old:36_MessageText,好样的！猫尾草是种[aquatic]植物！它在水里和陆上都能生长。 
,
,
,
Node_FTUE_Node_2_old:37_MessageText,超尸被你打得节节败退！继续攻击！
,
,
,
Node_FTUE_Node_2_old:42_MessageText,猫尾草就是[aquatic]植物！把它放到水池线上试试。 
,
,
,
Node_FTUE_Node_2_old:43_MessageText,双发射手有不错的特殊能力。点击看看它能干什么。
,
,
,
Node_FTUE_Node_2_old:43_MessageText_PC,双发射手有不错的特殊能力。选择看看它能干什么。
,
,
,
Node_FTUE_Node_2_old:Description,学习水生、资源、一次性效果、超能力
,
,
,
Node_FTUE_Node_2_old:Name,教程关卡2
,
,
,
Node_FTUE_Node_2_Slim:12_MessageText,谁知道僵尸还会游泳？用[aquatic]植物挡住他！
,
,
,
Node_FTUE_Node_2_Slim:23_MessageText,点击绿色按钮\n继续回合。
,
,
,
Node_FTUE_Node_2_Slim:23_MessageText_PC,点击绿色按钮\n继续回合。
,
,
,
Node_FTUE_Node_2_Slim:37_MessageText,那片屋顶看上去挺有用……\n嘿，这儿还有水池！
,
,
,
Node_FTUE_Node_2_Slim:42_MessageText,猫尾草就是[aquatic]植物！\n把它放到水池线上试试。 
,
,
,
Node_FTUE_Node_2_Slim:44_MessageText,卷心菜投手在\n高地会长得更大。\n把它放上去试试！
,
,
,
Node_FTUE_Node_2_Slim:48_MessageText,你打出了一张超能力锦囊牌！\n你的英雄在每场游戏开始时都会有一张超能力。
,
,
,
Node_FTUE_Node_2_Slim:50_MessageText,真麻烦！\n僵尸可以在植物出牌后\n打出“锦囊牌”。
,
,
,
Node_FTUE_Node_2_Slim:54_MessageText,有僵尸藏在墓碑底下！\n会是个什么呢？
,
,
,
Node_FTUE_Node_2_Slim:55_MessageText,超尸被你打得节节败退！\n继续攻击！
,
,
,
Node_FTUE_Node_2_Slim:56_MessageText,超尸刚才没用脑子……\n他肯定是想使什么诡计。
,
,
,
Node_FTUE_Node_2_Slim:60_MessageText,这是你在上一场游戏里赢来的\n三重射手。收集更多植物\n便能壮大你的队伍！
,
,
,
Node_FTUE_Node_2_Slim:61_MessageText,你抽到了上一场游戏里\n放进牌组的牌！收集更多牌\n来增强你的牌组！
,
,
,
Node_FTUE_Node_2_Slim:Description,学习水生，资源，一次性效果，超能力
,
,
,
Node_FTUE_Node_2_Slim:Name,短暂初战2
,
,
,
Node_FTUE_Node_2_Soft2_Superblock:42_MessageText,"漂亮的超能格挡！\n你挡住了攻击，还获得了一张免费超能力！
"
,
,
,
Node_FTUE_Node_2_Soft2_Superblock:43_MessageText,免费打出这张超能力，\n或者留到以后用。
,
,
,
Node_FTUE_Node_2_Soft2_Superblock:52_MessageText,火炬树桩拥有组队！\n它能保护同一条线上的其他植物！
,
,
,
Node_FTUE_Node_2_Soft2_Superblock:53_MessageText,把火炬树桩放到\n双发射手上面，就能保护和增强后者！这个组合够厉害！
,
,
,
Node_FTUE_Node_2_Soft2_Superblock:57_MessageText,你抽到一张上一场游戏里\n放进牌组的牌！收集更多牌\n来增强你的牌组！
,
,
,
Node_FTUE_Node_2_Soft2_Superblock:58_MessageText,你在每场游戏开始时都会有一张超能力，完成超能格挡还能获得更多！
,
,
,
Node_FTUE_Node_2_Soft2_Superblock:59_MessageText,这是你的超能格挡槽。它会在你的英雄受到伤害时充能。一旦充满，你就能得到一张超能力！-借训练填满格挡槽-
,
,
,
Node_FTUE_Node_2_Soft2_Superblock:60_MessageText,有僵尸藏在墓碑底下！\n会是个什么呢？
,
,
,
Node_FTUE_Node_2_Soft2_Superblock:61_MessageText,听我说！当你被击中时，有5%的几率马上充满超能格挡槽！够疯狂吧？！
,
,
,
Node_FTUE_Node_2_Soft2_Superblock:62_MessageText,点击绿色按钮\n继续回合。
,
,
,
Node_FTUE_Node_2_Soft2_Superblock:62_MessageText_PC,点击绿色按钮\n继续回合。
,
,
,
Node_FTUE_Node_2_Soft2_Superblock:64_MessageText,"超尸被你打得\n节节败退！

\n乘胜追击！"
,
,
,
Node_FTUE_Node_2_Soft2_Superblock:Description,高地，打出效果，超能格挡
,
,
,
Node_FTUE_Node_2_Soft2_Superblock:Name,柔软2初战2
,
,
,
Node_FTUE_Node_2_Soft2_Superblock_insta:42_MessageText,"漂亮的超能格挡！\n你挡住了攻击，还获得了一张免费超能力！

"
,
,
,
Node_FTUE_Node_2_Soft2_Superblock_insta:53_MessageText,把火炬树桩放到\n双发射手上面，就能保护和增强后者！这个组合简直是强强联手！
,
,
,
Node_FTUE_Node_2_Soft2_Superblock_insta:58_MessageText,你在每场游戏开始时都会有一张超能力，完成超能格挡还能获得更多！
,
,
,
Node_FTUE_Node_2_Soft2_Superblock_insta:60_MessageText,有僵尸藏在墓碑底下！\n会是个什么呢？
,
,
,
Node_FTUE_Node_2_Soft2_Superblock_insta:61_MessageText,听我说！当你被击中时，有5%的几率马上充满超能格挡槽！够疯狂吧！
,
,
,
Node_FTUE_Node_2_Soft2_Superblock_insta:62_MessageText,点击绿色按钮\n继续回合。
,
,
,
Node_FTUE_Node_2_Soft2_Superblock_insta:62_MessageText_PC,点击绿色按钮继续回合。
,
,
,
Node_FTUE_Node_2_Soft2_Superblock_insta:64_MessageText,超尸被你打得\n节节败退！\n乘胜追击！
,
,
,
Node_FTUE_Node_2_Soft2_Superblock_insta:Description,高地，打出效果，超能格挡
,
,
,
Node_FTUE_Node_2_Soft2_Superblock_insta:Name,柔软2初战2
,
,
,
Node_FTUE_Node_2_test:12_MessageText,谁知道僵尸还会游泳？你很快就会需要[aquatic]植物了……
,
,
,
Node_FTUE_Node_2_test:23_MessageText,每回合你都能获得更多阳光。它每到回合开始便会补满，尽管用吧！
,
,
,
Node_FTUE_Node_2_test:33_MessageText,施肥是张锦囊牌。它可以立即带来特殊效果！
,
,
,
Node_FTUE_Node_2_test:34_MessageText,成长蘑菇具备特殊能力！点击看看它能干什么。
,
,
,
Node_FTUE_Node_2_test:34_MessageText_PC,成长蘑菇具备特殊能力！选择看看它能干什么。
,
,
,
Node_FTUE_Node_2_test:36_MessageText,好样的！猫尾草是种[aquatic]植物！它在水里和陆上都能生长。 
,
,
,
Node_FTUE_Node_2_test:37_MessageText,那片高地看上去挺有用……嘿，那边还有水池呢！
,
,
,
Node_FTUE_Node_2_test:42_MessageText,猫尾草就是[aquatic]植物！把它放到水池线上试试。 
,
,
,
Node_FTUE_Node_2_test:43_MessageText,双发射手有不错的特殊能力。\n点击看看它能干什么。
,
,
,
Node_FTUE_Node_2_test:43_MessageText_PC,双发射手有不错的特殊能力。\n选择看看它能干什么。
,
,
,
Node_FTUE_Node_2_test:44_MessageText,卷心菜投手在高地上\n能获得[+2a]/[+2h]。把它放上去试试！
,
,
,
Node_FTUE_Node_2_test:47_MessageText,每场游戏开始时，你的英雄都能获得自己的四种超能力之一。
,
,
,
Node_FTUE_Node_2_test:48_MessageText,你打出了一张超能力！\n你的英雄在每场游戏开始时都会有一张。
,
,
,
Node_FTUE_Node_2_test:Description,学习水生、资源、一次性效果、超能力
,
,
,
Node_FTUE_Node_2_test:Name,教程关卡2
,
,
,
Node_FTUE_Node_3:30_MessageText,"卷心菜投手在高地上

会变得更强！"
,
,
,
Node_FTUE_Node_3:41_MessageText,"卷心菜投手在高地

上面会+2/+2。

把它放上去试试！"
,
,
,
Node_FTUE_Node_3:42_MessageText,漂亮的超能格挡！\n你挡住了攻击，\n还获得了一张免费超能力！
,
,
,
Node_FTUE_Node_3:43_MessageText,免费打出这张超能力，\n或者留到以后用。
,
,
,
Node_FTUE_Node_3:44_MessageText,"双发射手有不错的

特殊能力。

点击看看它能干什么。"
,
,
,
Node_FTUE_Node_3:48_MessageText,"运气好的话，

你的超能格挡槽

会一次性充满！"
,
,
,
Node_FTUE_Node_3:52_MessageText,火炬树桩拥有组队！\n它能和其他植物待在同一条线上！
,
,
,
Node_FTUE_Node_3:53_MessageText,在双发射手上面\n打出火炬树桩，肯定是不错的组合。
,
,
,
Node_FTUE_Node_3:Description,高地，打出效果，超能格挡
,
,
,
Node_FTUE_Node_3:Name,教程关卡3
,
,
,
Node_FTUE_Node_3_old:30_MessageText,卷心菜投手在高地上会变得更强！
,
,
,
Node_FTUE_Node_3_old:41_MessageText,卷心菜投手在高地上能获得[+2a]/[+2h]。把它放上去试试！
,
,
,
Node_FTUE_Node_3_old:42_MessageText,超能格挡激活了！
,
,
,
Node_FTUE_Node_3_old:43_MessageText,免费打出这张超能力，或者留到以后用。
,
,
,
Node_FTUE_Node_3_old:44_MessageText,双发射手有不错的特殊能力。\n点击看看它能干什么。
,
,
,
Node_FTUE_Node_3_old:44_MessageText_PC,双发射手有不错的特殊能力。\n选择看看它能干什么。
,
,
,
Node_FTUE_Node_3_old:48_MessageText,运气好的话，\n你的超能格挡槽会一次性充满！
,
,
,
Node_FTUE_Node_3_old:Description,高地，打出效果，超能格挡
,
,
,
Node_FTUE_Node_3_old:Name,教程关卡3
,
,
,
Node_FTUE_Node_3_Slim:42_MessageText,漂亮的超能格挡！\n你挡住了攻击，\n还获得了一张免费超能力！
,
,
,
Node_FTUE_Node_3_Slim:43_MessageText,免费打出这张超能力，\n或者留到以后用。
,
,
,
Node_FTUE_Node_3_Slim:52_MessageText,火炬树桩拥有组队！\n它能和其他植物待在同一条线上！
,
,
,
Node_FTUE_Node_3_Slim:53_MessageText,在双发射手上面\n打出火炬树桩，肯定是不错的组合。
,
,
,
Node_FTUE_Node_3_Slim:Description,高地，打出效果，超能格挡
,
,
,
Node_FTUE_Node_3_Slim:Name,短暂初战3
,
,
,
Node_FTUE_Node_3_Soft2_Lanes:12_MessageText,僵尸会游泳！？\n我们需要会水的植物！
,
,
,
Node_FTUE_Node_3_Soft2_Lanes:23_MessageText,点击绿色按钮\n继续回合。
,
,
,
Node_FTUE_Node_3_Soft2_Lanes:23_MessageText_PC,点击绿色按钮\n继续回合。
,
,
,
Node_FTUE_Node_3_Soft2_Lanes:37_MessageText,那片屋顶看上去挺有用……\n嘿，这儿还有水池！
,
,
,
Node_FTUE_Node_3_Soft2_Lanes:42_MessageText,猫尾草有<u>两栖</u>！\n把她放到水池线上试试。
,
,
,
Node_FTUE_Node_3_Soft2_Lanes:44_MessageText,卷心菜投手在\n高地会长得更大。\n把它放上去！
,
,
,
Node_FTUE_Node_3_Soft2_Lanes:48_MessageText,你打出了一张超能力锦囊牌！\n你的英雄在每场游戏开始时都会有一张超能力。
,
,
,
Node_FTUE_Node_3_Soft2_Lanes:50_MessageText,什么？！\n僵尸可以在植物出牌后\n再打出锦囊牌。
,
,
,
Node_FTUE_Node_3_Soft2_Lanes:54_MessageText,有僵尸藏在墓碑底下！\n会是个什么呢？
,
,
,
Node_FTUE_Node_3_Soft2_Lanes:55_MessageText,"超尸被你打得节节败退！

\n继续攻击！"
,
,
,
Node_FTUE_Node_3_Soft2_Lanes:56_MessageText,嗯？超尸刚才没用脑子……他肯定\n是想耍什么花招。
,
,
,
Node_FTUE_Node_3_Soft2_Lanes:61_MessageText,你抽到了上一场游戏里\n放进牌组的牌！收集更多牌\n来增强你的牌组！
,
,
,
Node_FTUE_Node_3_Soft2_Lanes:Description,学习水生，资源，一次性效果，超能力
,
,
,
Node_FTUE_Node_3_Soft2_Lanes:Name,柔软2初战3
,
,
,
Node_FTUE_Node_4:15_MessageText,超尸什么牌也没出，他肯定是想使什么诡计。
,
,
,
Node_FTUE_Node_4:26_MessageText,有僵尸藏在[gravestone]底下！\n会是个什么呢？
,
,
,
Node_FTUE_Node_4:31_MessageText,火炬树桩拥有[teamup]！它能强化任意豌豆射手的攻击力！
,
,
,
Node_FTUE_Node_4:32_MessageText,在双发射手上面打出火炬树桩，肯定是不错的组合。
,
,
,
Node_FTUE_Node_4:6_MessageText,小心！植物出牌后，僵尸可以打出锦囊牌。
,
,
,
Node_FTUE_Node_4:Description,组队、僵尸锦囊、墓碑
,
,
,
Node_FTUE_Node_4:Name,教程关卡4
,
,
,
Node_FTUE_Node_4_old:15_MessageText,超尸什么牌也没出，\n他肯定是想使什么诡计。
,
,
,
Node_FTUE_Node_4_old:26_MessageText,有僵尸藏在[gravestone]底下！\n会是个什么呢？
,
,
,
Node_FTUE_Node_4_old:31_MessageText,火炬树桩拥有[teamup]！\n它能强化任意豌豆射手的攻击力！
,
,
,
Node_FTUE_Node_4_old:32_MessageText,在双发射手上面打出火炬树桩，肯定是不错的组合。
,
,
,
Node_FTUE_Node_4_old:6_MessageText,小心！植物出牌后，僵尸可以打出“锦囊牌”。
,
,
,
Node_FTUE_Node_4_old:Description,组队、僵尸锦囊、墓碑
,
,
,
Node_FTUE_Node_4_old:Name,教程关卡4
,
,
,
Node_FTUE_Zombie_1:10_MessageText,"僵尸可以使用锦囊牌，

比如说这张“烟雾弹”！

在植物出牌后打出它吧。"
,
,
,
Node_FTUE_Zombie_1:11_MessageText,臭臭僵尸拥有致命。\n它连最强大的植物也能打败！
,
,
,
Node_FTUE_Zombie_1:17_MessageText,用烟雾弹\n来逃离这条线！
,
,
,
Node_FTUE_Zombie_1:19_MessageText,"换位舞僵尸属于墓碑

僵尸。点击看看它能干什么。"
,
,
,
Node_FTUE_Zombie_1:2_MessageText,你好！僵尸出牌\n需要花费脑子……\n因为我们更聪明。
,
,
,
Node_FTUE_Zombie_1:22_MessageText,忍者小鬼拥有克制英雄。\n它在空线上会强得多！
,
,
,
Node_FTUE_Zombie_1:23_MessageText,不用怕！你可以在回合的稍后阶段花费脑子打出锦囊牌。
,
,
,
Node_FTUE_Zombie_1:3_MessageText,现在轮到你\n打出“锦囊牌”了！
,
,
,
Node_FTUE_Zombie_1:Description,学习僵尸一方的玩法！
,
,
,
Node_FTUE_Zombie_1:Name,僵尸英雄教程
,
,
,
Node_FTUE_Zombie_Old:10_MessageText,僵尸可以使用锦囊牌，比如说这张“烟雾弹”！在植物出牌后打出它吧。
,
,
,
Node_FTUE_Zombie_Old:11_MessageText,臭臭僵尸可不一般，[gravestone]和[deadly]是非常强大的搭配！
,
,
,
Node_FTUE_Zombie_Old:17_MessageText,试试对一只僵尸使用烟雾弹！
,
,
,
Node_FTUE_Zombie_Old:19_MessageText,排舞僵尸属于[gravestone]僵尸。点击看看它能干什么。
,
,
,
Node_FTUE_Zombie_Old:19_MessageText_PC,跳舞僵尸属于[gravestone]僵尸。选择看看它能干什么。
,
,
,
Node_FTUE_Zombie_Old:2_MessageText,僵尸出牌需要花费脑子，而不是阳光。
,
,
,
Node_FTUE_Zombie_Old:3_MessageText,现在轮到你打出“锦囊牌”了！
,
,
,
Node_FTUE_Zombie_Old:Description,学习僵尸一方的玩法！
,
,
,
Node_FTUE_Zombie_Old:Name,僵尸英雄教程
,
,
,
Node_Gravestone_test:Description,弄清如何设计墓碑教程
,
,
,
Node_Gravestone_test:Name,墓碑测试
,
,
,
Node_Impfinity:Description,
,
,
,
Node_Impfinity:Name,
,
,
,
Node_Impfinity_test:Description,
,
,
,
Node_Impfinity_test:Name,无穷小子
,
,
,
Node_KFR Electric Boogaloo vs Grass Knuckles:Description,KFR 霹雳舞王对战拳王菜
,
,
,
Node_KFR Electric Boogaloo vs Grass Knuckles:Name,KFR 霹雳舞王对战拳王菜
,
,
,
Node_KFR Grass Knuckles vs Electric Boogaloo:Description,KFR 拳王菜对战霹雳舞王
,
,
,
Node_KFR Grass Knuckles vs Electric Boogaloo:Name,KFR 拳王菜对战霹雳舞王
,
,
,
Node_Lane_Rollout_Test:Description,凛冬将至
,
,
,
Node_Lane_Rollout_Test:Name,测试线路展开
,
,
,
Node_No Hero Test Plant:Description,
,
,
,
Node_No Hero Test Plant:Name,No Hero Test Plant
,
,
,
Node_No Hero Test Zombie:Description,
,
,
,
Node_No Hero Test Zombie:Name,No Hero Test Zombie
,
,
,
Node_Patrol_Node_BetaCarrotina_01:Description,
,
,
,
Node_Patrol_Node_BetaCarrotina_01:Name,
,
,
,
Node_Patrol_Node_BetaCarrotina_02:Description,
,
,
,
Node_Patrol_Node_BetaCarrotina_02:Name,
,
,
,
Node_Patrol_Node_BetaCarrotina_03:Description,
,
,
,
Node_Patrol_Node_BetaCarrotina_03:Name,
,
,
,
Node_Patrol_Node_BetaCarrotina_04:Description,
,
,
,
Node_Patrol_Node_BetaCarrotina_04:Name,
,
,
,
Node_Patrol_Node_BetaCarrotina_06:Description,
,
,
,
Node_Patrol_Node_BetaCarrotina_06:Name,
,
,
,
Node_Patrol_Node_BetaCarrotina_07:Description,
,
,
,
Node_Patrol_Node_BetaCarrotina_07:Name,
,
,
,
Node_Patrol_Node_BetaCarrotina_08:Description,
,
,
,
Node_Patrol_Node_BetaCarrotina_08:Name,
,
,
,
Node_Patrol_Node_BrainFreeze_01:Description,
,
,
,
Node_Patrol_Node_BrainFreeze_01:Name,
,
,
,
Node_Patrol_Node_BrainFreeze_02:Description,
,
,
,
Node_Patrol_Node_BrainFreeze_02:Name,
,
,
,
Node_Patrol_Node_BrainFreeze_03:Description,
,
,
,
Node_Patrol_Node_BrainFreeze_03:Name,
,
,
,
Node_Patrol_Node_BrainFreeze_04:Description,
,
,
,
Node_Patrol_Node_BrainFreeze_04:Name,
,
,
,
Node_Patrol_Node_BrainFreeze_05:Description,
,
,
,
Node_Patrol_Node_BrainFreeze_05:Name,
,
,
,
Node_Patrol_Node_BrainFreeze_06:Description,
,
,
,
Node_Patrol_Node_BrainFreeze_06:Name,
,
,
,
Node_Patrol_Node_BrainFreeze_07:Description,
,
,
,
Node_Patrol_Node_BrainFreeze_07:Name,
,
,
,
Node_Patrol_Node_BrainFreeze_08:Description,
,
,
,
Node_Patrol_Node_BrainFreeze_08:Name,
,
,
,
Node_Patrol_Node_Chompzilla_01:Description,
,
,
,
Node_Patrol_Node_Chompzilla_01:Name,
,
,
,
Node_Patrol_Node_Chompzilla_02:Description,
,
,
,
Node_Patrol_Node_Chompzilla_02:Name,
,
,
,
Node_Patrol_Node_Chompzilla_03:Description,
,
,
,
Node_Patrol_Node_Chompzilla_03:Name,
,
,
,
Node_Patrol_Node_Chompzilla_04:Description,
,
,
,
Node_Patrol_Node_Chompzilla_04:Name,
,
,
,
Node_Patrol_Node_Chompzilla_05:Description,
,
,
,
Node_Patrol_Node_Chompzilla_05:Name,
,
,
,
Node_Patrol_Node_Chompzilla_06:Description,
,
,
,
Node_Patrol_Node_Chompzilla_06:Name,
,
,
,
Node_Patrol_Node_Chompzilla_07:Description,
,
,
,
Node_Patrol_Node_Chompzilla_07:Name,
,
,
,
Node_Patrol_Node_Chompzilla_08:Description,
,
,
,
Node_Patrol_Node_Chompzilla_08:Name,
,
,
,
Node_Patrol_Node_Citron_01:Description,
,
,
,
Node_Patrol_Node_Citron_01:Name,
,
,
,
Node_Patrol_Node_Citron_02:Description,
,
,
,
Node_Patrol_Node_Citron_02:Name,
,
,
,
Node_Patrol_Node_Citron_03:Description,
,
,
,
Node_Patrol_Node_Citron_03:Name,
,
,
,
Node_Patrol_Node_Citron_04:Description,
,
,
,
Node_Patrol_Node_Citron_04:Name,
,
,
,
Node_Patrol_Node_Citron_05:Description,
,
,
,
Node_Patrol_Node_Citron_05:Name,
,
,
,
Node_Patrol_Node_Citron_06:Description,
,
,
,
Node_Patrol_Node_Citron_06:Name,
,
,
,
Node_Patrol_Node_Citron_07:Description,
,
,
,
Node_Patrol_Node_Citron_07:Name,
,
,
,
Node_Patrol_Node_Citron_08:Description,
,
,
,
Node_Patrol_Node_Citron_08:Name,
,
,
,
Node_Patrol_Node_CptCombust_01:Description,
,
,
,
Node_Patrol_Node_CptCombust_01:Name,
,
,
,
Node_Patrol_Node_CptCombust_02:Description,
,
,
,
Node_Patrol_Node_CptCombust_02:Name,
,
,
,
Node_Patrol_Node_CptCombust_03:Description,
,
,
,
Node_Patrol_Node_CptCombust_03:Name,
,
,
,
Node_Patrol_Node_CptCombust_04:Description,
,
,
,
Node_Patrol_Node_CptCombust_04:Name,
,
,
,
Node_Patrol_Node_CptCombust_05:Description,
,
,
,
Node_Patrol_Node_CptCombust_05:Name,
,
,
,
Node_Patrol_Node_CptCombust_06:Description,
,
,
,
Node_Patrol_Node_CptCombust_06:Name,
,
,
,
Node_Patrol_Node_CptCombust_07:Description,
,
,
,
Node_Patrol_Node_CptCombust_07:Name,
,
,
,
Node_Patrol_Node_CptCombust_08:Description,
,
,
,
Node_Patrol_Node_CptCombust_08:Name,
,
,
,
Node_Patrol_Node_ElectricBoogaloo_01:Description,
,
,
,
Node_Patrol_Node_ElectricBoogaloo_01:Name,
,
,
,
Node_Patrol_Node_ElectricBoogaloo_02:Description,
,
,
,
Node_Patrol_Node_ElectricBoogaloo_02:Name,
,
,
,
Node_Patrol_Node_ElectricBoogaloo_03:Description,
,
,
,
Node_Patrol_Node_ElectricBoogaloo_03:Name,
,
,
,
Node_Patrol_Node_ElectricBoogaloo_04:Description,
,
,
,
Node_Patrol_Node_ElectricBoogaloo_04:Name,
,
,
,
Node_Patrol_Node_ElectricBoogaloo_05:Description,
,
,
,
Node_Patrol_Node_ElectricBoogaloo_05:Name,
,
,
,
Node_Patrol_Node_ElectricBoogaloo_06:Description,
,
,
,
Node_Patrol_Node_ElectricBoogaloo_06:Name,
,
,
,
Node_Patrol_Node_ElectricBoogaloo_07:Description,
,
,
,
Node_Patrol_Node_ElectricBoogaloo_07:Name,
,
,
,
Node_Patrol_Node_ElectricBoogaloo_08:Description,
,
,
,
Node_Patrol_Node_ElectricBoogaloo_08:Name,
,
,
,
Node_Patrol_Node_GrassKnuckles_01:Description,
,
,
,
Node_Patrol_Node_GrassKnuckles_01:Name,
,
,
,
Node_Patrol_Node_GrassKnuckles_02:Description,
,
,
,
Node_Patrol_Node_GrassKnuckles_02:Name,
,
,
,
Node_Patrol_Node_GrassKnuckles_03:Description,
,
,
,
Node_Patrol_Node_GrassKnuckles_03:Name,
,
,
,
Node_Patrol_Node_GrassKnuckles_04:Description,
,
,
,
Node_Patrol_Node_GrassKnuckles_04:Name,
,
,
,
Node_Patrol_Node_GrassKnuckles_05:Description,
,
,
,
Node_Patrol_Node_GrassKnuckles_05:Name,
,
,
,
Node_Patrol_Node_GrassKnuckles_06:Description,
,
,
,
Node_Patrol_Node_GrassKnuckles_06:Name,
,
,
,
Node_Patrol_Node_GrassKnuckles_07:Description,
,
,
,
Node_Patrol_Node_GrassKnuckles_07:Name,
,
,
,
Node_Patrol_Node_GrassKnuckles_08:Description,
,
,
,
Node_Patrol_Node_GrassKnuckles_08:Name,
,
,
,
Node_Patrol_Node_GreenShadow_01:Description,
,
,
,
Node_Patrol_Node_GreenShadow_01:Name,
,
,
,
Node_Patrol_Node_GreenShadow_02:Description,
,
,
,
Node_Patrol_Node_GreenShadow_02:Name,
,
,
,
Node_Patrol_Node_GreenShadow_03:Description,
,
,
,
Node_Patrol_Node_GreenShadow_03:Name,
,
,
,
Node_Patrol_Node_GreenShadow_04:Description,
,
,
,
Node_Patrol_Node_GreenShadow_04:Name,
,
,
,
Node_Patrol_Node_GreenShadow_05:Description,
,
,
,
Node_Patrol_Node_GreenShadow_05:Name,
,
,
,
Node_Patrol_Node_GreenShadow_06:Description,
,
,
,
Node_Patrol_Node_GreenShadow_06:Name,
,
,
,
Node_Patrol_Node_GreenShadow_07:Description,
,
,
,
Node_Patrol_Node_GreenShadow_07:Name,
,
,
,
Node_Patrol_Node_GreenShadow_08:Description,
,
,
,
Node_Patrol_Node_GreenShadow_08:Name,
,
,
,
Node_Patrol_Node_HugeGiganticus_01:Description,
,
,
,
Node_Patrol_Node_HugeGiganticus_01:Name,
,
,
,
Node_Patrol_Node_HugeGiganticus_02:Description,
,
,
,
Node_Patrol_Node_HugeGiganticus_02:Name,
,
,
,
Node_Patrol_Node_HugeGiganticus_03:Description,
,
,
,
Node_Patrol_Node_HugeGiganticus_03:Name,
,
,
,
Node_Patrol_Node_HugeGiganticus_06:Description,
,
,
,
Node_Patrol_Node_HugeGiganticus_06:Name,
,
,
,
Node_Patrol_Node_HugeGiganticus_07:Description,
,
,
,
Node_Patrol_Node_HugeGiganticus_07:Name,
,
,
,
Node_Patrol_Node_HugeGiganticus_08:Description,
,
,
,
Node_Patrol_Node_HugeGiganticus_08:Name,
,
,
,
Node_Patrol_Node_Immorticia_01:Description,
,
,
,
Node_Patrol_Node_Immorticia_01:Name,
,
,
,
Node_Patrol_Node_Immorticia_02:Description,
,
,
,
Node_Patrol_Node_Immorticia_02:Name,
,
,
,
Node_Patrol_Node_Immorticia_03:Description,
,
,
,
Node_Patrol_Node_Immorticia_03:Name,
,
,
,
Node_Patrol_Node_Immorticia_04:Description,
,
,
,
Node_Patrol_Node_Immorticia_04:Name,
,
,
,
Node_Patrol_Node_Immorticia_05:Description,
,
,
,
Node_Patrol_Node_Immorticia_05:Name,
,
,
,
Node_Patrol_Node_Immorticia_06:Description,
,
,
,
Node_Patrol_Node_Immorticia_06:Name,
,
,
,
Node_Patrol_Node_Immorticia_07:Description,
,
,
,
Node_Patrol_Node_Immorticia_07:Name,
,
,
,
Node_Patrol_Node_Immorticia_08:Description,
,
,
,
Node_Patrol_Node_Immorticia_08:Name,
,
,
,
Node_Patrol_Node_Impfinity_01:Description,
,
,
,
Node_Patrol_Node_Impfinity_01:Name,
,
,
,
Node_Patrol_Node_Impfinity_02:Description,
,
,
,
Node_Patrol_Node_Impfinity_02:Name,
,
,
,
Node_Patrol_Node_Impfinity_03:Description,
,
,
,
Node_Patrol_Node_Impfinity_03:Name,
,
,
,
Node_Patrol_Node_Impfinity_04:Description,
,
,
,
Node_Patrol_Node_Impfinity_04:Name,
,
,
,
Node_Patrol_Node_Impfinity_05:Description,
,
,
,
Node_Patrol_Node_Impfinity_05:Name,
,
,
,
Node_Patrol_Node_Impfinity_06:Description,
,
,
,
Node_Patrol_Node_Impfinity_06:Name,
,
,
,
Node_Patrol_Node_Impfinity_07:Description,
,
,
,
Node_Patrol_Node_Impfinity_07:Name,
,
,
,
Node_Patrol_Node_Impfinity_08:Description,
,
,
,
Node_Patrol_Node_Impfinity_08:Name,
,
,
,
Node_Patrol_Node_Neptuna_01:Description,
,
,
,
Node_Patrol_Node_Neptuna_01:Name,
,
,
,
Node_Patrol_Node_Neptuna_02:Description,
,
,
,
Node_Patrol_Node_Neptuna_02:Name,
,
,
,
Node_Patrol_Node_Neptuna_03:Description,
,
,
,
Node_Patrol_Node_Neptuna_03:Name,
,
,
,
Node_Patrol_Node_Neptuna_04:Description,
,
,
,
Node_Patrol_Node_Neptuna_04:Name,
,
,
,
Node_Patrol_Node_Neptuna_05:Description,
,
,
,
Node_Patrol_Node_Neptuna_05:Name,
,
,
,
Node_Patrol_Node_Neptuna_06:Description,
,
,
,
Node_Patrol_Node_Neptuna_06:Name,
,
,
,
Node_Patrol_Node_Neptuna_07:Description,
,
,
,
Node_Patrol_Node_Neptuna_07:Name,
,
,
,
Node_Patrol_Node_Neptuna_08:Description,
,
,
,
Node_Patrol_Node_Neptuna_08:Name,
,
,
,
Node_Patrol_Node_Nightcap_01:Description,
,
,
,
Node_Patrol_Node_Nightcap_01:Name,
,
,
,
Node_Patrol_Node_Nightcap_02:Description,
,
,
,
Node_Patrol_Node_Nightcap_02:Name,
,
,
,
Node_Patrol_Node_Nightcap_03:Description,
,
,
,
Node_Patrol_Node_Nightcap_03:Name,
,
,
,
Node_Patrol_Node_Nightcap_04:Description,
,
,
,
Node_Patrol_Node_Nightcap_04:Name,
,
,
,
Node_Patrol_Node_Nightcap_05:Description,
,
,
,
Node_Patrol_Node_Nightcap_05:Name,
,
,
,
Node_Patrol_Node_Nightcap_06:Description,
,
,
,
Node_Patrol_Node_Nightcap_06:Name,
,
,
,
Node_Patrol_Node_Nightcap_07:Description,
,
,
,
Node_Patrol_Node_Nightcap_07:Name,
,
,
,
Node_Patrol_Node_Nightcap_08:Description,
,
,
,
Node_Patrol_Node_Nightcap_08:Name,
,
,
,
Node_Patrol_Node_Professor_01:Description,
,
,
,
Node_Patrol_Node_Professor_01:Name,
,
,
,
Node_Patrol_Node_Professor_02:Description,
,
,
,
Node_Patrol_Node_Professor_02:Name,
,
,
,
Node_Patrol_Node_Professor_03:Description,
,
,
,
Node_Patrol_Node_Professor_03:Name,
,
,
,
Node_Patrol_Node_Professor_04:Description,
,
,
,
Node_Patrol_Node_Professor_04:Name,
,
,
,
Node_Patrol_Node_Professor_05:Description,
,
,
,
Node_Patrol_Node_Professor_05:Name,
,
,
,
Node_Patrol_Node_Professor_06:Description,
,
,
,
Node_Patrol_Node_Professor_06:Name,
,
,
,
Node_Patrol_Node_Professor_07:Description,
,
,
,
Node_Patrol_Node_Professor_07:Name,
,
,
,
Node_Patrol_Node_Professor_08:Description,
,
,
,
Node_Patrol_Node_Professor_08:Name,
,
,
,
Node_Patrol_Node_Rose_01:Description,
,
,
,
Node_Patrol_Node_Rose_01:Name,
,
,
,
Node_Patrol_Node_Rose_02:Description,
,
,
,
Node_Patrol_Node_Rose_02:Name,
,
,
,
Node_Patrol_Node_Rose_03:Description,
,
,
,
Node_Patrol_Node_Rose_03:Name,
,
,
,
Node_Patrol_Node_Rose_04:Description,
,
,
,
Node_Patrol_Node_Rose_04:Name,
,
,
,
Node_Patrol_Node_Rose_05:Description,
,
,
,
Node_Patrol_Node_Rose_05:Name,
,
,
,
Node_Patrol_Node_Rose_06:Description,
,
,
,
Node_Patrol_Node_Rose_06:Name,
,
,
,
Node_Patrol_Node_Rose_07:Description,
,
,
,
Node_Patrol_Node_Rose_07:Name,
,
,
,
Node_Patrol_Node_Rose_08:Description,
,
,
,
Node_Patrol_Node_Rose_08:Name,
,
,
,
Node_Patrol_Node_Rustbolt_01:Description,
,
,
,
Node_Patrol_Node_Rustbolt_01:Name,
,
,
,
Node_Patrol_Node_Rustbolt_02:Description,
,
,
,
Node_Patrol_Node_Rustbolt_02:Name,
,
,
,
Node_Patrol_Node_Rustbolt_03:Description,
,
,
,
Node_Patrol_Node_Rustbolt_03:Name,
,
,
,
Node_Patrol_Node_Rustbolt_04:Description,
,
,
,
Node_Patrol_Node_Rustbolt_04:Name,
,
,
,
Node_Patrol_Node_Rustbolt_05:Description,
,
,
,
Node_Patrol_Node_Rustbolt_05:Name,
,
,
,
Node_Patrol_Node_Rustbolt_06:Description,
,
,
,
Node_Patrol_Node_Rustbolt_06:Name,
,
,
,
Node_Patrol_Node_Rustbolt_07:Description,
,
,
,
Node_Patrol_Node_Rustbolt_07:Name,
,
,
,
Node_Patrol_Node_Rustbolt_08:Description,
,
,
,
Node_Patrol_Node_Rustbolt_08:Name,
,
,
,
Node_Patrol_Node_SolarFlare_01:Description,
,
,
,
Node_Patrol_Node_SolarFlare_01:Name,
,
,
,
Node_Patrol_Node_SolarFlare_02:Description,
,
,
,
Node_Patrol_Node_SolarFlare_02:Name,
,
,
,
Node_Patrol_Node_SolarFlare_03:Description,
,
,
,
Node_Patrol_Node_SolarFlare_03:Name,
,
,
,
Node_Patrol_Node_SolarFlare_04:Description,
,
,
,
Node_Patrol_Node_SolarFlare_04:Name,
,
,
,
Node_Patrol_Node_SolarFlare_05:Description,
,
,
,
Node_Patrol_Node_SolarFlare_05:Name,
,
,
,
Node_Patrol_Node_SolarFlare_06:Description,
,
,
,
Node_Patrol_Node_SolarFlare_06:Name,
,
,
,
Node_Patrol_Node_SolarFlare_07:Description,
,
,
,
Node_Patrol_Node_SolarFlare_07:Name,
,
,
,
Node_Patrol_Node_SolarFlare_08:Description,
,
,
,
Node_Patrol_Node_SolarFlare_08:Name,
,
,
,
Node_Patrol_Node_Spudow_01:Description,
,
,
,
Node_Patrol_Node_Spudow_01:Name,
,
,
,
Node_Patrol_Node_Spudow_02:Description,
,
,
,
Node_Patrol_Node_Spudow_02:Name,
,
,
,
Node_Patrol_Node_Spudow_03:Description,
,
,
,
Node_Patrol_Node_Spudow_03:Name,
,
,
,
Node_Patrol_Node_Spudow_04:Description,
,
,
,
Node_Patrol_Node_Spudow_04:Name,
,
,
,
Node_Patrol_Node_Spudow_05:Description,
,
,
,
Node_Patrol_Node_Spudow_05:Name,
,
,
,
Node_Patrol_Node_Spudow_06:Description,
,
,
,
Node_Patrol_Node_Spudow_06:Name,
,
,
,
Node_Patrol_Node_Spudow_07:Description,
,
,
,
Node_Patrol_Node_Spudow_07:Name,
,
,
,
Node_Patrol_Node_Spudow_08:Description,
,
,
,
Node_Patrol_Node_Spudow_08:Name,
,
,
,
Node_Patrol_Node_SuperBrainz_01:Description,
,
,
,
Node_Patrol_Node_SuperBrainz_01:Name,
,
,
,
Node_Patrol_Node_SuperBrainz_02:Description,
,
,
,
Node_Patrol_Node_SuperBrainz_02:Name,
,
,
,
Node_Patrol_Node_SuperBrainz_03:Description,
,
,
,
Node_Patrol_Node_SuperBrainz_03:Name,
,
,
,
Node_Patrol_Node_SuperBrainz_04:Description,
,
,
,
Node_Patrol_Node_SuperBrainz_04:Name,
,
,
,
Node_Patrol_Node_SuperBrainz_05:Description,
,
,
,
Node_Patrol_Node_SuperBrainz_05:Name,
,
,
,
Node_Patrol_Node_SuperBrainz_06:Description,
,
,
,
Node_Patrol_Node_SuperBrainz_06:Name,
,
,
,
Node_Patrol_Node_SuperBrainz_07:Description,
,
,
,
Node_Patrol_Node_SuperBrainz_07:Name,
,
,
,
Node_Patrol_Node_SuperBrainz_08:Description,
,
,
,
Node_Patrol_Node_SuperBrainz_08:Name,
,
,
,
Node_Patrol_Node_TheSmash_01:Description,
,
,
,
Node_Patrol_Node_TheSmash_01:Name,
,
,
,
Node_Patrol_Node_TheSmash_02:Description,
,
,
,
Node_Patrol_Node_TheSmash_02:Name,
,
,
,
Node_Patrol_Node_TheSmash_03:Description,
,
,
,
Node_Patrol_Node_TheSmash_03:Name,
,
,
,
Node_Patrol_Node_TheSmash_04:Description,
,
,
,
Node_Patrol_Node_TheSmash_04:Name,
,
,
,
Node_Patrol_Node_TheSmash_05:Description,
,
,
,
Node_Patrol_Node_TheSmash_05:Name,
,
,
,
Node_Patrol_Node_TheSmash_06:Description,
,
,
,
Node_Patrol_Node_TheSmash_06:Name,
,
,
,
Node_Patrol_Node_TheSmash_07:Description,
,
,
,
Node_Patrol_Node_TheSmash_07:Name,
,
,
,
Node_Patrol_Node_TheSmash_08:Description,
,
,
,
Node_Patrol_Node_TheSmash_08:Name,
,
,
,
Node_Patrol_Node_WallKnight_01:Description,
,
,
,
Node_Patrol_Node_WallKnight_01:Name,
,
,
,
Node_Patrol_Node_WallKnight_02:Description,
,
,
,
Node_Patrol_Node_WallKnight_02:Name,
,
,
,
Node_Patrol_Node_WallKnight_03:Description,
,
,
,
Node_Patrol_Node_WallKnight_03:Name,
,
,
,
Node_Patrol_Node_WallKnight_04:Description,
,
,
,
Node_Patrol_Node_WallKnight_04:Name,
,
,
,
Node_Patrol_Node_WallKnight_05:Description,
,
,
,
Node_Patrol_Node_WallKnight_05:Name,
,
,
,
Node_Patrol_Node_WallKnight_06:Description,
,
,
,
Node_Patrol_Node_WallKnight_06:Name,
,
,
,
Node_Patrol_Node_WallKnight_07:Description,
,
,
,
Node_Patrol_Node_WallKnight_07:Name,
,
,
,
Node_Patrol_Node_WallKnight_08:Description,
,
,
,
Node_Patrol_Node_WallKnight_08:Name,
,
,
,
Node_Patrol_Node_ZMech_01:Description,
,
,
,
Node_Patrol_Node_ZMech_01:Name,
,
,
,
Node_Patrol_Node_ZMech_02:Description,
,
,
,
Node_Patrol_Node_ZMech_02:Name,
,
,
,
Node_Patrol_Node_ZMech_03:Description,
,
,
,
Node_Patrol_Node_ZMech_03:Name,
,
,
,
Node_Patrol_Node_ZMech_04:Description,
,
,
,
Node_Patrol_Node_ZMech_04:Name,
,
,
,
Node_Patrol_Node_ZMech_05:Description,
,
,
,
Node_Patrol_Node_ZMech_05:Name,
,
,
,
Node_Patrol_Node_ZMech_06:Description,
,
,
,
Node_Patrol_Node_ZMech_06:Name,
,
,
,
Node_Patrol_Node_ZMech_07:Description,
,
,
,
Node_Patrol_Node_ZMech_07:Name,
,
,
,
Node_Patrol_Node_ZMech_08:Description,
,
,
,
Node_Patrol_Node_ZMech_08:Name,
,
,
,
Node_Plant Environment Test Node:Description,游玩植物环境
,
,
,
Node_Plant Environment Test Node:Name,植物环境测试
,
,
,
Node_PVE_Node_Plant_001 New:Description,
,
,
,
Node_PVE_Node_Plant_001 New:Name,
,
,
,
Node_PVE_Node_Plant_001:Description,
,
,
,
Node_PVE_Node_Plant_001:Name,
,
,
,
Node_PVE_Node_Plant_002 New:Description,
,
,
,
Node_PVE_Node_Plant_002 New:Name,
,
,
,
Node_PVE_Node_Plant_002 old:Description,
,
,
,
Node_PVE_Node_Plant_002 old:Name,
,
,
,
Node_PVE_Node_Plant_002:Description,
,
,
,
Node_PVE_Node_Plant_002:Name,
,
,
,
Node_PVE_Node_Plant_003 New:Description,
,
,
,
Node_PVE_Node_Plant_003 New:Name,
,
,
,
Node_PVE_Node_Plant_003 old:Description,
,
,
,
Node_PVE_Node_Plant_003 old:Name,
,
,
,
Node_PVE_Node_Plant_003:Description,
,
,
,
Node_PVE_Node_Plant_003:Name,
,
,
,
Node_PVE_Node_Plant_004 New:Description,
,
,
,
Node_PVE_Node_Plant_004 New:Name,
,
,
,
Node_PVE_Node_Plant_004 old:Description,
,
,
,
Node_PVE_Node_Plant_004 old:Name,
,
,
,
Node_PVE_Node_Plant_004:Description,
,
,
,
Node_PVE_Node_Plant_004:Name,
,
,
,
Node_PVE_Node_Plant_005 New:Description,
,
,
,
Node_PVE_Node_Plant_005 New:Name,
,
,
,
Node_PVE_Node_Plant_005 old:Description,
,
,
,
Node_PVE_Node_Plant_005 old:Name,
,
,
,
Node_PVE_Node_Plant_005:Description,
,
,
,
Node_PVE_Node_Plant_005:Name,
,
,
,
Node_PVE_Node_Plant_006 New:Description,
,
,
,
Node_PVE_Node_Plant_006 New:Name,
,
,
,
Node_PVE_Node_Plant_006 old:Description,
,
,
,
Node_PVE_Node_Plant_006 old:Name,
,
,
,
Node_PVE_Node_Plant_006:Description,
,
,
,
Node_PVE_Node_Plant_006:Name,
,
,
,
Node_PVE_Node_Plant_007 New:Description,
,
,
,
Node_PVE_Node_Plant_007 New:Name,
,
,
,
Node_PVE_Node_Plant_007 old:Description,
,
,
,
Node_PVE_Node_Plant_007 old:Name,
,
,
,
Node_PVE_Node_Plant_007:Description,
,
,
,
Node_PVE_Node_Plant_007:Name,
,
,
,
Node_PVE_Node_Plant_008 New:Description,
,
,
,
Node_PVE_Node_Plant_008 New:Name,
,
,
,
Node_PVE_Node_Plant_008 old:Description,
,
,
,
Node_PVE_Node_Plant_008 old:Name,
,
,
,
Node_PVE_Node_Plant_008:Description,
,
,
,
Node_PVE_Node_Plant_008:Name,
,
,
,
Node_PVE_Node_Plant_009 New:Description,
,
,
,
Node_PVE_Node_Plant_009 New:Name,
,
,
,
Node_PVE_Node_Plant_009 old:Description,
,
,
,
Node_PVE_Node_Plant_009 old:Name,
,
,
,
Node_PVE_Node_Plant_009:Description,
,
,
,
Node_PVE_Node_Plant_009:Name,
,
,
,
Node_PVE_Node_Plant_010 New:Description,
,
,
,
Node_PVE_Node_Plant_010 New:Name,
,
,
,
Node_PVE_Node_Plant_010 old:Description,
,
,
,
Node_PVE_Node_Plant_010 old:Name,
,
,
,
Node_PVE_Node_Plant_010:Description,
,
,
,
Node_PVE_Node_Plant_010:Name,
,
,
,
Node_PVE_Node_Plant_011 New:Description,
,
,
,
Node_PVE_Node_Plant_011 New:Name,
,
,
,
Node_PVE_Node_Plant_011:Description,
,
,
,
Node_PVE_Node_Plant_011:Name,
,
,
,
Node_PVE_Node_Plant_012 New:Description,
,
,
,
Node_PVE_Node_Plant_012 New:Name,
,
,
,
Node_PVE_Node_Plant_012:Description,
,
,
,
Node_PVE_Node_Plant_012:Name,
,
,
,
Node_PVE_Node_Plant_013 New:Description,
,
,
,
Node_PVE_Node_Plant_013 New:Name,
,
,
,
Node_PVE_Node_Plant_013:Description,
,
,
,
Node_PVE_Node_Plant_013:Name,
,
,
,
Node_PVE_Node_Plant_014 New:Description,
,
,
,
Node_PVE_Node_Plant_014 New:Name,
,
,
,
Node_PVE_Node_Plant_014:Description,
,
,
,
Node_PVE_Node_Plant_014:Name,
,
,
,
Node_PVE_Node_Plant_015 New:Description,
,
,
,
Node_PVE_Node_Plant_015 New:Name,
,
,
,
Node_PVE_Node_Plant_015:Description,
,
,
,
Node_PVE_Node_Plant_015:Name,
,
,
,
Node_PVE_Node_Plant_016:Description,
,
,
,
Node_PVE_Node_Plant_016:Name,
,
,
,
Node_PVE_Node_Plant_017:Description,
,
,
,
Node_PVE_Node_Plant_017:Name,
,
,
,
Node_PVE_Node_Plant_018:Description,
,
,
,
Node_PVE_Node_Plant_018:Name,
,
,
,
Node_PVE_Node_Plant_019:Description,
,
,
,
Node_PVE_Node_Plant_019:Name,
,
,
,
Node_PVE_Node_Plant_020:Description,
,
,
,
Node_PVE_Node_Plant_020:Name,
,
,
,
Node_PVE_Node_Plant_021:Description,
,
,
,
Node_PVE_Node_Plant_021:Name,
,
,
,
Node_PVE_Node_Plant_022:Description,
,
,
,
Node_PVE_Node_Plant_022:Name,
,
,
,
Node_PVE_Node_Plant_023:Description,
,
,
,
Node_PVE_Node_Plant_023:Name,
,
,
,
Node_PVE_Node_Plant_024:Description,
,
,
,
Node_PVE_Node_Plant_024:Name,
,
,
,
Node_PVE_Node_Plant_025:Description,
,
,
,
Node_PVE_Node_Plant_025:Name,
,
,
,
Node_PVE_Node_Plant_026:Description,
,
,
,
Node_PVE_Node_Plant_026:Name,聪明植物001
,
,
,
Node_PvE_Node_Plants:Description,凛冬将至
,
,
,
Node_PvE_Node_Plants:Name,用香橼猎手进行游戏
,
,
,
Node_PvE_Node_Plants2:Description,旭日将升
,
,
,
Node_PvE_Node_Plants2:Name,用向日葵进行游戏
,
,
,
Node_PVE_Node_Zombie_001 New:Description,
,
,
,
Node_PVE_Node_Zombie_001 New:Name,
,
,
,
Node_PVE_Node_Zombie_001:Description,
,
,
,
Node_PVE_Node_Zombie_001:Name,
,
,
,
Node_PVE_Node_Zombie_002 New:Description,
,
,
,
Node_PVE_Node_Zombie_002 New:Name,
,
,
,
Node_PVE_Node_Zombie_002 old:Description,
,
,
,
Node_PVE_Node_Zombie_002 old:Name,
,
,
,
Node_PVE_Node_Zombie_002:Description,
,
,
,
Node_PVE_Node_Zombie_002:Name,
,
,
,
Node_PVE_Node_Zombie_003 New:Description,
,
,
,
Node_PVE_Node_Zombie_003 New:Name,
,
,
,
Node_PVE_Node_Zombie_003 old:Description,
,
,
,
Node_PVE_Node_Zombie_003 old:Name,
,
,
,
Node_PVE_Node_Zombie_003:Description,
,
,
,
Node_PVE_Node_Zombie_003:Name,
,
,
,
Node_PVE_Node_Zombie_004 New:Description,
,
,
,
Node_PVE_Node_Zombie_004 New:Name,
,
,
,
Node_PVE_Node_Zombie_004 old:Description,
,
,
,
Node_PVE_Node_Zombie_004 old:Name,
,
,
,
Node_PVE_Node_Zombie_004:Description,
,
,
,
Node_PVE_Node_Zombie_004:Name,
,
,
,
Node_PVE_Node_Zombie_005 New:Description,
,
,
,
Node_PVE_Node_Zombie_005 New:Name,
,
,
,
Node_PVE_Node_Zombie_005 old:Description,
,
,
,
Node_PVE_Node_Zombie_005 old:Name,
,
,
,
Node_PVE_Node_Zombie_005:Description,
,
,
,
Node_PVE_Node_Zombie_005:Name,
,
,
,
Node_PVE_Node_Zombie_006 New:Description,
,
,
,
Node_PVE_Node_Zombie_006 New:Name,
,
,
,
Node_PVE_Node_Zombie_006 old:Description,
,
,
,
Node_PVE_Node_Zombie_006 old:Name,
,
,
,
Node_PVE_Node_Zombie_006:Description,
,
,
,
Node_PVE_Node_Zombie_006:Name,
,
,
,
Node_PVE_Node_Zombie_007 New:Description,
,
,
,
Node_PVE_Node_Zombie_007 New:Name,
,
,
,
Node_PVE_Node_Zombie_007 old:Description,
,
,
,
Node_PVE_Node_Zombie_007 old:Name,
,
,
,
Node_PVE_Node_Zombie_007:Description,
,
,
,
Node_PVE_Node_Zombie_007:Name,
,
,
,
Node_PVE_Node_Zombie_008 New:Description,
,
,
,
Node_PVE_Node_Zombie_008 New:Name,
,
,
,
Node_PVE_Node_Zombie_008 old:Description,
,
,
,
Node_PVE_Node_Zombie_008 old:Name,
,
,
,
Node_PVE_Node_Zombie_008:Description,
,
,
,
Node_PVE_Node_Zombie_008:Name,
,
,
,
Node_PVE_Node_Zombie_009 New:Description,
,
,
,
Node_PVE_Node_Zombie_009 New:Name,
,
,
,
Node_PVE_Node_Zombie_009 old:Description,
,
,
,
Node_PVE_Node_Zombie_009 old:Name,
,
,
,
Node_PVE_Node_Zombie_009:Description,
,
,
,
Node_PVE_Node_Zombie_009:Name,
,
,
,
Node_PVE_Node_Zombie_010 New:Description,
,
,
,
Node_PVE_Node_Zombie_010 New:Name,
,
,
,
Node_PVE_Node_Zombie_010 old:Description,
,
,
,
Node_PVE_Node_Zombie_010 old:Name,
,
,
,
Node_PVE_Node_Zombie_010:Description,
,
,
,
Node_PVE_Node_Zombie_010:Name,
,
,
,
Node_PVE_Node_Zombie_011 New:Description,
,
,
,
Node_PVE_Node_Zombie_011 New:Name,
,
,
,
Node_PVE_Node_Zombie_011:Description,
,
,
,
Node_PVE_Node_Zombie_011:Name,
,
,
,
Node_PVE_Node_Zombie_012 New:Description,
,
,
,
Node_PVE_Node_Zombie_012 New:Name,
,
,
,
Node_PVE_Node_Zombie_012:Description,
,
,
,
Node_PVE_Node_Zombie_012:Name,
,
,
,
Node_PVE_Node_Zombie_013 New:Description,
,
,
,
Node_PVE_Node_Zombie_013 New:Name,
,
,
,
Node_PVE_Node_Zombie_013:Description,
,
,
,
Node_PVE_Node_Zombie_013:Name,
,
,
,
Node_PVE_Node_Zombie_014 New:Description,
,
,
,
Node_PVE_Node_Zombie_014 New:Name,
,
,
,
Node_PVE_Node_Zombie_014:Description,
,
,
,
Node_PVE_Node_Zombie_014:Name,
,
,
,
Node_PVE_Node_Zombie_015 New:Description,
,
,
,
Node_PVE_Node_Zombie_015 New:Name,
,
,
,
Node_PVE_Node_Zombie_015:Description,
,
,
,
Node_PVE_Node_Zombie_015:Name,
,
,
,
Node_PVE_Node_Zombie_016:Description,
,
,
,
Node_PVE_Node_Zombie_016:Name,
,
,
,
Node_PVE_Node_Zombie_017:Description,
,
,
,
Node_PVE_Node_Zombie_017:Name,
,
,
,
Node_PVE_Node_Zombie_018:Description,
,
,
,
Node_PVE_Node_Zombie_018:Name,
,
,
,
Node_PVE_Node_Zombie_019:Description,
,
,
,
Node_PVE_Node_Zombie_019:Name,
,
,
,
Node_PVE_Node_Zombie_020:Description,
,
,
,
Node_PVE_Node_Zombie_020:Name,
,
,
,
Node_PVE_Node_Zombie_021:Description,
,
,
,
Node_PVE_Node_Zombie_021:Name,
,
,
,
Node_PVE_Node_Zombie_022:Description,
,
,
,
Node_PVE_Node_Zombie_022:Name,
,
,
,
Node_PVE_Node_Zombie_023:Description,
,
,
,
Node_PVE_Node_Zombie_023:Name,
,
,
,
Node_PVE_Node_Zombie_024:Description,
,
,
,
Node_PVE_Node_Zombie_024:Name,
,
,
,
Node_PVE_Node_Zombie_025:Description,
,
,
,
Node_PVE_Node_Zombie_025:Name,
,
,
,
Node_PvE_Node_Zombies:Description,脑派气功波！
,
,
,
Node_PvE_Node_Zombies:Name,用超尸进行游戏
,
,
,
Node_PvE_Node_Zombies2:Description,脑子脑子
,
,
,
Node_PvE_Node_Zombies2:Name,用巨尸进行游戏
,
,
,
Node_PVE_SMART_Node_Plant_001:Description,
,
,
,
Node_PVE_SMART_Node_Plant_001:Name,
,
,
,
Node_PVE_SMART_Node_Plant_002:Description,
,
,
,
Node_PVE_SMART_Node_Plant_002:Name,
,
,
,
Node_PVE_SMART_Node_Plant_003:Description,
,
,
,
Node_PVE_SMART_Node_Plant_003:Name,
,
,
,
Node_PVE_SMART_Node_Plant_004:Description,
,
,
,
Node_PVE_SMART_Node_Plant_004:Name,
,
,
,
Node_PVE_SMART_Node_Plant_005:Description,
,
,
,
Node_PVE_SMART_Node_Plant_005:Name,
,
,
,
Node_PVE_SMART_Node_Plant_006:Description,
,
,
,
Node_PVE_SMART_Node_Plant_006:Name,
,
,
,
Node_PVE_SMART_Node_Plant_007:Description,
,
,
,
Node_PVE_SMART_Node_Plant_007:Name,
,
,
,
Node_PVE_SMART_Node_Plant_008:Description,
,
,
,
Node_PVE_SMART_Node_Plant_008:Name,
,
,
,
Node_PVE_SMART_Node_Plant_009:Description,
,
,
,
Node_PVE_SMART_Node_Plant_009:Name,
,
,
,
Node_PVE_SMART_Node_Plant_010:Description,
,
,
,
Node_PVE_SMART_Node_Plant_010:Name,
,
,
,
Node_PVE_SMART_Node_Plant_011:Description,
,
,
,
Node_PVE_SMART_Node_Plant_011:Name,
,
,
,
Node_PVE_SMART_Node_Plant_012:Description,
,
,
,
Node_PVE_SMART_Node_Plant_012:Name,
,
,
,
Node_PVE_SMART_Node_Plant_013:Description,
,
,
,
Node_PVE_SMART_Node_Plant_013:Name,
,
,
,
Node_PVE_SMART_Node_Plant_014:Description,
,
,
,
Node_PVE_SMART_Node_Plant_014:Name,
,
,
,
Node_PVE_SMART_Node_Plant_015:Description,
,
,
,
Node_PVE_SMART_Node_Plant_015:Name,
,
,
,
Node_PVE_SMART_Node_Plant_016:Description,
,
,
,
Node_PVE_SMART_Node_Plant_016:Name,
,
,
,
Node_PVE_SMART_Node_Plant_017:Description,
,
,
,
Node_PVE_SMART_Node_Plant_017:Name,
,
,
,
Node_PVE_SMART_Node_Plant_018:Description,
,
,
,
Node_PVE_SMART_Node_Plant_018:Name,
,
,
,
Node_PVE_SMART_Node_Plant_019:Description,
,
,
,
Node_PVE_SMART_Node_Plant_019:Name,
,
,
,
Node_PVE_SMART_Node_Plant_020:Description,
,
,
,
Node_PVE_SMART_Node_Plant_020:Name,
,
,
,
Node_PVE_SMART_Node_Plant_021:Description,
,
,
,
Node_PVE_SMART_Node_Plant_021:Name,
,
,
,
Node_PVE_SMART_Node_Plant_022:Description,
,
,
,
Node_PVE_SMART_Node_Plant_022:Name,
,
,
,
Node_PVE_SMART_Node_Plant_023:Description,
,
,
,
Node_PVE_SMART_Node_Plant_023:Name,
,
,
,
Node_PVE_SMART_Node_Plant_024:Description,
,
,
,
Node_PVE_SMART_Node_Plant_024:Name,
,
,
,
Node_PVE_SMART_Node_Plant_025:Description,
,
,
,
Node_PVE_SMART_Node_Plant_025:Name,
,
,
,
Node_PVE_SMART_Node_Zombie_001:Description,
,
,
,
Node_PVE_SMART_Node_Zombie_001:Name,
,
,
,
Node_PVE_SMART_Node_Zombie_002:Description,
,
,
,
Node_PVE_SMART_Node_Zombie_002:Name,
,
,
,
Node_PVE_SMART_Node_Zombie_003:Description,
,
,
,
Node_PVE_SMART_Node_Zombie_003:Name,
,
,
,
Node_PVE_SMART_Node_Zombie_004:Description,
,
,
,
Node_PVE_SMART_Node_Zombie_004:Name,
,
,
,
Node_PVE_SMART_Node_Zombie_005:Description,
,
,
,
Node_PVE_SMART_Node_Zombie_005:Name,
,
,
,
Node_PVE_SMART_Node_Zombie_006:Description,
,
,
,
Node_PVE_SMART_Node_Zombie_006:Name,
,
,
,
Node_PVE_SMART_Node_Zombie_007:Description,
,
,
,
Node_PVE_SMART_Node_Zombie_007:Name,
,
,
,
Node_PVE_SMART_Node_Zombie_008:Description,
,
,
,
Node_PVE_SMART_Node_Zombie_008:Name,
,
,
,
Node_PVE_SMART_Node_Zombie_009:Description,
,
,
,
Node_PVE_SMART_Node_Zombie_009:Name,
,
,
,
Node_PVE_SMART_Node_Zombie_010:Description,
,
,
,
Node_PVE_SMART_Node_Zombie_010:Name,
,
,
,
Node_PVE_SMART_Node_Zombie_011:Description,
,
,
,
Node_PVE_SMART_Node_Zombie_011:Name,
,
,
,
Node_PVE_SMART_Node_Zombie_012:Description,
,
,
,
Node_PVE_SMART_Node_Zombie_012:Name,
,
,
,
Node_PVE_SMART_Node_Zombie_013:Description,
,
,
,
Node_PVE_SMART_Node_Zombie_013:Name,
,
,
,
Node_PVE_SMART_Node_Zombie_014:Description,
,
,
,
Node_PVE_SMART_Node_Zombie_014:Name,
,
,
,
Node_PVE_SMART_Node_Zombie_015:Description,
,
,
,
Node_PVE_SMART_Node_Zombie_015:Name,
,
,
,
Node_PVE_SMART_Node_Zombie_016:Description,
,
,
,
Node_PVE_SMART_Node_Zombie_016:Name,
,
,
,
Node_PVE_SMART_Node_Zombie_017:Description,
,
,
,
Node_PVE_SMART_Node_Zombie_017:Name,
,
,
,
Node_PVE_SMART_Node_Zombie_018:Description,
,
,
,
Node_PVE_SMART_Node_Zombie_018:Name,
,
,
,
Node_PVE_SMART_Node_Zombie_019:Description,
,
,
,
Node_PVE_SMART_Node_Zombie_019:Name,
,
,
,
Node_PVE_SMART_Node_Zombie_020:Description,
,
,
,
Node_PVE_SMART_Node_Zombie_020:Name,
,
,
,
Node_PVE_SMART_Node_Zombie_021:Description,
,
,
,
Node_PVE_SMART_Node_Zombie_021:Name,
,
,
,
Node_PVE_SMART_Node_Zombie_022:Description,
,
,
,
Node_PVE_SMART_Node_Zombie_022:Name,
,
,
,
Node_PVE_SMART_Node_Zombie_023:Description,
,
,
,
Node_PVE_SMART_Node_Zombie_023:Name,
,
,
,
Node_PVE_SMART_Node_Zombie_024:Description,
,
,
,
Node_PVE_SMART_Node_Zombie_024:Name,
,
,
,
Node_PVE_SMART_Node_Zombie_025:Description,
,
,
,
Node_PVE_SMART_Node_Zombie_025:Name,
,
,
,
Node_PVE_Soft_Node_Plant_001:7_MessageText,哎呀，是无穷小子！告诉你个秘密……所有英雄都有自己独特的战斗风格！
,
,
,
Node_PVE_Soft_Node_Plant_001:8_MessageText,无穷小子喜欢派出大量小队友来围攻你！
,
,
,
Node_PVE_Soft_Node_Plant_001:Description,
,
,
,
Node_PVE_Soft_Node_Plant_001:Name,柔软植物001
,
,
,
Node_PVE_Soft_Node_Plant_002:6_MessageText,他会试着吸收植物的力量，阻挠你对抗他的超强僵尸！
,
,
,
Node_PVE_Soft_Node_Plant_002:7_MessageText,你知道吗？锈铁侠的装甲其实是从垃圾场挖出来的。可他仍然是个难缠的铁罐子。
,
,
,
Node_PVE_Soft_Node_Plant_002:Description,
,
,
,
Node_PVE_Soft_Node_Plant_002:Name,柔软植物002
,
,
,
Node_PVE_Soft_Node_Plant_003:Description,
,
,
,
Node_PVE_Soft_Node_Plant_003:Name,柔软植物003
,
,
,
Node_PVE_Soft_Node_Plant_004:6_MessageText,他还有成群的僵尸宠物，这群害虫速度很快，赶紧消灭它们！
,
,
,
Node_PVE_Soft_Node_Plant_004:7_MessageText,把叶子都裹紧些！急冻魔想把你冻成冰块！
,
,
,
Node_PVE_Soft_Node_Plant_004:Description,
,
,
,
Node_PVE_Soft_Node_Plant_004:Name,柔软植物004
,
,
,
Node_PVE_Soft_Node_Plant_005:7_MessageText,嘿，植物伙伴们，这可是场Boss战！Boss都有特殊优势，无穷小子已经把自己克隆出来了！
,
,
,
Node_PVE_Soft_Node_Plant_005:8_MessageText,不过嘛，他也少了1张手牌。去教训教训那个讨厌的小鬼头吧！
,
,
,
Node_PVE_Soft_Node_Plant_005:Description,
,
,
,
Node_PVE_Soft_Node_Plant_005:Name,柔软植物005
,
,
,
Node_PVE_Soft_Node_Plant_006:Description,
,
,
,
Node_PVE_Soft_Node_Plant_006:Name,柔软植物006
,
,
,
Node_PVE_Soft_Node_Plant_007:6_MessageText,这位僵尸英雄还喜欢使用运动员僵尸。他们会越变越强，为他夺取场上优势！
,
,
,
Node_PVE_Soft_Node_Plant_007:7_MessageText,Z机甲！导弹要来了！
,
,
,
Node_PVE_Soft_Node_Plant_007:Description,
,
,
,
Node_PVE_Soft_Node_Plant_007:Name,柔软植物007
,
,
,
Node_PVE_Soft_Node_Plant_008:Description,
,
,
,
Node_PVE_Soft_Node_Plant_008:Name,柔软植物008
,
,
,
Node_PVE_Soft_Node_Plant_009:6_MessageText,同时还要小心不死女妖的巨尸朋友们。她在必要时也会使用蛮力。
,
,
,
Node_PVE_Soft_Node_Plant_009:7_MessageText,这个吓人的僵尸英雄为你准备了满满一口袋锦囊牌！
,
,
,
Node_PVE_Soft_Node_Plant_009:Description,
,
,
,
Node_PVE_Soft_Node_Plant_009:Name,柔软植物009
,
,
,
Node_PVE_Soft_Node_Plant_010:7_MessageText,锈铁侠肯定从哪挖出来一套新装甲！他开局就有+2生命值和+1手牌。 
,
,
,
Node_PVE_Soft_Node_Plant_010:Description,
,
,
,
Node_PVE_Soft_Node_Plant_010:Name,柔软植物010
,
,
,
Node_PVE_Soft_Node_Plant_011:Description,
,
,
,
Node_PVE_Soft_Node_Plant_011:Name,柔软植物011
,
,
,
Node_PVE_Soft_Node_Plant_012:6_MessageText,这个敌人在水里尤其活跃，并且随时会派出各种各样的小鬼。她会尽可能抢占前期优势！
,
,
,
Node_PVE_Soft_Node_Plant_012:7_MessageText,海妖半是人鱼、半是僵尸，合起来就是个大麻烦。
,
,
,
Node_PVE_Soft_Node_Plant_012:Description,
,
,
,
Node_PVE_Soft_Node_Plant_012:Name,柔软植物012
,
,
,
Node_PVE_Soft_Node_Plant_013:Description,
,
,
,
Node_PVE_Soft_Node_Plant_013:Name,柔软植物013
,
,
,
Node_PVE_Soft_Node_Plant_014:6_MessageText,霹雳舞王舞艺惊人……打起架来也不好对付。 
,
,
,
Node_PVE_Soft_Node_Plant_014:7_MessageText,当心，他会在场上铺满伴舞僵尸，一心想在你的坟头上蹦迪！
,
,
,
Node_PVE_Soft_Node_Plant_014:Description,
,
,
,
Node_PVE_Soft_Node_Plant_014:Name,柔软植物014
,
,
,
Node_PVE_Soft_Node_Plant_015:6_MessageText,一名遛狗僵尸已经加入了急冻魔！这场Boss战怕是会鸡飞狗跳！汪！哈！ 
,
,
,
Node_PVE_Soft_Node_Plant_015:Description,
,
,
,
Node_PVE_Soft_Node_Plant_015:Name,柔软植物015
,
,
,
Node_PVE_Soft_Node_Plant_016:Description,
,
,
,
Node_PVE_Soft_Node_Plant_016:Name,柔软植物016
,
,
,
Node_PVE_Soft_Node_Plant_017:6_MessageText,那是鸟！那是飞机！那是……会飞的僵尸？
,
,
,
Node_PVE_Soft_Node_Plant_017:7_MessageText,超尸会想方设法绕过你的植物，直接攻击你的英雄。太不光明正大了！
,
,
,
Node_PVE_Soft_Node_Plant_017:Description,
,
,
,
Node_PVE_Soft_Node_Plant_017:Name,柔软植物017
,
,
,
Node_PVE_Soft_Node_Plant_018:Description,
,
,
,
Node_PVE_Soft_Node_Plant_018:Name,柔软植物018
,
,
,
Node_PVE_Soft_Node_Plant_019:6_MessageText,摔跤狂尸如其名，他最喜欢摔东西，尤其是植物。
,
,
,
Node_PVE_Soft_Node_Plant_019:7_MessageText,他动作不快，但是下手沉重。当他的巨尸伙伴们登场时，麻烦就大了！
,
,
,
Node_PVE_Soft_Node_Plant_019:Description,
,
,
,
Node_PVE_Soft_Node_Plant_019:Name,柔软植物019
,
,
,
Node_PVE_Soft_Node_Plant_020:6_MessageText,坏消息：这个 Boss 可不小！好消息：他的朋友并不多。Z 机甲开场获得 +10 生命值和 -3 手牌。 
,
,
,
Node_PVE_Soft_Node_Plant_020:Description,
,
,
,
Node_PVE_Soft_Node_Plant_020:Name,柔软植物020
,
,
,
Node_PVE_Soft_Node_Plant_021:6_MessageText,我给你准备了个惊喜！本章节任务的每场战斗中，我都会在开局派两位朋友来增援你。
,
,
,
Node_PVE_Soft_Node_Plant_021:7_MessageText,豆荚教父最适合搭配大量豌豆和火炬树桩。弄出点强力组合让我开开眼吧！
,
,
,
Node_PVE_Soft_Node_Plant_021:Description,
,
,
,
Node_PVE_Soft_Node_Plant_021:Name,柔软植物021
,
,
,
Node_PVE_Soft_Node_Plant_022:6_MessageText,我得承认，僵点子教授比一般僵尸聪明得多。
,
,
,
Node_PVE_Soft_Node_Plant_022:7_MessageText,他会用科学家僵尸占据优势……再用锦囊牌给你落井下石。 
,
,
,
Node_PVE_Soft_Node_Plant_022:Description,
,
,
,
Node_PVE_Soft_Node_Plant_022:Name,柔软植物022
,
,
,
Node_PVE_Soft_Node_Plant_023:Description,
,
,
,
Node_PVE_Soft_Node_Plant_023:Name,柔软植物023
,
,
,
Node_PVE_Soft_Node_Plant_024:Description,
,
,
,
Node_PVE_Soft_Node_Plant_024:Name,柔软植物024
,
,
,
Node_PVE_Soft_Node_Plant_025:6_MessageText,别被不死女妖吓跑！那巫女开局就有3只闹鬼幽灵，而你也多了2株坚果墙。 
,
,
,
Node_PVE_Soft_Node_Plant_025:Description,
,
,
,
Node_PVE_Soft_Node_Plant_025:Name,柔软植物025
,
,
,
Node_PVE_Soft_Node_Plant_026:Description,
,
,
,
Node_PVE_Soft_Node_Plant_026:Name,柔软植物026
,
,
,
Node_PVE_Soft_Node_Plant_027:Description,
,
,
,
Node_PVE_Soft_Node_Plant_027:Name,柔软植物027
,
,
,
Node_PVE_Soft_Node_Plant_028:Description,
,
,
,
Node_PVE_Soft_Node_Plant_028:Name,柔软植物028
,
,
,
Node_PVE_Soft_Node_Plant_029:Description,
,
,
,
Node_PVE_Soft_Node_Plant_029:Name,柔软植物029
,
,
,
Node_PVE_Soft_Node_Plant_030:6_MessageText,水里似乎有古怪。海妖开局有用+5生命值。勇敢下水吧！
,
,
,
Node_PVE_Soft_Node_Plant_030:Description,
,
,
,
Node_PVE_Soft_Node_Plant_030:Name,柔软植物030
,
,
,
Node_PVE_Soft_Node_Plant_031:Description,
,
,
,
Node_PVE_Soft_Node_Plant_031:Name,柔软植物031
,
,
,
Node_PVE_Soft_Node_Plant_032:Description,
,
,
,
Node_PVE_Soft_Node_Plant_032:Name,柔软植物032
,
,
,
Node_PVE_Soft_Node_Plant_033:Description,
,
,
,
Node_PVE_Soft_Node_Plant_033:Name,柔软植物033
,
,
,
Node_PVE_Soft_Node_Plant_034:Description,
,
,
,
Node_PVE_Soft_Node_Plant_034:Name,柔软植物034
,
,
,
Node_PVE_Soft_Node_Plant_035:6_MessageText,瞧瞧那个！霹雳舞王和你的植物英雄开场都+10生命值。看来是时候来场探戈了！
,
,
,
Node_PVE_Soft_Node_Plant_035:Description,
,
,
,
Node_PVE_Soft_Node_Plant_035:Name,柔软植物035
,
,
,
Node_PVE_Soft_Node_Plant_036:Description,
,
,
,
Node_PVE_Soft_Node_Plant_036:Name,柔软植物036
,
,
,
Node_PVE_Soft_Node_Plant_037:Description,
,
,
,
Node_PVE_Soft_Node_Plant_037:Name,柔软植物037
,
,
,
Node_PVE_Soft_Node_Plant_038:Description,
,
,
,
Node_PVE_Soft_Node_Plant_038:Name,柔软植物038
,
,
,
Node_PVE_Soft_Node_Plant_039:Description,
,
,
,
Node_PVE_Soft_Node_Plant_039:Name,柔软植物039
,
,
,
Node_PVE_Soft_Node_Plant_040:6_MessageText,也许超尸要比表面上聪明些？他开场就有+1手牌。 
,
,
,
Node_PVE_Soft_Node_Plant_040:Description,
,
,
,
Node_PVE_Soft_Node_Plant_040:Name,柔软植物040
,
,
,
Node_PVE_Soft_Node_Plant_041:Description,
,
,
,
Node_PVE_Soft_Node_Plant_041:Name,柔软植物041
,
,
,
Node_PVE_Soft_Node_Plant_042:Description,
,
,
,
Node_PVE_Soft_Node_Plant_042:Name,柔软植物042
,
,
,
Node_PVE_Soft_Node_Plant_043:Description,
,
,
,
Node_PVE_Soft_Node_Plant_043:Name,柔软植物043
,
,
,
Node_PVE_Soft_Node_Plant_044:Description,
,
,
,
Node_PVE_Soft_Node_Plant_044:Name,柔软植物044
,
,
,
Node_PVE_Soft_Node_Plant_045:6_MessageText,糟糕，摔跤狂准备要砸东西了！他开局拥有+5生命值、一只举旗僵尸，并且-1手牌。 
,
,
,
Node_PVE_Soft_Node_Plant_045:Description,
,
,
,
Node_PVE_Soft_Node_Plant_045:Name,柔软植物045
,
,
,
Node_PVE_Soft_Node_Plant_046:Description,
,
,
,
Node_PVE_Soft_Node_Plant_046:Name,柔软植物046
,
,
,
Node_PVE_Soft_Node_Plant_047:Description,
,
,
,
Node_PVE_Soft_Node_Plant_047:Name,柔软植物047
,
,
,
Node_PVE_Soft_Node_Plant_048:Description,
,
,
,
Node_PVE_Soft_Node_Plant_048:Name,柔软植物048
,
,
,
Node_PVE_Soft_Node_Plant_049:Description,
,
,
,
Node_PVE_Soft_Node_Plant_049:Name,柔软植物049
,
,
,
Node_PVE_Soft_Node_Plant_050:6_MessageText,僵点子教授这次只会使用他的超超超能力，那就是“灵光乍现”！这对你的植物来说可不是好点子。 
,
,
,
Node_PVE_Soft_Node_Plant_050:Description,
,
,
,
Node_PVE_Soft_Node_Plant_050:Name,柔软植物050
,
,
,
Node_PVE_Soft_Node_Plant_051:6_MessageText,看来英雄机器人爆炸的时候还产生了范围巨大的副作用！快来看看我这“戴夫自动感应道具”上的读数……
,
,
,
Node_PVE_Soft_Node_Plant_051:7_MessageText,<u>僵尸活啦！</u>\n在本章节任务中，僵尸在开局时获得+1生命值。
,
,
,
Node_PVE_Soft_Node_Plant_051:Description,
,
,
,
Node_PVE_Soft_Node_Plant_051:Name,柔软植物051
,
,
,
Node_PVE_Soft_Node_Plant_052:7_MessageText,<u>僵尸活啦！</u>\n在本章节任务中，僵尸在开局时获得+1生命值。
,
,
,
Node_PVE_Soft_Node_Plant_052:Description,
,
,
,
Node_PVE_Soft_Node_Plant_052:Name,柔软植物052
,
,
,
Node_PVE_Soft_Node_Plant_053:7_MessageText,<u>僵尸活啦！</u>\n在本章节任务中，僵尸在开局时获得+1生命值。
,
,
,
Node_PVE_Soft_Node_Plant_053:Description,
,
,
,
Node_PVE_Soft_Node_Plant_053:Name,柔软植物053
,
,
,
Node_PVE_Soft_Node_Plant_054:7_MessageText,<u>僵尸活啦！</u>\n在本章节任务中，僵尸在开局时获得+1生命值。
,
,
,
Node_PVE_Soft_Node_Plant_054:Description,
,
,
,
Node_PVE_Soft_Node_Plant_054:Name,柔软植物054
,
,
,
Node_PVE_Soft_Node_Plant_055:6_MessageText,我有个坏消息和……嗯，只有坏消息。Z机甲开局就有+10生命值。等等，有个好消息：我看好你哦！
,
,
,
Node_PVE_Soft_Node_Plant_055:7_MessageText,<u>僵尸活啦！</u>\n在本章节任务中，僵尸在开局时获得+1生命值。
,
,
,
Node_PVE_Soft_Node_Plant_055:Description,
,
,
,
Node_PVE_Soft_Node_Plant_055:Name,柔软植物055
,
,
,
Node_PVE_Soft_Node_Plant_056:6_MessageText,"天这么冷对植物可不好。在本章冒险的所有5个关卡中，植物在打出时会受到1点伤害。呃，好冷！

"
,
,
,
Node_PVE_Soft_Node_Plant_056:Description,
,
,
,
Node_PVE_Soft_Node_Plant_056:Name,柔软植物056
,
,
,
Node_PVE_Soft_Node_Plant_057:Description,
,
,
,
Node_PVE_Soft_Node_Plant_057:Name,柔软植物057
,
,
,
Node_PVE_Soft_Node_Plant_058:Description,
,
,
,
Node_PVE_Soft_Node_Plant_058:Name,柔软植物058
,
,
,
Node_PVE_Soft_Node_Plant_059:Description,
,
,
,
Node_PVE_Soft_Node_Plant_059:Name,柔软植物059
,
,
,
Node_PVE_Soft_Node_Plant_060:6_MessageText,你肯定没想到急冻魔还是个爱猫人……呃，爱猫雪人。他开局拥有猫夫人和+5生命值。 
,
,
,
Node_PVE_Soft_Node_Plant_060:Description,
,
,
,
Node_PVE_Soft_Node_Plant_060:Name,柔软植物060
,
,
,
Node_PVE_Soft_Node_Plant_061:6_MessageText,<u>事半功倍！</u>\n在本章节任务中，每回合结束时，所有植物和僵尸牌的花费都会-1。 
,
,
,
Node_PVE_Soft_Node_Plant_061:Description,
,
,
,
Node_PVE_Soft_Node_Plant_061:Name,柔软植物061
,
,
,
Node_PVE_Soft_Node_Plant_062:6_MessageText,<u>事半功倍！</u>\n在本章节任务中，每回合结束时，所有植物和僵尸牌的花费都会-1。 
,
,
,
Node_PVE_Soft_Node_Plant_062:Description,
,
,
,
Node_PVE_Soft_Node_Plant_062:Name,柔软植物062
,
,
,
Node_PVE_Soft_Node_Plant_063:6_MessageText,<u>事半功倍！</u>\n在本章节任务中，每回合结束时，所有植物和僵尸牌的花费都会-1。 
,
,
,
Node_PVE_Soft_Node_Plant_063:Description,
,
,
,
Node_PVE_Soft_Node_Plant_063:Name,柔软植物063
,
,
,
Node_PVE_Soft_Node_Plant_064:6_MessageText,<u>事半功倍！</u>\n在本章节任务中，每回合结束时，所有植物和僵尸牌的花费都会-1。 
,
,
,
Node_PVE_Soft_Node_Plant_064:Description,
,
,
,
Node_PVE_Soft_Node_Plant_064:Name,柔软植物064
,
,
,
Node_PVE_Soft_Node_Plant_065:5_MessageText,僵点子教授在这场战斗中只会使用他的“灵光乍现”超能力。僵尸成群！ 
,
,
,
Node_PVE_Soft_Node_Plant_065:6_MessageText,<u>事半功倍！</u>\n在本章节任务中，每回合结束时，所有植物和僵尸牌的花费都会-1。 
,
,
,
Node_PVE_Soft_Node_Plant_065:Description,
,
,
,
Node_PVE_Soft_Node_Plant_065:Name,柔软植物065
,
,
,
Node_PVE_Soft_Node_Plant_066:Description,
,
,
,
Node_PVE_Soft_Node_Plant_066:Name,柔软植物066
,
,
,
Node_PVE_Soft_Node_Plant_067:Description,
,
,
,
Node_PVE_Soft_Node_Plant_067:Name,柔软植物067
,
,
,
Node_PVE_Soft_Node_Plant_068:Description,
,
,
,
Node_PVE_Soft_Node_Plant_068:Name,柔软植物068
,
,
,
Node_PVE_Soft_Node_Plant_069:Description,
,
,
,
Node_PVE_Soft_Node_Plant_069:Name,柔软植物069
,
,
,
Node_PVE_Soft_Node_Plant_070:6_MessageText,拿好救生衣，准备迎接台风！海妖开场就有+5生命值和+1手牌。
,
,
,
Node_PVE_Soft_Node_Plant_070:Description,
,
,
,
Node_PVE_Soft_Node_Plant_070:Name,柔软植物070
,
,
,
Node_PVE_Soft_Node_Plant_071:6_MessageText,<u>咱们僵尸力量大！</u>\n在本章节任务中，僵尸在打出时获+1力量。
,
,
,
Node_PVE_Soft_Node_Plant_071:Description,
,
,
,
Node_PVE_Soft_Node_Plant_071:Name,柔软植物071
,
,
,
Node_PVE_Soft_Node_Plant_072:6_MessageText,<u>咱们僵尸力量大！</u>\n在本章节任务中，僵尸在打出时获+1力量。
,
,
,
Node_PVE_Soft_Node_Plant_072:Description,
,
,
,
Node_PVE_Soft_Node_Plant_072:Name,柔软植物072
,
,
,
Node_PVE_Soft_Node_Plant_073:6_MessageText,<u>咱们僵尸力量大！</u>\n在本章节任务中，僵尸在打出时获+1力量。
,
,
,
Node_PVE_Soft_Node_Plant_073:Description,
,
,
,
Node_PVE_Soft_Node_Plant_073:Name,柔软植物073
,
,
,
Node_PVE_Soft_Node_Plant_074:6_MessageText,<u>咱们僵尸力量大！</u>\n在本章节任务中，僵尸在打出时获+1力量。
,
,
,
Node_PVE_Soft_Node_Plant_074:Description,
,
,
,
Node_PVE_Soft_Node_Plant_074:Name,柔软植物074
,
,
,
Node_PVE_Soft_Node_Plant_075:5_MessageText,吓你一跳！不死女妖开场拥有3只闹鬼僵尸，你开场也有3株坚果墙。 
,
,
,
Node_PVE_Soft_Node_Plant_075:6_MessageText,<u>咱们僵尸力量大！</u>\n在本章节任务中，僵尸在打出时获+1力量。
,
,
,
Node_PVE_Soft_Node_Plant_075:Description,
,
,
,
Node_PVE_Soft_Node_Plant_075:Name,柔软植物075
,
,
,
Node_PVE_Soft_Node_Plant_076:Description,
,
,
,
Node_PVE_Soft_Node_Plant_076:Name,柔软植物076
,
,
,
Node_PVE_Soft_Node_Plant_077:Description,
,
,
,
Node_PVE_Soft_Node_Plant_077:Name,柔软植物077
,
,
,
Node_PVE_Soft_Node_Plant_078:Description,
,
,
,
Node_PVE_Soft_Node_Plant_078:Name,柔软植物078
,
,
,
Node_PVE_Soft_Node_Plant_079:Description,
,
,
,
Node_PVE_Soft_Node_Plant_079:Name,柔软植物079
,
,
,
Node_PVE_Soft_Node_Plant_080:6_MessageText,无穷小子的“朋友”还真不少。他开局就有3只小鬼和+5生命值。
,
,
,
Node_PVE_Soft_Node_Plant_080:Description,
,
,
,
Node_PVE_Soft_Node_Plant_080:Name,柔软植物080
,
,
,
Node_PVE_Soft_Node_Plant_081:Description,
,
,
,
Node_PVE_Soft_Node_Plant_081:Name,柔软植物081
,
,
,
Node_PVE_Soft_Node_Plant_082:Description,
,
,
,
Node_PVE_Soft_Node_Plant_082:Name,柔软植物082
,
,
,
Node_PVE_Soft_Node_Plant_083:Description,
,
,
,
Node_PVE_Soft_Node_Plant_083:Name,柔软植物083
,
,
,
Node_PVE_Soft_Node_Plant_084:Description,
,
,
,
Node_PVE_Soft_Node_Plant_084:Name,柔软植物084
,
,
,
Node_PVE_Soft_Node_Plant_085:6_MessageText,瞧好，邻居！摔跤狂飞跃进场啦！他开局时拥有+10生命值。
,
,
,
Node_PVE_Soft_Node_Plant_085:Description,
,
,
,
Node_PVE_Soft_Node_Plant_085:Name,柔软植物085
,
,
,
Node_PVE_Soft_Node_Plant_086:Description,
,
,
,
Node_PVE_Soft_Node_Plant_086:Name,柔软植物086
,
,
,
Node_PVE_Soft_Node_Plant_087:Description,
,
,
,
Node_PVE_Soft_Node_Plant_087:Name,柔软植物087
,
,
,
Node_PVE_Soft_Node_Plant_088:Description,
,
,
,
Node_PVE_Soft_Node_Plant_088:Name,柔软植物088
,
,
,
Node_PVE_Soft_Node_Plant_090:6_MessageText,超尸吸走了你的力量！你的英雄每回合会受到1点伤害。
,
,
,
Node_PVE_Soft_Node_Plant_090:Description,
,
,
,
Node_PVE_Soft_Node_Plant_090:Name,柔软植物090
,
,
,
Node_PVE_Soft_Node_Plant_091:Description,
,
,
,
Node_PVE_Soft_Node_Plant_091:Name,柔软植物091
,
,
,
Node_PVE_Soft_Node_Plant_093:Description,
,
,
,
Node_PVE_Soft_Node_Plant_093:Name,柔软植物093
,
,
,
Node_PVE_Soft_Node_Plant_095:6_MessageText,霹雳舞王开局有一只有氧运动教练，你则有一株健泳菱角与+10生命值。是时候动起来了！
,
,
,
Node_PVE_Soft_Node_Plant_095:Description,
,
,
,
Node_PVE_Soft_Node_Plant_095:Name,柔软植物095
,
,
,
Node_PVE_Soft_Node_Plant_096:6_MessageText,<u>治疗英雄！</u>\n在本章节任务中，双方英雄在回合开始时都会恢复+2点生命值。 
,
,
,
Node_PVE_Soft_Node_Plant_096:Description,
,
,
,
Node_PVE_Soft_Node_Plant_096:Name,柔软植物096
,
,
,
Node_PVE_Soft_Node_Plant_097:6_MessageText,<u>治疗英雄！</u>\n在本章节任务中，双方英雄在回合开始时都会恢复+2点生命值。
,
,
,
Node_PVE_Soft_Node_Plant_097:Description,
,
,
,
Node_PVE_Soft_Node_Plant_097:Name,柔软植物097
,
,
,
Node_PVE_Soft_Node_Plant_098:6_MessageText,<u>治疗英雄！</u>\n在本章节任务中，双方英雄在回合开始时都会恢复+2点生命值。
,
,
,
Node_PVE_Soft_Node_Plant_098:Description,
,
,
,
Node_PVE_Soft_Node_Plant_098:Name,柔软植物099
,
,
,
Node_PVE_Soft_Node_Plant_099:6_MessageText,<u>治疗英雄！</u>\n在本章节任务中，双方英雄在回合开始时都会恢复+2点生命值。
,
,
,
Node_PVE_Soft_Node_Plant_099:Description,
,
,
,
Node_PVE_Soft_Node_Plant_099:Name,柔软植物099
,
,
,
Node_PVE_Soft_Node_Plant_100:6_MessageText,"<u>治疗英雄！</u>
在本章节任务中，双方英雄在回合开始时都会恢复2点生命值。 "
,
,
,
Node_PVE_Soft_Node_Plant_100:7_MessageText,锈铁侠为这场战斗准备了Z科技研发的最新道具。他开局时拥有+10生命值和+1手牌。
,
,
,
Node_PVE_Soft_Node_Plant_100:8_MessageText,<u>治疗英雄！</u>\n在本章节任务中，双方英雄在回合开始时都会恢复+2点生命值。  
,
,
,
Node_PVE_Soft_Node_Plant_100:Description,
,
,
,
Node_PVE_Soft_Node_Plant_100:Name,柔软植物100
,
,
,
Node_PVE_Soft_Node_Plant_101:Description,
,
,
,
Node_PVE_Soft_Node_Plant_101:Name,柔软植物101
,
,
,
Node_PVE_Soft_Node_Plant_102:Description,
,
,
,
Node_PVE_Soft_Node_Plant_102:Name,柔软植物102
,
,
,
Node_PVE_Soft_Node_Plant_103:6_MessageText,你即将面对的是个迷你Boss！它和平常的Boss一样，只是小一号。无穷小子开局就有一桶死胡子。小心！ 
,
,
,
Node_PVE_Soft_Node_Plant_103:7_MessageText,是时候试试你的臂力了！
,
,
,
Node_PVE_Soft_Node_Plant_103:Description,
,
,
,
Node_PVE_Soft_Node_Plant_103:Name,柔软植物103
,
,
,
Node_PVE_Soft_Node_Plant_104:Description,
,
,
,
Node_PVE_Soft_Node_Plant_104:Name,柔软植物104
,
,
,
Node_PVE_Soft_Node_Plant_105:6_MessageText,看看那儿！无穷小子回来了，还拥有+5生命值和另一个木桶。希望里面藏的只是猴子。
,
,
,
Node_PVE_Soft_Node_Plant_105:7_MessageText,他开场就有一只吉祥物小鬼和+10生命值。
,
,
,
Node_PVE_Soft_Node_Plant_105:Description,
,
,
,
Node_PVE_Soft_Node_Plant_105:Name,柔软植物105
,
,
,
Node_PVE_Soft_Node_Plant_106:Description,
,
,
,
Node_PVE_Soft_Node_Plant_106:Name,柔软植物106
,
,
,
Node_PVE_Soft_Node_Plant_107:Description,
,
,
,
Node_PVE_Soft_Node_Plant_107:Name,柔软植物107
,
,
,
Node_PVE_Soft_Node_Plant_108:6_MessageText,不死女妖的钟楼里到底装了多少僵尸蝙蝠啊？她带了一只加入战斗，我敢打赌还有更多在后头！
,
,
,
Node_PVE_Soft_Node_Plant_108:Description,
,
,
,
Node_PVE_Soft_Node_Plant_108:Name,柔软植物108
,
,
,
Node_PVE_Soft_Node_Plant_109:Description,
,
,
,
Node_PVE_Soft_Node_Plant_109:Name,柔软植物109
,
,
,
Node_PVE_Soft_Node_Plant_110:6_MessageText,这里的蝙蝠越来越多啦。不死女妖开局就有几只僵尸蝙蝠和+10生命值！好消息是，你拥有+1阳光！
,
,
,
Node_PVE_Soft_Node_Plant_110:Description,
,
,
,
Node_PVE_Soft_Node_Plant_110:Name,柔软植物110
,
,
,
Node_PVE_Soft_Node_Plant_111:Description,
,
,
,
Node_PVE_Soft_Node_Plant_111:Name,柔软植物111
,
,
,
Node_PVE_Soft_Node_Plant_112:Description,
,
,
,
Node_PVE_Soft_Node_Plant_112:Name,柔软植物112
,
,
,
Node_PVE_Soft_Node_Plant_113:6_MessageText,哇！锈铁侠找来了一只掰腕僵尸来帮忙。我自己更擅长掰大拇指，但你肯定能收拾他们！ 
,
,
,
Node_PVE_Soft_Node_Plant_113:Description,
,
,
,
Node_PVE_Soft_Node_Plant_113:Name,柔软植物113
,
,
,
Node_PVE_Soft_Node_Plant_114:Description,
,
,
,
Node_PVE_Soft_Node_Plant_114:Name,柔软植物114
,
,
,
Node_PVE_Soft_Node_Plant_115:6_MessageText,"这下好了，有只吉祥物小鬼在给锈铁侠加油打气呢。我真希望雪豆射手能让他冷静一下！
"
,
,
,
Node_PVE_Soft_Node_Plant_115:Description,
,
,
,
Node_PVE_Soft_Node_Plant_115:Name,柔软植物115
,
,
,
Node_PVE_Soft_Node_Plant_116:Description,
,
,
,
Node_PVE_Soft_Node_Plant_116:Name,柔软植物116
,
,
,
Node_PVE_Soft_Node_Plant_117:Description,
,
,
,
Node_PVE_Soft_Node_Plant_117:Name,柔软植物117
,
,
,
Node_PVE_Soft_Node_Plant_118:6_MessageText,好冷啊！是急冻魔和他的墓碑雕刻家。还好他开局就-5生命值，太温暖人心了。
,
,
,
Node_PVE_Soft_Node_Plant_118:Description,
,
,
,
Node_PVE_Soft_Node_Plant_118:Name,柔软植物118
,
,
,
Node_PVE_Soft_Node_Plant_119:Description,
,
,
,
Node_PVE_Soft_Node_Plant_119:Name,柔软植物119
,
,
,
Node_PVE_Soft_Node_Plant_120:6_MessageText,天哪！急冻魔开场拥有2只墓碑雕刻家。好消息是，他同时也-10生命值。
,
,
,
Node_PVE_Soft_Node_Plant_120:Description,
,
,
,
Node_PVE_Soft_Node_Plant_120:Name,柔软植物120
,
,
,
Node_PVE_Soft_Node_Plant_121:6_MessageText,<u>大显身手！</u>\n在本章节任务中，所有斗士都会在回合开始时获得+1/+1。
,
,
,
Node_PVE_Soft_Node_Plant_121:Description,
,
,
,
Node_PVE_Soft_Node_Plant_121:Name,柔软植物121
,
,
,
Node_PVE_Soft_Node_Plant_122:6_MessageText,<u>大显身手！</u>\n在本章节任务中，所有斗士都会在回合开始时获得+1/+1。
,
,
,
Node_PVE_Soft_Node_Plant_122:Description,
,
,
,
Node_PVE_Soft_Node_Plant_122:Name,柔软植物122
,
,
,
Node_PVE_Soft_Node_Plant_123:6_MessageText,<u>大显身手！</u>\n在本章节任务中，所有斗士都会在自己回合开始时获得+1/+1。
,
,
,
Node_PVE_Soft_Node_Plant_123:7_MessageText,看看岸上来了什么！是海妖，她还有+5生命值，好让她在水面上浮起来。
,
,
,
Node_PVE_Soft_Node_Plant_123:Description,
,
,
,
Node_PVE_Soft_Node_Plant_123:Name,柔软植物123
,
,
,
Node_PVE_Soft_Node_Plant_124:6_MessageText,<u>大显身手！</u>\n在本章节任务中，所有斗士都会在回合开始时获得+1/+1。
,
,
,
Node_PVE_Soft_Node_Plant_124:Description,
,
,
,
Node_PVE_Soft_Node_Plant_124:Name,柔软植物124
,
,
,
Node_PVE_Soft_Node_Plant_125:6_MessageText,<u>大显身手！</u>\n在本章节任务中，所有斗士都会在回合开始时获得+1/+1。
,
,
,
Node_PVE_Soft_Node_Plant_125:7_MessageText,游得好快！看来海妖平时没少锻炼。她拥有+10生命值。 
,
,
,
Node_PVE_Soft_Node_Plant_125:Description,
,
,
,
Node_PVE_Soft_Node_Plant_125:Name,柔软植物125
,
,
,
Node_PVE_Soft_Node_Plant_126:Description,
,
,
,
Node_PVE_Soft_Node_Plant_126:Name,柔软植物126
,
,
,
Node_PVE_Soft_Node_Plant_127:Description,
,
,
,
Node_PVE_Soft_Node_Plant_127:Name,柔软植物127
,
,
,
Node_PVE_Soft_Node_Plant_128:6_MessageText,霹雳舞王和人鱼小鬼一起跳下水了。幸好，健泳菱角会扔给你救生圈的！
,
,
,
Node_PVE_Soft_Node_Plant_128:Description,
,
,
,
Node_PVE_Soft_Node_Plant_128:Name,柔软植物128
,
,
,
Node_PVE_Soft_Node_Plant_129:Description,
,
,
,
Node_PVE_Soft_Node_Plant_129:Name,柔软植物129
,
,
,
Node_PVE_Soft_Node_Plant_130:6_MessageText,霹雳舞王找来了一只深海巨尸，而你有海蘑菇和海军上将豆。我去找我的游泳裤啦！
,
,
,
Node_PVE_Soft_Node_Plant_130:Description,
,
,
,
Node_PVE_Soft_Node_Plant_130:Name,柔软植物130
,
,
,
Node_PVE_Soft_Node_Plant_131:Description,
,
,
,
Node_PVE_Soft_Node_Plant_131:Name,柔软植物131
,
,
,
Node_PVE_Soft_Node_Plant_132:Description,
,
,
,
Node_PVE_Soft_Node_Plant_132:Name,柔软植物132
,
,
,
Node_PVE_Soft_Node_Plant_133:6_MessageText,我看到僵点子教授带来了一个墓碑。我讨厌惊喜，尤其是僵尸带来的惊喜。
,
,
,
Node_PVE_Soft_Node_Plant_133:Description,
,
,
,
Node_PVE_Soft_Node_Plant_133:Name,柔软植物133
,
,
,
Node_PVE_Soft_Node_Plant_134:Description,
,
,
,
Node_PVE_Soft_Node_Plant_134:Name,柔软植物134
,
,
,
Node_PVE_Soft_Node_Plant_135:6_MessageText,僵点子教授在打水池的主意。他开局就有一只桌球大鳄尸和+10生命值。我个人倒更喜欢保龄球。
,
,
,
Node_PVE_Soft_Node_Plant_135:Description,
,
,
,
Node_PVE_Soft_Node_Plant_135:Name,柔软植物135
,
,
,
Node_PVE_Soft_Node_Plant_136:Description,
,
,
,
Node_PVE_Soft_Node_Plant_136:Name,柔软植物136
,
,
,
Node_PVE_Soft_Node_Plant_137:Description,
,
,
,
Node_PVE_Soft_Node_Plant_137:Name,柔软植物137
,
,
,
Node_PVE_Soft_Node_Plant_138:6_MessageText,超尸开局拥有+5生命值和一只头上顶着圆锥的僵尸。要我说，他该戴个锅才像话。
,
,
,
Node_PVE_Soft_Node_Plant_138:Description,
,
,
,
Node_PVE_Soft_Node_Plant_138:Name,柔软植物138
,
,
,
Node_PVE_Soft_Node_Plant_139:Description,
,
,
,
Node_PVE_Soft_Node_Plant_139:Name,柔软植物139
,
,
,
Node_PVE_Soft_Node_Plant_140:6_MessageText,摔跤狂可能是想赢得骑士封号吧。他开局拥有一只国王僵尸和+5生命值，但是-3手牌。
,
,
,
Node_PVE_Soft_Node_Plant_140:Description,
,
,
,
Node_PVE_Soft_Node_Plant_140:Name,柔软植物140
,
,
,
Node_PVE_Soft_Node_Plant_141:6_MessageText,<u>草坪之王！</u>\n在本章节任务中，力量最高（或并列最高）的植物或僵尸可在每回合结束时额外攻击一次。
,
,
,
Node_PVE_Soft_Node_Plant_141:Description,
,
,
,
Node_PVE_Soft_Node_Plant_141:Name,柔软植物141
,
,
,
Node_PVE_Soft_Node_Plant_142:6_MessageText,<u>草坪之王！</u>\n在本章节任务中，力量最高（或并列最高）的植物或僵尸可在每回合结束时额外攻击一次。
,
,
,
Node_PVE_Soft_Node_Plant_142:Description,
,
,
,
Node_PVE_Soft_Node_Plant_142:Name,柔软植物142
,
,
,
Node_PVE_Soft_Node_Plant_143:6_MessageText,<u>草坪之王！</u>\n在本章节任务中，力量最高（或并列最高）的植物或僵尸可在每回合结束时额外攻击一次。
,
,
,
Node_PVE_Soft_Node_Plant_143:7_MessageText,你的英雄有+10生命值和一株向日葵。怪不得超尸都躲到2只僵尸鸡后面去了。  
,
,
,
Node_PVE_Soft_Node_Plant_143:Description,
,
,
,
Node_PVE_Soft_Node_Plant_143:Name,柔软植物143
,
,
,
Node_PVE_Soft_Node_Plant_144:6_MessageText,<u>草坪之王！</u>\n在本章节任务中，力量最高（或并列最高）的植物或僵尸可在每回合结束时额外攻击一次。
,
,
,
Node_PVE_Soft_Node_Plant_144:Description,
,
,
,
Node_PVE_Soft_Node_Plant_144:Name,柔软植物144
,
,
,
Node_PVE_Soft_Node_Plant_145:6_MessageText,<u>草坪之王！</u>\n在本章节任务中，力量最高（或并列最高）的植物或僵尸可在每回合结束时额外攻击一次。
,
,
,
Node_PVE_Soft_Node_Plant_145:7_MessageText,超尸开局拥有3只僵尸鸡，你的英雄则拥有4株向日葵。烤焦他们！ 
,
,
,
Node_PVE_Soft_Node_Plant_145:Description,
,
,
,
Node_PVE_Soft_Node_Plant_145:Name,柔软植物145
,
,
,
Node_PVE_Soft_Node_Plant_146:Description,
,
,
,
Node_PVE_Soft_Node_Plant_146:Name,柔软植物146
,
,
,
Node_PVE_Soft_Node_Plant_147:Description,
,
,
,
Node_PVE_Soft_Node_Plant_147:Name,柔软植物147
,
,
,
Node_PVE_Soft_Node_Plant_148:6_MessageText,Z机甲正在举办一场迷你Boss狂欢会。他请来了助兴僵尸，而且拥有+5生命值。 
,
,
,
Node_PVE_Soft_Node_Plant_148:Description,
,
,
,
Node_PVE_Soft_Node_Plant_148:Name,柔软植物148
,
,
,
Node_PVE_Soft_Node_Plant_149:Description,
,
,
,
Node_PVE_Soft_Node_Plant_149:Name,柔软植物149
,
,
,
Node_PVE_Soft_Node_Plant_150:6_MessageText,Z机甲开局就有有氧运动教练和+10生命值。但你也有几株坚果墙来保护你！真是好样的。
,
,
,
Node_PVE_Soft_Node_Plant_150:Description,
,
,
,
Node_PVE_Soft_Node_Plant_150:Name,柔软植物150
,
,
,
Node_PVE_Soft_Node_Plant_151:Description,
,
,
,
Node_PVE_Soft_Node_Plant_151:Name,柔软植物151
,
,
,
Node_PVE_Soft_Node_Plant_152:Description,
,
,
,
Node_PVE_Soft_Node_Plant_152:Name,柔软植物152
,
,
,
Node_PVE_Soft_Node_Plant_153:6_MessageText,你有2株炮弹芹，可霹雳舞王有投小鬼的巨尸和+5生命值。我可不喜欢小鬼，个个都是烦人的小妖怪。
,
,
,
Node_PVE_Soft_Node_Plant_153:Description,
,
,
,
Node_PVE_Soft_Node_Plant_153:Name,柔软植物153
,
,
,
Node_PVE_Soft_Node_Plant_154:Description,
,
,
,
Node_PVE_Soft_Node_Plant_154:Name,柔软植物154
,
,
,
Node_PVE_Soft_Node_Plant_155:6_MessageText,霹雳舞王拥有2只投小鬼的巨尸，而你拥有4株炮弹芹。照我算来，这可是6个麻烦！
,
,
,
Node_PVE_Soft_Node_Plant_155:Description,
,
,
,
Node_PVE_Soft_Node_Plant_155:Name,柔软植物155
,
,
,
Node_PVE_Soft_Node_Plant_156:Description,
,
,
,
Node_PVE_Soft_Node_Plant_156:Name,柔软植物156
,
,
,
Node_PVE_Soft_Node_Plant_157:Description,
,
,
,
Node_PVE_Soft_Node_Plant_157:Name,柔软植物157
,
,
,
Node_PVE_Soft_Node_Plant_158:6_MessageText,无穷小子在这场迷你Boss战里开局拥有3个墓碑。让那些健泳菱角大显身手吧！
,
,
,
Node_PVE_Soft_Node_Plant_158:Description,
,
,
,
Node_PVE_Soft_Node_Plant_158:Name,柔软植物158
,
,
,
Node_PVE_Soft_Node_Plant_159:Description,
,
,
,
Node_PVE_Soft_Node_Plant_159:Name,柔软植物159
,
,
,
Node_PVE_Soft_Node_Plant_160:6_MessageText,每当有小鬼出现，我的肘子就爱发痒。嗯，它现在就痒个不停，而无穷小子每回合都会克隆他自己！
,
,
,
Node_PVE_Soft_Node_Plant_160:Description,
,
,
,
Node_PVE_Soft_Node_Plant_160:Name,柔软植物160
,
,
,
Node_PVE_Soft_Node_Plant_161:Description,
,
,
,
Node_PVE_Soft_Node_Plant_161:Name,柔软植物161
,
,
,
Node_PVE_Soft_Node_Plant_162:Description,
,
,
,
Node_PVE_Soft_Node_Plant_162:Name,柔软植物162
,
,
,
Node_PVE_Soft_Node_Plant_163:6_MessageText,海妖拥有2只滚桶僵尸，你的植物英雄有2株双发射手。用它们来重复上次胜利吧！
,
,
,
Node_PVE_Soft_Node_Plant_163:Description,
,
,
,
Node_PVE_Soft_Node_Plant_163:Name,柔软植物163
,
,
,
Node_PVE_Soft_Node_Plant_164:Description,
,
,
,
Node_PVE_Soft_Node_Plant_164:Name,柔软植物164
,
,
,
Node_PVE_Soft_Node_Plant_165:6_MessageText,这场Boss战会让你浑身湿透！海妖开局拥有3只章鱼宠物，你的英雄则拥有5株健泳菱角。
,
,
,
Node_PVE_Soft_Node_Plant_165:Description,
,
,
,
Node_PVE_Soft_Node_Plant_165:Name,柔软植物165
,
,
,
Node_PVE_Soft_Node_Plant_166:6_MessageText,<u>回光返照！</u>\n在本章节任务中，每当有植物被消灭时，你的植物英雄都会永久获得+1阳光。
,
,
,
Node_PVE_Soft_Node_Plant_166:Description,
,
,
,
Node_PVE_Soft_Node_Plant_166:Name,柔软植物166
,
,
,
Node_PVE_Soft_Node_Plant_167:6_MessageText,<u>回光返照！</u>\n在本章节任务中，每当有植物被消灭时，你的植物英雄都会永久获得+1阳光。
,
,
,
Node_PVE_Soft_Node_Plant_167:Description,
,
,
,
Node_PVE_Soft_Node_Plant_167:Name,柔软植物167
,
,
,
Node_PVE_Soft_Node_Plant_168:6_MessageText,<u>回光返照！</u>\n在本章节任务中，每当有植物被消灭时，你的植物英雄都会永久获得+1阳光。
,
,
,
Node_PVE_Soft_Node_Plant_168:7_MessageText,看来Z机甲开始健身了！他拥有一名有氧运动教练和+5生命值。
,
,
,
Node_PVE_Soft_Node_Plant_168:Description,
,
,
,
Node_PVE_Soft_Node_Plant_168:Name,柔软植物168
,
,
,
Node_PVE_Soft_Node_Plant_169:6_MessageText,<u>回光返照！</u>\n在本章节任务中，每当有植物被消灭时，你的植物英雄都会永久获得+1阳光。
,
,
,
Node_PVE_Soft_Node_Plant_169:Description,
,
,
,
Node_PVE_Soft_Node_Plant_169:Name,柔软植物169
,
,
,
Node_PVE_Soft_Node_Plant_170:6_MessageText,<u>回光返照！</u>\n在本章节任务中，每当有植物被消灭时，你的植物英雄都会永久获得+1阳光。
,
,
,
Node_PVE_Soft_Node_Plant_170:7_MessageText,Z机甲开场就有一只有氧运动教练和一只助兴僵尸，但你的植物英雄也有+2阳光！记住教训：当生活带给你僵尸，就泡点阳光茶吧！ 
,
,
,
Node_PVE_Soft_Node_Plant_170:Description,
,
,
,
Node_PVE_Soft_Node_Plant_170:Name,柔软植物170
,
,
,
Node_PVE_Soft_Node_Plant_171:Description,
,
,
,
Node_PVE_Soft_Node_Plant_171:Name,柔软植物171
,
,
,
Node_PVE_Soft_Node_Plant_172:Description,
,
,
,
Node_PVE_Soft_Node_Plant_172:Name,柔软植物172
,
,
,
Node_PVE_Soft_Node_Plant_173:6_MessageText,超尸拥有一个墓碑和+5生命值。去教训他们！ 
,
,
,
Node_PVE_Soft_Node_Plant_173:Description,
,
,
,
Node_PVE_Soft_Node_Plant_173:Name,柔软植物173
,
,
,
Node_PVE_Soft_Node_Plant_174:Description,
,
,
,
Node_PVE_Soft_Node_Plant_174:Name,柔软植物174
,
,
,
Node_PVE_Soft_Node_Plant_175:6_MessageText,超尸开局拥有2只僵尸鸡，而你的英雄则获得+10生命值。别打草惊“禽”！
,
,
,
Node_PVE_Soft_Node_Plant_175:Description,
,
,
,
Node_PVE_Soft_Node_Plant_175:Name,柔软植物175
,
,
,
Node_PVE_Soft_Node_Plant_176:6_MessageText,<u>阳光和脑子！</u>\n在本章节任务中，植物开局就拥有+3阳光。僵尸开局就拥有+3脑子。
,
,
,
Node_PVE_Soft_Node_Plant_176:Description,
,
,
,
Node_PVE_Soft_Node_Plant_176:Name,柔软植物176
,
,
,
Node_PVE_Soft_Node_Plant_177:6_MessageText,<u>阳光和脑子！</u>\n在本章节任务中，植物开局就拥有+3阳光。僵尸开局就拥有+3脑子。
,
,
,
Node_PVE_Soft_Node_Plant_177:Description,
,
,
,
Node_PVE_Soft_Node_Plant_177:Name,柔软植物177
,
,
,
Node_PVE_Soft_Node_Plant_178:6_MessageText,<u>阳光和脑子！</u>\n在本章节任务中，植物开局就拥有+3阳光。僵尸开局就拥有+3脑子。
,
,
,
Node_PVE_Soft_Node_Plant_178:7_MessageText,看来摔跤狂有+10生命值。你知道这意味着什么：他更能摔了！  
,
,
,
Node_PVE_Soft_Node_Plant_178:Description,
,
,
,
Node_PVE_Soft_Node_Plant_178:Name,柔软植物178
,
,
,
Node_PVE_Soft_Node_Plant_179:6_MessageText,<u>阳光和脑子！</u>\n在本章节任务中，植物开局就拥有+3阳光。僵尸开局就拥有+3脑子。
,
,
,
Node_PVE_Soft_Node_Plant_179:Description,
,
,
,
Node_PVE_Soft_Node_Plant_179:Name,柔软植物179
,
,
,
Node_PVE_Soft_Node_Plant_180:6_MessageText,摔跤狂获得+5脑子，你的植物英雄获得+5阳光，两边都获得+15生命值。是我疯了，还是这场战斗真的会特别疯狂？
,
,
,
Node_PVE_Soft_Node_Plant_180:Description,
,
,
,
Node_PVE_Soft_Node_Plant_180:Name,柔软植物180
,
,
,
Node_PVE_Soft_Node_Plant_181:Description,
,
,
,
Node_PVE_Soft_Node_Plant_181:Name,柔软植物181
,
,
,
Node_PVE_Soft_Node_Plant_182:Description,
,
,
,
Node_PVE_Soft_Node_Plant_182:Name,柔软植物182
,
,
,
Node_PVE_Soft_Node_Plant_183:6_MessageText,我刚才正好在想自己的墓志铭，急冻魔就带着一只墓碑雕刻家和+2手牌出现了。巧合吗？
,
,
,
Node_PVE_Soft_Node_Plant_183:Description,
,
,
,
Node_PVE_Soft_Node_Plant_183:Name,柔软植物183
,
,
,
Node_PVE_Soft_Node_Plant_184:Description,
,
,
,
Node_PVE_Soft_Node_Plant_184:Name,柔软植物184
,
,
,
Node_PVE_Soft_Node_Plant_185:6_MessageText,情况不妙……还有一个墓碑！还好，急冻魔也-2手牌。 
,
,
,
Node_PVE_Soft_Node_Plant_185:Description,
,
,
,
Node_PVE_Soft_Node_Plant_185:Name,柔软植物185
,
,
,
Node_PVE_Soft_Node_Plant_186:6_MessageText,<u>多多益善！</u>\n在本章节任务中，每回合开始时，双方英雄都能额外抽一张牌。
,
,
,
Node_PVE_Soft_Node_Plant_186:Description,
,
,
,
Node_PVE_Soft_Node_Plant_186:Name,柔软植物186
,
,
,
Node_PVE_Soft_Node_Plant_187:6_MessageText,<u>多多益善！</u>\n在本章节任务中，每回合开始时，双方英雄都能额外抽一张牌。
,
,
,
Node_PVE_Soft_Node_Plant_187:Description,
,
,
,
Node_PVE_Soft_Node_Plant_187:Name,柔软植物187
,
,
,
Node_PVE_Soft_Node_Plant_188:6_MessageText,<u>多多益善！</u>\n在本章节任务中，每回合开始时，双方英雄都能额外抽一张牌。
,
,
,
Node_PVE_Soft_Node_Plant_188:7_MessageText,不死女妖想使什么诡计？她开场拥有一个墓碑、-5生命值和-1手牌。 
,
,
,
Node_PVE_Soft_Node_Plant_188:Description,
,
,
,
Node_PVE_Soft_Node_Plant_188:Name,柔软植物188
,
,
,
Node_PVE_Soft_Node_Plant_189:6_MessageText,<u>多多益善！</u>\n在本章节任务中，每回合开始时，双方英雄都能额外抽一张牌。
,
,
,
Node_PVE_Soft_Node_Plant_189:Description,
,
,
,
Node_PVE_Soft_Node_Plant_189:Name,柔软植物189
,
,
,
Node_PVE_Soft_Node_Plant_190:6_MessageText,"<u>多多益善！</u>

在本章节任务中，每回合开始时，双方英雄都能额外抽一张牌。"
,
,
,
Node_PVE_Soft_Node_Plant_190:7_MessageText,我不是巫师，但我有顶魔法锅做的巫师帽。它告诉我，不死女妖开场会有+2脑子，但-10生命值。 
,
,
,
Node_PVE_Soft_Node_Plant_190:8_MessageText,<u>多多益善！</u>\n在本章节任务中，每回合开始时，双方英雄都能额外抽一张牌。
,
,
,
Node_PVE_Soft_Node_Plant_190:9_MessageText,我不是巫师，但我有顶魔法锅做的巫师帽。它告诉我，不死女妖开场会有+2脑子，但-10生命值。
,
,
,
Node_PVE_Soft_Node_Plant_190:Description,
,
,
,
Node_PVE_Soft_Node_Plant_190:Name,柔软植物190
,
,
,
Node_PVE_Soft_Node_Plant_191:Description,
,
,
,
Node_PVE_Soft_Node_Plant_191:Name,柔软植物191
,
,
,
Node_PVE_Soft_Node_Plant_192:Description,
,
,
,
Node_PVE_Soft_Node_Plant_192:Name,柔软植物192
,
,
,
Node_PVE_Soft_Node_Plant_193:6_MessageText,锈铁侠想占领高地！他开局就有一只桌球大鳄尸和+5生命值。瞄准高处！
,
,
,
Node_PVE_Soft_Node_Plant_193:Description,
,
,
,
Node_PVE_Soft_Node_Plant_193:Name,柔软植物193
,
,
,
Node_PVE_Soft_Node_Plant_194:Description,
,
,
,
Node_PVE_Soft_Node_Plant_194:Name,柔软植物194
,
,
,
Node_PVE_Soft_Node_Plant_195:6_MessageText,不得了！锈铁侠开局就有2只掰腕僵尸，而你的英雄开局有四张超能力。 
,
,
,
Node_PVE_Soft_Node_Plant_195:7_MessageText,呃，但你已经无法超能格挡了。没错……太疯狂啦！ 
,
,
,
Node_PVE_Soft_Node_Plant_195:Description,
,
,
,
Node_PVE_Soft_Node_Plant_195:Name,柔软植物195
,
,
,
Node_PVE_Soft_Node_Plant_196:Description,
,
,
,
Node_PVE_Soft_Node_Plant_196:Name,柔软植物196
,
,
,
Node_PVE_Soft_Node_Plant_197:Description,
,
,
,
Node_PVE_Soft_Node_Plant_197:Name,柔软植物197
,
,
,
Node_PVE_Soft_Node_Plant_198:6_MessageText,僵点子教授觉得自己有主意了！他的牌组里全都是“灵光乍现”超能力。
,
,
,
Node_PVE_Soft_Node_Plant_198:Description,
,
,
,
Node_PVE_Soft_Node_Plant_198:Name,柔软植物198
,
,
,
Node_PVE_Soft_Node_Plant_199:Description,
,
,
,
Node_PVE_Soft_Node_Plant_199:Name,柔软植物199
,
,
,
Node_PVE_Soft_Node_Plant_200:6_MessageText, 僵点子教授想在这场战斗中给我们出个难题。他的牌组全是超能力“灵光乍现”，并且他拥有+10生命值。 
,
,
,
Node_PVE_Soft_Node_Plant_200:7_MessageText,还有，他开局就有+10生命值。我知道，这信息量有点大。
,
,
,
Node_PVE_Soft_Node_Plant_200:Description,
,
,
,
Node_PVE_Soft_Node_Plant_200:Name,柔软植物200
,
,
,
Node_PVE_Soft_Node_Zombie_001:5_MessageText,绿影侠不光喜欢冻结我们宝贵的僵尸，还爱用锦囊牌强化她的植物！向前进发，阻止那个讨厌的豌豆射手！
,
,
,
Node_PVE_Soft_Node_Zombie_001:7_MessageText,你好呀！我给你带来了一份重要情报：每位植物英雄都有各自的战斗风格！ 
,
,
,
Node_PVE_Soft_Node_Zombie_001:Description,
,
,
,
Node_PVE_Soft_Node_Zombie_001:Name,柔软僵尸001
,
,
,
Node_PVE_Soft_Node_Zombie_002:5_MessageText,他会一直防御，等待出击的时机。他喜欢持久战，所以我们就跟他速战速决！
,
,
,
Node_PVE_Soft_Node_Zombie_002:7_MessageText,最强大的土豆当属土豆仔，不过先让我来给你讲讲我的看法……
,
,
,
Node_PVE_Soft_Node_Zombie_002:Description,
,
,
,
Node_PVE_Soft_Node_Zombie_002:Name,柔软僵尸002
,
,
,
Node_PVE_Soft_Node_Zombie_003:Description,
,
,
,
Node_PVE_Soft_Node_Zombie_003:Name,柔软僵尸003
,
,
,
Node_PVE_Soft_Node_Zombie_004:5_MessageText,她喜欢种植又大又壮的植物斗士，发挥他们的穿透能力。让我们挫挫她的锐气！
,
,
,
Node_PVE_Soft_Node_Zombie_004:7_MessageText,如果放任不管，霸王大嘴花能把整个战场都给吃光！
,
,
,
Node_PVE_Soft_Node_Zombie_004:Description,
,
,
,
Node_PVE_Soft_Node_Zombie_004:Name,柔软僵尸004
,
,
,
Node_PVE_Soft_Node_Zombie_005:5_MessageText,啧啧，只许赢，不许抱怨！
,
,
,
Node_PVE_Soft_Node_Zombie_005:6_MessageText,热爱僵尸的同志，你好！这是场Boss战，也就是说绿影侠开场便有一株火炬树桩。 
,
,
,
Node_PVE_Soft_Node_Zombie_005:Description,
,
,
,
Node_PVE_Soft_Node_Zombie_005:Name,柔软僵尸005
,
,
,
Node_PVE_Soft_Node_Zombie_006:Description,
,
,
,
Node_PVE_Soft_Node_Zombie_006:Name,柔软僵尸006
,
,
,
Node_PVE_Soft_Node_Zombie_007:5_MessageText,香橼猎手最擅长堆砌坚果高墙，然后从后方发射重炮。找好掩护！
,
,
,
Node_PVE_Soft_Node_Zombie_007:7_MessageText,小心！这是颗来自未来的赏金猎人橘子，在战斗中喜欢攻守兼备。
,
,
,
Node_PVE_Soft_Node_Zombie_007:Description,
,
,
,
Node_PVE_Soft_Node_Zombie_007:Name,柔软僵尸007
,
,
,
Node_PVE_Soft_Node_Zombie_008:Description,
,
,
,
Node_PVE_Soft_Node_Zombie_008:Name,柔软僵尸008
,
,
,
Node_PVE_Soft_Node_Zombie_009:5_MessageText,小心别晒伤！积攒那么多太阳能以后，她就会疯狂生长……然后猛烈轰炸！
,
,
,
Node_PVE_Soft_Node_Zombie_009:7_MessageText,耀斑花闪亮登场！这株极其可爱的花朵喜欢沐浴在阳光之下。
,
,
,
Node_PVE_Soft_Node_Zombie_009:Description,
,
,
,
Node_PVE_Soft_Node_Zombie_009:Name,柔软僵尸009
,
,
,
Node_PVE_Soft_Node_Zombie_010:5_MessageText,听到滴答的声音了吗？看来土豆仔开局就有一株土豆地雷。不过，胜利仍然是属于我的！ 
,
,
,
Node_PVE_Soft_Node_Zombie_010:Description,
,
,
,
Node_PVE_Soft_Node_Zombie_010:Name,柔软僵尸010
,
,
,
Node_PVE_Soft_Node_Zombie_011:Description,
,
,
,
Node_PVE_Soft_Node_Zombie_011:Name,柔软僵尸011
,
,
,
Node_PVE_Soft_Node_Zombie_012:5_MessageText,准备对抗具备各种强化能力的强壮植物吧！
,
,
,
Node_PVE_Soft_Node_Zombie_012:7_MessageText,我的眼线告诉我，拳王菜一直在严格训练他的斗士。
,
,
,
Node_PVE_Soft_Node_Zombie_012:Description,
,
,
,
Node_PVE_Soft_Node_Zombie_012:Name,柔软僵尸012
,
,
,
Node_PVE_Soft_Node_Zombie_013:Description,
,
,
,
Node_PVE_Soft_Node_Zombie_013:Name,柔软僵尸013
,
,
,
Node_PVE_Soft_Node_Zombie_014:5_MessageText,她会通过冻结和弹射你的僵尸来保护她的队友……甚至还能把他们变成山羊。所以，祝咩好运！错了，我是说……祝你好运。
,
,
,
Node_PVE_Soft_Node_Zombie_014:7_MessageText,啊，是的，这株植物是每个僵尸的肉中刺！玫瑰非常擅长掌控大局。
,
,
,
Node_PVE_Soft_Node_Zombie_014:Description,
,
,
,
Node_PVE_Soft_Node_Zombie_014:Name,柔软僵尸014
,
,
,
Node_PVE_Soft_Node_Zombie_015:5_MessageText,霸王大嘴花开局就有+5生命值。公平吗？不公平。但你和你的僵尸英雄一定会取胜！不然的话……
,
,
,
Node_PVE_Soft_Node_Zombie_015:Description,
,
,
,
Node_PVE_Soft_Node_Zombie_015:Name,柔软僵尸015
,
,
,
Node_PVE_Soft_Node_Zombie_016:Description,
,
,
,
Node_PVE_Soft_Node_Zombie_016:Name,柔软僵尸016
,
,
,
Node_PVE_Soft_Node_Zombie_017:5_MessageText,他和他的火炬树桩伙计们对待这句口号可是非常地认真，甚至有点认真过头了。
,
,
,
Node_PVE_Soft_Node_Zombie_017:7_MessageText,看来你见过火爆队长了，他的口号是“一切为了豌豆射手！” 
,
,
,
Node_PVE_Soft_Node_Zombie_017:Description,
,
,
,
Node_PVE_Soft_Node_Zombie_017:Name,柔软僵尸017
,
,
,
Node_PVE_Soft_Node_Zombie_018:Description,
,
,
,
Node_PVE_Soft_Node_Zombie_018:Name,柔软僵尸018
,
,
,
Node_PVE_Soft_Node_Zombie_019:5_MessageText,他们聚集在一起时几乎牢不可破，对坚果骑士来说，战斗持续越久，他就变得越强……而你只会显得更弱。
,
,
,
Node_PVE_Soft_Node_Zombie_019:7_MessageText,听我说！坚果骑士向来身先士卒，带领他的坚果同伴们拼命战斗。 
,
,
,
Node_PVE_Soft_Node_Zombie_019:Description,
,
,
,
Node_PVE_Soft_Node_Zombie_019:Name,柔软僵尸019
,
,
,
Node_PVE_Soft_Node_Zombie_020:5_MessageText,香橼猎手开场就有+5生命值和一株坚果墙。炸飞那个酸死人的水果，没错，炸飞他！
,
,
,
Node_PVE_Soft_Node_Zombie_020:Description,
,
,
,
Node_PVE_Soft_Node_Zombie_020:Name,柔软僵尸020
,
,
,
Node_PVE_Soft_Node_Zombie_021:5_MessageText,让我来协助你！在本章节任务中，我会在每场战斗开始的时候给你一只“猫夫人”。 
,
,
,
Node_PVE_Soft_Node_Zombie_021:6_MessageText,想要充分利用你的猫咪伙伴，记得使用带大量宠物的牌组，从而打出强力的组合！
,
,
,
Node_PVE_Soft_Node_Zombie_021:Description,
,
,
,
Node_PVE_Soft_Node_Zombie_021:Name,柔软僵尸021
,
,
,
Node_PVE_Soft_Node_Zombie_022:5_MessageText,他的攻击又快又狠，最喜欢派出大量凶恶的蘑菇。
,
,
,
Node_PVE_Soft_Node_Zombie_022:7_MessageText,小心！暗夜菇想要速战速决。
,
,
,
Node_PVE_Soft_Node_Zombie_022:Description,
,
,
,
Node_PVE_Soft_Node_Zombie_022:Name,柔软僵尸022
,
,
,
Node_PVE_Soft_Node_Zombie_023:Description,
,
,
,
Node_PVE_Soft_Node_Zombie_023:Name,柔软僵尸023
,
,
,
Node_PVE_Soft_Node_Zombie_024:Description,
,
,
,
Node_PVE_Soft_Node_Zombie_024:Name,柔软僵尸024
,
,
,
Node_PVE_Soft_Node_Zombie_025:5_MessageText,耀斑花开场有+5生命值和一株向日葵。没有什么是一点防晒霜（和僵尸）解决不了的。 
,
,
,
Node_PVE_Soft_Node_Zombie_025:Description,
,
,
,
Node_PVE_Soft_Node_Zombie_025:Name,柔软僵尸025
,
,
,
Node_PVE_Soft_Node_Zombie_026:Description,
,
,
,
Node_PVE_Soft_Node_Zombie_026:Name,柔软僵尸026
,
,
,
Node_PVE_Soft_Node_Zombie_027:Description,
,
,
,
Node_PVE_Soft_Node_Zombie_027:Name,柔软僵尸027
,
,
,
Node_PVE_Soft_Node_Zombie_028:Description,
,
,
,
Node_PVE_Soft_Node_Zombie_028:Name,柔软僵尸028
,
,
,
Node_PVE_Soft_Node_Zombie_029:Description,
,
,
,
Node_PVE_Soft_Node_Zombie_029:Name,柔软僵尸029
,
,
,
Node_PVE_Soft_Node_Zombie_030:5_MessageText,拳王菜开局就有 +2 生命值，你的僵尸英雄则拥有 -2 生命值。我要你斩草除根！
,
,
,
Node_PVE_Soft_Node_Zombie_030:Description,
,
,
,
Node_PVE_Soft_Node_Zombie_030:Name,柔软僵尸030
,
,
,
Node_PVE_Soft_Node_Zombie_031:Description,
,
,
,
Node_PVE_Soft_Node_Zombie_031:Name,柔软僵尸031
,
,
,
Node_PVE_Soft_Node_Zombie_032:Description,
,
,
,
Node_PVE_Soft_Node_Zombie_032:Name,柔软僵尸032
,
,
,
Node_PVE_Soft_Node_Zombie_033:Description,
,
,
,
Node_PVE_Soft_Node_Zombie_033:Name,柔软僵尸033
,
,
,
Node_PVE_Soft_Node_Zombie_034:Description,
,
,
,
Node_PVE_Soft_Node_Zombie_034:Name,柔软僵尸034
,
,
,
Node_PVE_Soft_Node_Zombie_035:5_MessageText,你的敌人呼叫增援了！玫瑰开局拥有+2手牌。用你的脑子……或者随便什么人的脑子……打败她！
,
,
,
Node_PVE_Soft_Node_Zombie_035:Description,
,
,
,
Node_PVE_Soft_Node_Zombie_035:Name,柔软僵尸035
,
,
,
Node_PVE_Soft_Node_Zombie_036:Description,
,
,
,
Node_PVE_Soft_Node_Zombie_036:Name,柔软僵尸036
,
,
,
Node_PVE_Soft_Node_Zombie_037:Description,
,
,
,
Node_PVE_Soft_Node_Zombie_037:Name,柔软僵尸037
,
,
,
Node_PVE_Soft_Node_Zombie_038:Description,
,
,
,
Node_PVE_Soft_Node_Zombie_038:Name,柔软僵尸038
,
,
,
Node_PVE_Soft_Node_Zombie_039:Description,
,
,
,
Node_PVE_Soft_Node_Zombie_039:Name,柔软僵尸039
,
,
,
Node_PVE_Soft_Node_Zombie_040:5_MessageText,可恶！我们的草本敌人找来了特大号的火爆队长！他开局就有+10生命值，而咱们的英雄只有+5生命值。  
,
,
,
Node_PVE_Soft_Node_Zombie_040:Description,
,
,
,
Node_PVE_Soft_Node_Zombie_040:Name,柔软僵尸040
,
,
,
Node_PVE_Soft_Node_Zombie_041:Description,
,
,
,
Node_PVE_Soft_Node_Zombie_041:Name,柔软僵尸041
,
,
,
Node_PVE_Soft_Node_Zombie_042:Description,
,
,
,
Node_PVE_Soft_Node_Zombie_042:Name,柔软僵尸042
,
,
,
Node_PVE_Soft_Node_Zombie_043:Description,
,
,
,
Node_PVE_Soft_Node_Zombie_043:Name,柔软僵尸043
,
,
,
Node_PVE_Soft_Node_Zombie_044:Description,
,
,
,
Node_PVE_Soft_Node_Zombie_044:Name,柔软僵尸044
,
,
,
Node_PVE_Soft_Node_Zombie_045:5_MessageText,坚果骑士开局拥有+10生命值和-3手牌。这让我很不开心，我要去踹些可爱的小东西出出气。
,
,
,
Node_PVE_Soft_Node_Zombie_045:Description,
,
,
,
Node_PVE_Soft_Node_Zombie_045:Name,柔软僵尸045
,
,
,
Node_PVE_Soft_Node_Zombie_046:Description,
,
,
,
Node_PVE_Soft_Node_Zombie_046:Name,柔软僵尸046
,
,
,
Node_PVE_Soft_Node_Zombie_047:Description,
,
,
,
Node_PVE_Soft_Node_Zombie_047:Name,柔软僵尸047
,
,
,
Node_PVE_Soft_Node_Zombie_048:Description,
,
,
,
Node_PVE_Soft_Node_Zombie_048:Name,柔软僵尸048
,
,
,
Node_PVE_Soft_Node_Zombie_050:5_MessageText,暗夜菇和你的僵尸英雄开局都-5生命值。啊！“差评”的按钮在哪？
,
,
,
Node_PVE_Soft_Node_Zombie_050:Description,
,
,
,
Node_PVE_Soft_Node_Zombie_050:Name,柔软僵尸050
,
,
,
Node_PVE_Soft_Node_Zombie_051:5_MessageText,虽然我的英雄机器人出了问题，但是祸福相依啊！这爆炸带来了非常神奇的残留效应。看看这个，破涕为笑吧！
,
,
,
Node_PVE_Soft_Node_Zombie_051:6_MessageText,<u>大显身手！</u>\n在本章节任务中，场上所有僵尸和植物队友都会在每回合开始时获得+1/+1。
,
,
,
Node_PVE_Soft_Node_Zombie_051:Description,
,
,
,
Node_PVE_Soft_Node_Zombie_051:Name,柔软僵尸051
,
,
,
Node_PVE_Soft_Node_Zombie_052:6_MessageText,<u>大显身手！</u>\n在本章节任务中，场上所有僵尸和植物队友都会在每回合开始时获得+1/+1。
,
,
,
Node_PVE_Soft_Node_Zombie_052:Description,
,
,
,
Node_PVE_Soft_Node_Zombie_052:Name,柔软僵尸052
,
,
,
Node_PVE_Soft_Node_Zombie_053:6_MessageText,<u>大显身手！</u>\n在本章节任务中，场上所有僵尸和植物队友都会在每回合开始时获得+1/+1。
,
,
,
Node_PVE_Soft_Node_Zombie_053:Description,
,
,
,
Node_PVE_Soft_Node_Zombie_053:Name,柔软僵尸053
,
,
,
Node_PVE_Soft_Node_Zombie_054:6_MessageText,<u>大显身手！</u>\n在本章节任务中，场上所有僵尸和植物队友都会在每回合开始时获得+1/+1。
,
,
,
Node_PVE_Soft_Node_Zombie_054:Description,
,
,
,
Node_PVE_Soft_Node_Zombie_054:Name,柔软僵尸054
,
,
,
Node_PVE_Soft_Node_Zombie_055:5_MessageText,火爆队长开局拥有+15生命值，你的英雄也拥有+10生命值。灭了那棵树！
,
,
,
Node_PVE_Soft_Node_Zombie_055:6_MessageText,<u>大显身手！</u>\n在本章节任务中，场上所有僵尸和植物队友都会在每回合开始时获得+1/+1。
,
,
,
Node_PVE_Soft_Node_Zombie_055:Description,
,
,
,
Node_PVE_Soft_Node_Zombie_055:Name,柔软僵尸055
,
,
,
Node_PVE_Soft_Node_Zombie_056:Description,
,
,
,
Node_PVE_Soft_Node_Zombie_056:Name,柔软僵尸056
,
,
,
Node_PVE_Soft_Node_Zombie_057:Description,
,
,
,
Node_PVE_Soft_Node_Zombie_057:Name,柔软僵尸057
,
,
,
Node_PVE_Soft_Node_Zombie_058:Description,
,
,
,
Node_PVE_Soft_Node_Zombie_058:Name,柔软僵尸058
,
,
,
Node_PVE_Soft_Node_Zombie_059:Description,
,
,
,
Node_PVE_Soft_Node_Zombie_059:Name,柔软僵尸059
,
,
,
Node_PVE_Soft_Node_Zombie_060:5_MessageText,坚果骑士虽然开局就有+20生命值，但他同时也-4手牌，是时候把他砸个粉碎了！
,
,
,
Node_PVE_Soft_Node_Zombie_060:Description,
,
,
,
Node_PVE_Soft_Node_Zombie_060:Name,柔软僵尸060
,
,
,
Node_PVE_Soft_Node_Zombie_061:5_MessageText,<u>事半功倍！</u>\n在本章节任务中，每回合结束时，手牌的花费都会-1。
,
,
,
Node_PVE_Soft_Node_Zombie_061:Description,
,
,
,
Node_PVE_Soft_Node_Zombie_061:Name,柔软僵尸061
,
,
,
Node_PVE_Soft_Node_Zombie_062:5_MessageText,<u>事半功倍！</u>\n在本章节任务中，每回合结束时，手牌的花费都会-1。
,
,
,
Node_PVE_Soft_Node_Zombie_062:Description,
,
,
,
Node_PVE_Soft_Node_Zombie_062:Name,柔软僵尸062
,
,
,
Node_PVE_Soft_Node_Zombie_063:5_MessageText,<u>事半功倍！</u>\n在本章节任务中，每回合结束时，手牌的花费都会-1。
,
,
,
Node_PVE_Soft_Node_Zombie_063:Description,
,
,
,
Node_PVE_Soft_Node_Zombie_063:Name,柔软僵尸063
,
,
,
Node_PVE_Soft_Node_Zombie_064:5_MessageText,<u>事半功倍！</u>\n在本章节任务中，每回合结束时，手牌的花费都会-1。
,
,
,
Node_PVE_Soft_Node_Zombie_064:Description,
,
,
,
Node_PVE_Soft_Node_Zombie_064:Name,柔软僵尸064
,
,
,
Node_PVE_Soft_Node_Zombie_065:5_MessageText,<u>事半功倍！</u>\n在本章节任务中，每回合结束时，手牌的花费都会-1。 
,
,
,
Node_PVE_Soft_Node_Zombie_065:6_MessageText,可恶的菌类出现了！暗夜菇每回合开始时都会获得一株小喷菇。 
,
,
,
Node_PVE_Soft_Node_Zombie_065:Description,
,
,
,
Node_PVE_Soft_Node_Zombie_065:Name,柔软僵尸065
,
,
,
Node_PVE_Soft_Node_Zombie_066:Description,
,
,
,
Node_PVE_Soft_Node_Zombie_066:Name,柔软僵尸066
,
,
,
Node_PVE_Soft_Node_Zombie_067:Description,
,
,
,
Node_PVE_Soft_Node_Zombie_067:Name,柔软僵尸067
,
,
,
Node_PVE_Soft_Node_Zombie_068:Description,
,
,
,
Node_PVE_Soft_Node_Zombie_068:Name,柔软僵尸068
,
,
,
Node_PVE_Soft_Node_Zombie_069:Description,
,
,
,
Node_PVE_Soft_Node_Zombie_069:Name,柔软僵尸069
,
,
,
Node_PVE_Soft_Node_Zombie_070:5_MessageText,拳王菜开局拥有+4生命值，你的英雄则-4生命值。这肯定是疯子大卫捣的鬼……他的名字是叫这个吧？
,
,
,
Node_PVE_Soft_Node_Zombie_070:Description,
,
,
,
Node_PVE_Soft_Node_Zombie_070:Name,柔软僵尸070
,
,
,
Node_PVE_Soft_Node_Zombie_071:5_MessageText,加快脚步！在本章的全部5个关卡中，双方英雄都会在回合开始时额外抽一张牌。
,
,
,
Node_PVE_Soft_Node_Zombie_071:Description,
,
,
,
Node_PVE_Soft_Node_Zombie_071:Name,柔软僵尸071
,
,
,
Node_PVE_Soft_Node_Zombie_072:Description,
,
,
,
Node_PVE_Soft_Node_Zombie_072:Name,柔软僵尸072
,
,
,
Node_PVE_Soft_Node_Zombie_073:Description,
,
,
,
Node_PVE_Soft_Node_Zombie_073:Name,柔软僵尸073
,
,
,
Node_PVE_Soft_Node_Zombie_074:Description,
,
,
,
Node_PVE_Soft_Node_Zombie_074:Name,柔软僵尸074
,
,
,
Node_PVE_Soft_Node_Zombie_075:5_MessageText,天气预报说，玫瑰有100%几率拥有+2阳光和-2牌，而我们只会碰上倾盆“羊”雨，真是烦人！
,
,
,
Node_PVE_Soft_Node_Zombie_075:Description,
,
,
,
Node_PVE_Soft_Node_Zombie_075:Name,柔软僵尸075
,
,
,
Node_PVE_Soft_Node_Zombie_076:Description,
,
,
,
Node_PVE_Soft_Node_Zombie_076:Name,柔软僵尸076
,
,
,
Node_PVE_Soft_Node_Zombie_077:Description,
,
,
,
Node_PVE_Soft_Node_Zombie_077:Name,柔软僵尸077
,
,
,
Node_PVE_Soft_Node_Zombie_078:Description,
,
,
,
Node_PVE_Soft_Node_Zombie_078:Name,柔软僵尸078
,
,
,
Node_PVE_Soft_Node_Zombie_079:Description,
,
,
,
Node_PVE_Soft_Node_Zombie_079:Name,柔软僵尸079
,
,
,
Node_PVE_Soft_Node_Zombie_080:5_MessageText,你喜欢每顿饭里多点淀粉吗？我这么问，是因为在每条草地线上开始时，土豆仔将能得到一株土豆地雷。
,
,
,
Node_PVE_Soft_Node_Zombie_080:Description,
,
,
,
Node_PVE_Soft_Node_Zombie_080:Name,柔软僵尸080
,
,
,
Node_PVE_Soft_Node_Zombie_081:Description,
,
,
,
Node_PVE_Soft_Node_Zombie_081:Name,柔软僵尸081
,
,
,
Node_PVE_Soft_Node_Zombie_082:Description,
,
,
,
Node_PVE_Soft_Node_Zombie_082:Name,柔软僵尸082
,
,
,
Node_PVE_Soft_Node_Zombie_083:Description,
,
,
,
Node_PVE_Soft_Node_Zombie_083:Name,柔软僵尸083
,
,
,
Node_PVE_Soft_Node_Zombie_084:Description,
,
,
,
Node_PVE_Soft_Node_Zombie_084:Name,柔软僵尸084
,
,
,
Node_PVE_Soft_Node_Zombie_085:5_MessageText,霸王大嘴花开局拥有 +15 生命值和 -2 手牌。哦，我真是恨死植物了，尤其是会吃僵尸的那种。
,
,
,
Node_PVE_Soft_Node_Zombie_085:Description,
,
,
,
Node_PVE_Soft_Node_Zombie_085:Name,柔软僵尸085
,
,
,
Node_PVE_Soft_Node_Zombie_086:5_MessageText,<u>植物活啦！</u>\n在本章节任务中，植物在每回合开始时恢复1点生命值。
,
,
,
Node_PVE_Soft_Node_Zombie_086:Description,
,
,
,
Node_PVE_Soft_Node_Zombie_086:Name,柔软僵尸086
,
,
,
Node_PVE_Soft_Node_Zombie_087:5_MessageText,<u>植物活啦！</u>\n在本章节任务中，植物在每回合开始时恢复1点生命值。
,
,
,
Node_PVE_Soft_Node_Zombie_087:Description,
,
,
,
Node_PVE_Soft_Node_Zombie_087:Name,柔软僵尸087
,
,
,
Node_PVE_Soft_Node_Zombie_088:5_MessageText,<u>植物活啦！</u>\n在本章节任务中，植物在每回合开始时恢复1点生命值。
,
,
,
Node_PVE_Soft_Node_Zombie_088:Description,
,
,
,
Node_PVE_Soft_Node_Zombie_088:Name,柔软僵尸088
,
,
,
Node_PVE_Soft_Node_Zombie_089:5_MessageText,<u>植物活啦！</u>\n在本章节任务中，植物在每回合开始时恢复1点生命值。
,
,
,
Node_PVE_Soft_Node_Zombie_089:Description,
,
,
,
Node_PVE_Soft_Node_Zombie_089:Name,柔软僵尸089
,
,
,
Node_PVE_Soft_Node_Zombie_090:5_MessageText,<u>植物活啦！</u>\n在本章节任务中，植物在每回合开始时恢复1点生命值。
,
,
,
Node_PVE_Soft_Node_Zombie_090:6_MessageText,香橼猎手开场就有3株坚果墙。要我说，是时候把墙推倒了！木哈哈哈哈！哈！再来一个……哈！
,
,
,
Node_PVE_Soft_Node_Zombie_090:Description,
,
,
,
Node_PVE_Soft_Node_Zombie_090:Name,柔软僵尸090
,
,
,
Node_PVE_Soft_Node_Zombie_091:Description,
,
,
,
Node_PVE_Soft_Node_Zombie_091:Name,柔软僵尸091
,
,
,
Node_PVE_Soft_Node_Zombie_092:Description,
,
,
,
Node_PVE_Soft_Node_Zombie_092:Name,柔软僵尸092
,
,
,
Node_PVE_Soft_Node_Zombie_093:Description,
,
,
,
Node_PVE_Soft_Node_Zombie_093:Name,柔软僵尸093
,
,
,
Node_PVE_Soft_Node_Zombie_094:Description,
,
,
,
Node_PVE_Soft_Node_Zombie_094:Name,柔软僵尸094
,
,
,
Node_PVE_Soft_Node_Zombie_095:5_MessageText,耀斑花开局就有+10生命值和+1牌。听我号令……别管有多烫！
,
,
,
Node_PVE_Soft_Node_Zombie_095:Description,
,
,
,
Node_PVE_Soft_Node_Zombie_095:Name,柔软僵尸095
,
,
,
Node_PVE_Soft_Node_Zombie_096:5_MessageText,<u>咱们植物有力量！</u>\n在本章节任务中，在回合结束前，植物在被打出时获得+1/+1。
,
,
,
Node_PVE_Soft_Node_Zombie_096:Description,
,
,
,
Node_PVE_Soft_Node_Zombie_096:Name,柔软僵尸096
,
,
,
Node_PVE_Soft_Node_Zombie_097:5_MessageText,<u>咱们植物有力量！</u>\n在本章节任务中，在回合结束前，植物在被打出时获得+1/+1。
,
,
,
Node_PVE_Soft_Node_Zombie_097:Description,
,
,
,
Node_PVE_Soft_Node_Zombie_097:Name,柔软僵尸097
,
,
,
Node_PVE_Soft_Node_Zombie_098:5_MessageText,<u>咱们植物有力量！</u>\n在本章节任务中，在回合结束前，植物在被打出时获得+1/+1。
,
,
,
Node_PVE_Soft_Node_Zombie_098:Description,
,
,
,
Node_PVE_Soft_Node_Zombie_098:Name,柔软僵尸098
,
,
,
Node_PVE_Soft_Node_Zombie_099:5_MessageText,<u>咱们植物有力量！</u>\n在本章节任务中，在回合结束前，植物在被打出时获得+1/+1。
,
,
,
Node_PVE_Soft_Node_Zombie_099:Description,
,
,
,
Node_PVE_Soft_Node_Zombie_099:Name,柔软僵尸099
,
,
,
Node_PVE_Soft_Node_Zombie_100:5_MessageText,<u>咱们植物有力量！</u>\n在本章节任务中，在回合结束前，植物在被打出时获得+1/+1。
,
,
,
Node_PVE_Soft_Node_Zombie_100:6_MessageText,绿影侠带着新的锦囊回来了。她开场就有+2手牌。
,
,
,
Node_PVE_Soft_Node_Zombie_100:Description,
,
,
,
Node_PVE_Soft_Node_Zombie_100:Name,柔软僵尸100
,
,
,
Node_PVE_Soft_Node_Zombie_101:Description,
,
,
,
Node_PVE_Soft_Node_Zombie_101:Name,柔软僵尸101
,
,
,
Node_PVE_Soft_Node_Zombie_102:Description,
,
,
,
Node_PVE_Soft_Node_Zombie_102:Name,柔软僵尸102
,
,
,
Node_PVE_Soft_Node_Zombie_103:6_MessageText,用你最棒的僵尸，教训教训这个放肆的家伙！
,
,
,
Node_PVE_Soft_Node_Zombie_103:7_MessageText,你好！迷你Boss战正等着你呢。坚果骑士开场拥有一株坚果墙和一株捕蝇草。 
,
,
,
Node_PVE_Soft_Node_Zombie_103:Description,
,
,
,
Node_PVE_Soft_Node_Zombie_103:Name,柔软僵尸103
,
,
,
Node_PVE_Soft_Node_Zombie_104:Description,
,
,
,
Node_PVE_Soft_Node_Zombie_104:Name,柔软僵尸104
,
,
,
Node_PVE_Soft_Node_Zombie_105:6_MessageText,又是那个疯癫骑士！他有+10生命值和额外一张“坚不可摧”超能力。瘪怕他……错了……别怕他。
,
,
,
Node_PVE_Soft_Node_Zombie_105:Description,
,
,
,
Node_PVE_Soft_Node_Zombie_105:Name,柔软僵尸105
,
,
,
Node_PVE_Soft_Node_Zombie_106:Description,
,
,
,
Node_PVE_Soft_Node_Zombie_106:Name,柔软僵尸106
,
,
,
Node_PVE_Soft_Node_Zombie_107:Description,
,
,
,
Node_PVE_Soft_Node_Zombie_107:Name,柔软僵尸107
,
,
,
Node_PVE_Soft_Node_Zombie_108:6_MessageText,彬彬有礼地踩扁这片花圃吧！
,
,
,
Node_PVE_Soft_Node_Zombie_108:7_MessageText,耀斑花开场就有6株向日葵，你的僵尸英雄开场则有3只绅士僵尸。  
,
,
,
Node_PVE_Soft_Node_Zombie_108:Description,
,
,
,
Node_PVE_Soft_Node_Zombie_108:Name,柔软僵尸108
,
,
,
Node_PVE_Soft_Node_Zombie_109:Description,
,
,
,
Node_PVE_Soft_Node_Zombie_109:Name,柔软僵尸109
,
,
,
Node_PVE_Soft_Node_Zombie_110:6_MessageText,不用害怕耀斑花！是的，她开场就有+4阳光，但你开场也有+4脑子！太棒了！
,
,
,
Node_PVE_Soft_Node_Zombie_110:Description,
,
,
,
Node_PVE_Soft_Node_Zombie_110:Name,柔软僵尸110
,
,
,
Node_PVE_Soft_Node_Zombie_111:6_MessageText,<u>好痛！</u>\n在本章节任务中，场上所有队友都会在每回合开始时受到1点伤害。
,
,
,
Node_PVE_Soft_Node_Zombie_111:Description,
,
,
,
Node_PVE_Soft_Node_Zombie_111:Name,柔软僵尸111
,
,
,
Node_PVE_Soft_Node_Zombie_112:6_MessageText,<u>好痛！</u>\n在本章节任务中，场上所有队友都会在每回合开始时受到1点伤害。
,
,
,
Node_PVE_Soft_Node_Zombie_112:Description,
,
,
,
Node_PVE_Soft_Node_Zombie_112:Name,柔软僵尸112
,
,
,
Node_PVE_Soft_Node_Zombie_113:6_MessageText,<u>好痛！</u>\n在本章节任务中，场上所有队友都会在每回合开始时受到1点伤害。
,
,
,
Node_PVE_Soft_Node_Zombie_113:7_MessageText,暗夜菇开场拥有2株闪电芦苇，这太惊人了！也太气人了！……你还愣着干嘛？
,
,
,
Node_PVE_Soft_Node_Zombie_113:8_MessageText,暗夜菇开场拥有2株闪电芦苇，这太惊人了！也太气人了！……你还愣着干嘛？ 
,
,
,
Node_PVE_Soft_Node_Zombie_113:Description,
,
,
,
Node_PVE_Soft_Node_Zombie_113:Name,柔软僵尸113
,
,
,
Node_PVE_Soft_Node_Zombie_114:6_MessageText,<u>好痛！</u>\n在本章节任务中，场上所有队友都会在每回合开始时受到1点伤害。
,
,
,
Node_PVE_Soft_Node_Zombie_114:Description,
,
,
,
Node_PVE_Soft_Node_Zombie_114:Name,柔软僵尸114
,
,
,
Node_PVE_Soft_Node_Zombie_115:6_MessageText,<u>好痛！</u>\n在本章节任务中，场上所有队友都会在每回合开始时受到1点伤害。
,
,
,
Node_PVE_Soft_Node_Zombie_115:7_MessageText,晴天霹雳！暗夜菇开场拥有2株闪电芦苇，而且每当他打出一株植物时，那株植物还会+1/+1！快断了他的电！ 
,
,
,
Node_PVE_Soft_Node_Zombie_115:8_MessageText,晴天霹雳！暗夜菇开场拥有2株闪电芦苇，而且每当他打出一株植物时，那株植物还会+1/+1！快断了他的电！
,
,
,
Node_PVE_Soft_Node_Zombie_115:Description,
,
,
,
Node_PVE_Soft_Node_Zombie_115:Name,柔软僵尸115
,
,
,
Node_PVE_Soft_Node_Zombie_116:Description,
,
,
,
Node_PVE_Soft_Node_Zombie_116:Name,柔软僵尸116
,
,
,
Node_PVE_Soft_Node_Zombie_117:Description,
,
,
,
Node_PVE_Soft_Node_Zombie_117:Name,柔软僵尸117
,
,
,
Node_PVE_Soft_Node_Zombie_118:6_MessageText,真有意思！霸王大嘴花开局有一株肌肉甘蓝，但也-2手牌。你永远猜不到迷你Boss战会带来什么！ 
,
,
,
Node_PVE_Soft_Node_Zombie_118:Description,
,
,
,
Node_PVE_Soft_Node_Zombie_118:Name,柔软僵尸118
,
,
,
Node_PVE_Soft_Node_Zombie_119:Description,
,
,
,
Node_PVE_Soft_Node_Zombie_119:Name,柔软僵尸119
,
,
,
Node_PVE_Soft_Node_Zombie_120:6_MessageText,倒霉！霸王大嘴花开局就有一株金属向日葵和+10生命值。还好我派了一只毒物小鬼来帮你的忙！
,
,
,
Node_PVE_Soft_Node_Zombie_120:Description,
,
,
,
Node_PVE_Soft_Node_Zombie_120:Name,柔软僵尸120
,
,
,
Node_PVE_Soft_Node_Zombie_121:6_MessageText,<u>僵尸猎手！</u>\n在本章节任务中，每当一只僵尸被消灭，随机一株植物会获得+1生命值。
,
,
,
Node_PVE_Soft_Node_Zombie_121:Description,
,
,
,
Node_PVE_Soft_Node_Zombie_121:Name,柔软僵尸121
,
,
,
Node_PVE_Soft_Node_Zombie_122:6_MessageText,<u>僵尸猎手！</u>\n在本章节任务中，每当一只僵尸被消灭，随机一株植物会获得+1生命值。
,
,
,
Node_PVE_Soft_Node_Zombie_122:Description,
,
,
,
Node_PVE_Soft_Node_Zombie_122:Name,柔软僵尸122
,
,
,
Node_PVE_Soft_Node_Zombie_123:6_MessageText,那个可恶的火爆队长开场就有一株草菇。很快到处都会是讨厌的菌粉了！ 
,
,
,
Node_PVE_Soft_Node_Zombie_123:7_MessageText,<u>僵尸猎手！</u>\n在本章节任务中，每当一只僵尸被消灭，随机一株植物会获得+1生命值。 
,
,
,
Node_PVE_Soft_Node_Zombie_123:Description,
,
,
,
Node_PVE_Soft_Node_Zombie_123:Name,柔软僵尸123
,
,
,
Node_PVE_Soft_Node_Zombie_124:6_MessageText,<u>僵尸猎手！</u>\n在本章节任务中，每当一只僵尸被消灭，随机一株植物会获得+1生命值。
,
,
,
Node_PVE_Soft_Node_Zombie_124:Description,
,
,
,
Node_PVE_Soft_Node_Zombie_124:Name,柔软僵尸124
,
,
,
Node_PVE_Soft_Node_Zombie_125:5_MessageText,可恶！火爆队长回来了，并且还有2株草菇和+10生命值。给那家伙灭灭火！
,
,
,
Node_PVE_Soft_Node_Zombie_125:6_MessageText,<u>僵尸猎手！</u>\n在本章节任务中，每当一只僵尸被消灭，随机一株植物会获得+1生命值。 
,
,
,
Node_PVE_Soft_Node_Zombie_125:Description,
,
,
,
Node_PVE_Soft_Node_Zombie_125:Name,柔软僵尸125
,
,
,
Node_PVE_Soft_Node_Zombie_126:Description,
,
,
,
Node_PVE_Soft_Node_Zombie_126:Name,柔软僵尸126
,
,
,
Node_PVE_Soft_Node_Zombie_127:Description,
,
,
,
Node_PVE_Soft_Node_Zombie_127:Name,柔软僵尸127
,
,
,
Node_PVE_Soft_Node_Zombie_128:6_MessageText,爆炸性新闻，我的喽啰……呃，我是说，我的朋友。土豆仔开场就有 2 株土豆地雷。走路时小心点！土豆仔
,
,
,
Node_PVE_Soft_Node_Zombie_128:Description,
,
,
,
Node_PVE_Soft_Node_Zombie_128:Name,柔软僵尸128
,
,
,
Node_PVE_Soft_Node_Zombie_129:Description,
,
,
,
Node_PVE_Soft_Node_Zombie_129:Name,柔软僵尸129
,
,
,
Node_PVE_Soft_Node_Zombie_130:6_MessageText,呸！那个爱爆炸的土豆带着朋友回来了。土豆仔开场拥有一株土豆地雷和一株刺梨。
,
,
,
Node_PVE_Soft_Node_Zombie_130:Description,
,
,
,
Node_PVE_Soft_Node_Zombie_130:Name,柔软僵尸130
,
,
,
Node_PVE_Soft_Node_Zombie_131:Description,
,
,
,
Node_PVE_Soft_Node_Zombie_131:Name,柔软僵尸131
,
,
,
Node_PVE_Soft_Node_Zombie_132:Description,
,
,
,
Node_PVE_Soft_Node_Zombie_132:Name,柔软僵尸132
,
,
,
Node_PVE_Soft_Node_Zombie_133:6_MessageText,拳王菜开局就有2株叮刺豆。让他瞧瞧谁才是老大：那就是我僵王博士！
,
,
,
Node_PVE_Soft_Node_Zombie_133:Description,
,
,
,
Node_PVE_Soft_Node_Zombie_133:Name,柔软僵尸133
,
,
,
Node_PVE_Soft_Node_Zombie_134:Description,
,
,
,
Node_PVE_Soft_Node_Zombie_134:Name,柔软僵尸134
,
,
,
Node_PVE_Soft_Node_Zombie_135:6_MessageText,拳王菜看来要开始打靶练习了……而我们的僵尸英雄就成了靶子！他开局就有2株仙人掌。
,
,
,
Node_PVE_Soft_Node_Zombie_135:Description,
,
,
,
Node_PVE_Soft_Node_Zombie_135:Name,柔软僵尸135
,
,
,
Node_PVE_Soft_Node_Zombie_136:Description,
,
,
,
Node_PVE_Soft_Node_Zombie_136:Name,柔软僵尸136
,
,
,
Node_PVE_Soft_Node_Zombie_137:Description,
,
,
,
Node_PVE_Soft_Node_Zombie_137:Name,柔软僵尸137
,
,
,
Node_PVE_Soft_Node_Zombie_138:6_MessageText,香橼猎手带着一株会计豆回来了。这我可不喜欢。 
,
,
,
Node_PVE_Soft_Node_Zombie_138:Description,
,
,
,
Node_PVE_Soft_Node_Zombie_138:Name,柔软僵尸138
,
,
,
Node_PVE_Soft_Node_Zombie_139:Description,
,
,
,
Node_PVE_Soft_Node_Zombie_139:Name,柔软僵尸139
,
,
,
Node_PVE_Soft_Node_Zombie_140:6_MessageText,击败香橼猎手！他带来了海军上将豆和一株会计豆，我还看见他有-2手牌！ 
,
,
,
Node_PVE_Soft_Node_Zombie_140:Description,
,
,
,
Node_PVE_Soft_Node_Zombie_140:Name,柔软僵尸140
,
,
,
Node_PVE_Soft_Node_Zombie_141:6_MessageText,<u>甜蜜复仇！</u>\n在本章节任务中，每当一只僵尸被消灭，随机一只僵尸会获得+2/+2。
,
,
,
Node_PVE_Soft_Node_Zombie_141:Description,
,
,
,
Node_PVE_Soft_Node_Zombie_141:Name,柔软僵尸141
,
,
,
Node_PVE_Soft_Node_Zombie_142:6_MessageText,<u>甜蜜复仇！</u>\n在本章节任务中，每当一只僵尸被消灭，随机一只僵尸会获得+2/+2。
,
,
,
Node_PVE_Soft_Node_Zombie_142:Description,
,
,
,
Node_PVE_Soft_Node_Zombie_142:Name,柔软僵尸142
,
,
,
Node_PVE_Soft_Node_Zombie_143:6_MessageText,<u>甜蜜复仇！</u>\n在本章节任务中，每当一只僵尸被消灭，随机一只僵尸会获得+2/+2。
,
,
,
Node_PVE_Soft_Node_Zombie_143:7_MessageText,是绿影侠，她还种出了2株甜土豆。但我更喜欢叫它们酸土豆。 
,
,
,
Node_PVE_Soft_Node_Zombie_143:Description,
,
,
,
Node_PVE_Soft_Node_Zombie_143:Name,柔软僵尸143
,
,
,
Node_PVE_Soft_Node_Zombie_144:6_MessageText,<u>甜蜜复仇！</u>\n在本章节任务中，每当一只僵尸被消灭，随机一只僵尸会获得+2/+2。
,
,
,
Node_PVE_Soft_Node_Zombie_144:Description,
,
,
,
Node_PVE_Soft_Node_Zombie_144:Name,柔软僵尸144
,
,
,
Node_PVE_Soft_Node_Zombie_145:6_MessageText,<u>甜蜜复仇！</u>\n在本章节任务中，每当一只僵尸被消灭，随机一只僵尸会获得+2/+2。
,
,
,
Node_PVE_Soft_Node_Zombie_145:7_MessageText,绿影侠开场拥有一株甜土豆和一株双倍薄荷。而我会给你一只僵尸雪人！ 
,
,
,
Node_PVE_Soft_Node_Zombie_145:Description,
,
,
,
Node_PVE_Soft_Node_Zombie_145:Name,柔软僵尸145
,
,
,
Node_PVE_Soft_Node_Zombie_146:Description,
,
,
,
Node_PVE_Soft_Node_Zombie_146:Name,柔软僵尸146
,
,
,
Node_PVE_Soft_Node_Zombie_147:Description,
,
,
,
Node_PVE_Soft_Node_Zombie_147:Name,柔软僵尸147
,
,
,
Node_PVE_Soft_Node_Zombie_148:6_MessageText,闻起来像是玫瑰和大喷菇。玫瑰开局还有+5生命值。这是对我嗅觉和视觉的双重侮辱！ 
,
,
,
Node_PVE_Soft_Node_Zombie_148:Description,
,
,
,
Node_PVE_Soft_Node_Zombie_148:Name,柔软僵尸148
,
,
,
Node_PVE_Soft_Node_Zombie_149:Description,
,
,
,
Node_PVE_Soft_Node_Zombie_149:Name,柔软僵尸149
,
,
,
Node_PVE_Soft_Node_Zombie_150:6_MessageText,你开局有2只投小鬼的巨尸。拔掉那朵花！
,
,
,
Node_PVE_Soft_Node_Zombie_150:7_MessageText,玫瑰开场就有2株大喷菇、2株炮弹芹和+10生命值！
,
,
,
Node_PVE_Soft_Node_Zombie_150:Description,
,
,
,
Node_PVE_Soft_Node_Zombie_150:Name,柔软僵尸150
,
,
,
Node_PVE_Soft_Node_Zombie_151:Description,
,
,
,
Node_PVE_Soft_Node_Zombie_151:Name,柔软僵尸151
,
,
,
Node_PVE_Soft_Node_Zombie_152:Description,
,
,
,
Node_PVE_Soft_Node_Zombie_152:Name,柔软僵尸152
,
,
,
Node_PVE_Soft_Node_Zombie_153:6_MessageText,绿影侠带着4株甜土豆回来了，这真是太棒啦！我说的是反话，还不快去拦下她！ 
,
,
,
Node_PVE_Soft_Node_Zombie_153:Description,
,
,
,
Node_PVE_Soft_Node_Zombie_153:Name,柔软僵尸153
,
,
,
Node_PVE_Soft_Node_Zombie_154:Description,
,
,
,
Node_PVE_Soft_Node_Zombie_154:Name,柔软僵尸154
,
,
,
Node_PVE_Soft_Node_Zombie_155:6_MessageText,你的英雄开局拥有2只僵尸雪人和+2脑子。这样总让人觉得数字2有什么深意。
,
,
,
Node_PVE_Soft_Node_Zombie_155:7_MessageText,绿影侠开场拥有2株甜土豆和2株双倍薄荷。 
,
,
,
Node_PVE_Soft_Node_Zombie_155:8_MessageText,你的英雄开局拥有2只僵尸雪人和+2脑子。这样总让人觉得数字2有什么深意。 
,
,
,
Node_PVE_Soft_Node_Zombie_155:Description,
,
,
,
Node_PVE_Soft_Node_Zombie_155:Name,柔软僵尸155
,
,
,
Node_PVE_Soft_Node_Zombie_156:6_MessageText,<u>坏消息，好消息！</u>\n在本章节任务中，植物英雄抽+1张牌，但在每回合开始时，他们会受到2点伤害。
,
,
,
Node_PVE_Soft_Node_Zombie_156:Description,
,
,
,
Node_PVE_Soft_Node_Zombie_156:Name,柔软僵尸156
,
,
,
Node_PVE_Soft_Node_Zombie_157:6_MessageText,<u>坏消息，好消息！</u>\n在本章节任务中，植物英雄抽+1张牌，但在每回合开始时，他们会受到2点伤害。
,
,
,
Node_PVE_Soft_Node_Zombie_157:Description,
,
,
,
Node_PVE_Soft_Node_Zombie_157:Name,柔软僵尸157
,
,
,
Node_PVE_Soft_Node_Zombie_158:6_MessageText,<u>坏消息，好消息！</u>\n在本章节任务中，植物英雄抽+1张牌，但在每回合开始时，他们会受到2点伤害。
,
,
,
Node_PVE_Soft_Node_Zombie_158:7_MessageText,坚果骑士开局拥有2株捕蝇草。僵尸喜欢苍蝇，可不喜欢陷阱。
,
,
,
Node_PVE_Soft_Node_Zombie_158:Description,
,
,
,
Node_PVE_Soft_Node_Zombie_158:Name,柔软僵尸158
,
,
,
Node_PVE_Soft_Node_Zombie_159:6_MessageText,<u>坏消息，好消息！</u>\n在本章节任务中，植物英雄抽+1张牌，但在每回合开始时，他们会受到2点伤害。
,
,
,
Node_PVE_Soft_Node_Zombie_159:Description,
,
,
,
Node_PVE_Soft_Node_Zombie_159:Name,柔软僵尸159
,
,
,
Node_PVE_Soft_Node_Zombie_160:10_MessageText,植物展开防御了！坚果骑士开场拥有+10生命值，而且它的所有超能力都是“坚不可摧”。呸！没有什么坚果是砸不破的！ 
,
,
,
Node_PVE_Soft_Node_Zombie_160:11_MessageText,坚果骑士的牌组里带了不少“坚不可摧”超能力，并且开场还有+10生命值。真是不健康竞争，但是别怕！ 
,
,
,
Node_PVE_Soft_Node_Zombie_160:6_MessageText,<u>坏消息，好消息！</u>\n在本章节任务中，植物英雄抽+1张牌，但在每回合开始时，他们会受到2点伤害。
,
,
,
Node_PVE_Soft_Node_Zombie_160:Description,
,
,
,
Node_PVE_Soft_Node_Zombie_160:Name,柔软僵尸160
,
,
,
Node_PVE_Soft_Node_Zombie_161:Description,
,
,
,
Node_PVE_Soft_Node_Zombie_161:Name,柔软僵尸161
,
,
,
Node_PVE_Soft_Node_Zombie_162:Description,
,
,
,
Node_PVE_Soft_Node_Zombie_162:Name,柔软僵尸162
,
,
,
Node_PVE_Soft_Node_Zombie_163:6_MessageText,土豆仔开局拥有2株土豆地雷，那咱们总共就要对付三个土豆，太多了。
,
,
,
Node_PVE_Soft_Node_Zombie_163:Description,
,
,
,
Node_PVE_Soft_Node_Zombie_163:Name,柔软僵尸163
,
,
,
Node_PVE_Soft_Node_Zombie_164:Description,
,
,
,
Node_PVE_Soft_Node_Zombie_164:Name,柔软僵尸164
,
,
,
Node_PVE_Soft_Node_Zombie_165:6_MessageText,警告你，前方可是雷区。土豆仔开场就有5株土豆地雷。五个！尽量别被炸飞啊！
,
,
,
Node_PVE_Soft_Node_Zombie_165:Description,
,
,
,
Node_PVE_Soft_Node_Zombie_165:Name,柔软僵尸165
,
,
,
Node_PVE_Soft_Node_Zombie_166:Description,
,
,
,
Node_PVE_Soft_Node_Zombie_166:Name,柔软僵尸166
,
,
,
Node_PVE_Soft_Node_Zombie_167:Description,
,
,
,
Node_PVE_Soft_Node_Zombie_167:Name,柔软僵尸167
,
,
,
Node_PVE_Soft_Node_Zombie_168:6_MessageText,暗夜菇开局拥有2株闪电芦苇和一株骁龙草。他晚上还抱着泰迪熊睡觉呢！快告诉大家！
,
,
,
Node_PVE_Soft_Node_Zombie_168:Description,
,
,
,
Node_PVE_Soft_Node_Zombie_168:Name,柔软僵尸168
,
,
,
Node_PVE_Soft_Node_Zombie_169:Description,
,
,
,
Node_PVE_Soft_Node_Zombie_169:Name,柔软僵尸169
,
,
,
Node_PVE_Soft_Node_Zombie_170:6_MessageText,糟糕！暗夜菇每个回合都会在高地上和水里各获得一株闪电芦苇。干掉这株蘑菇！ 
,
,
,
Node_PVE_Soft_Node_Zombie_170:Description,
,
,
,
Node_PVE_Soft_Node_Zombie_170:Name,柔软僵尸170
,
,
,
Node_PVE_Soft_Node_Zombie_171:Description,
,
,
,
Node_PVE_Soft_Node_Zombie_171:Name,柔软僵尸171
,
,
,
Node_PVE_Soft_Node_Zombie_172:Description,
,
,
,
Node_PVE_Soft_Node_Zombie_172:Name,柔软僵尸172
,
,
,
Node_PVE_Soft_Node_Zombie_173:6_MessageText,什么东西这么臭？！是玫瑰和她的大喷菇。快去把这味道除掉！
,
,
,
Node_PVE_Soft_Node_Zombie_173:Description,
,
,
,
Node_PVE_Soft_Node_Zombie_173:Name,柔软僵尸173
,
,
,
Node_PVE_Soft_Node_Zombie_174:Description,
,
,
,
Node_PVE_Soft_Node_Zombie_174:Name,柔软僵尸174
,
,
,
Node_PVE_Soft_Node_Zombie_175:6_MessageText,玫瑰真是我们的巨大威胁！她开局就有3株大喷菇、3株炮弹芹和+15生命值。而你开局则有3只投小鬼的巨尸。
,
,
,
Node_PVE_Soft_Node_Zombie_175:Description,
,
,
,
Node_PVE_Soft_Node_Zombie_175:Name,柔软僵尸175
,
,
,
Node_PVE_Soft_Node_Zombie_176:Description,
,
,
,
Node_PVE_Soft_Node_Zombie_176:Name,柔软僵尸176
,
,
,
Node_PVE_Soft_Node_Zombie_177:Description,
,
,
,
Node_PVE_Soft_Node_Zombie_177:Name,柔软僵尸177
,
,
,
Node_PVE_Soft_Node_Zombie_178:6_MessageText,霸王大嘴花开局拥有一株肌肉甘蓝和+5生命值。这可不健康……对僵尸而言。
,
,
,
Node_PVE_Soft_Node_Zombie_178:Description,
,
,
,
Node_PVE_Soft_Node_Zombie_178:Name,柔软僵尸178
,
,
,
Node_PVE_Soft_Node_Zombie_179:Description,
,
,
,
Node_PVE_Soft_Node_Zombie_179:Name,柔软僵尸179
,
,
,
Node_PVE_Soft_Node_Zombie_180:6_MessageText,霸王大嘴花开局拥有2株向日葵和一株金属向日葵，但我也给你派了一只毒物小鬼！我真是太善良了！
,
,
,
Node_PVE_Soft_Node_Zombie_180:Description,
,
,
,
Node_PVE_Soft_Node_Zombie_180:Name,柔软僵尸180
,
,
,
Node_PVE_Soft_Node_Zombie_181:6_MessageText,<u>喷了个菇！</u>\n在本章节任务中，每回合都会有一株小喷菇出现在随机一条线上。每当你打出僵尸时，可以对场上随机一株植物造成1点伤害。
,
,
,
Node_PVE_Soft_Node_Zombie_181:Description,
,
,
,
Node_PVE_Soft_Node_Zombie_181:Name,柔软僵尸181
,
,
,
Node_PVE_Soft_Node_Zombie_182:6_MessageText,<u>喷了个菇！</u>\n在本章节任务中，每回合都会有一株小喷菇出现在随机一条线上。每当你打出僵尸时，可以对场上随机一株植物造成1点伤害。
,
,
,
Node_PVE_Soft_Node_Zombie_182:Description,
,
,
,
Node_PVE_Soft_Node_Zombie_182:Name,柔软僵尸182
,
,
,
Node_PVE_Soft_Node_Zombie_183:6_MessageText,<u>喷了个菇！</u>\n在本章节任务中，每回合都会有一株小喷菇出现在随机一条线上。每当你打出僵尸时，可以对场上随机一株植物造成1点伤害。
,
,
,
Node_PVE_Soft_Node_Zombie_183:7_MessageText,植物真是团结友爱啊，瞧瞧火爆队长是怎么跟甜土豆和豌豆荚它们套近乎的。真恶心！制止它们！ 
,
,
,
Node_PVE_Soft_Node_Zombie_183:Description,
,
,
,
Node_PVE_Soft_Node_Zombie_183:Name,柔软僵尸183
,
,
,
Node_PVE_Soft_Node_Zombie_184:6_MessageText,<u>喷了个菇！</u>\n在本章节任务中，每回合都会有一株小喷菇出现在随机一条线上。每当你打出僵尸时，可以对场上随机一株植物造成1点伤害。
,
,
,
Node_PVE_Soft_Node_Zombie_184:Description,
,
,
,
Node_PVE_Soft_Node_Zombie_184:Name,柔软僵尸184
,
,
,
Node_PVE_Soft_Node_Zombie_185:6_MessageText,<u>喷了个菇！</u>\n在本章节任务中，每回合都会有一株小喷菇出现在随机一条线上。每当你打出僵尸时，可以对场上随机一株植物造成1点伤害。
,
,
,
Node_PVE_Soft_Node_Zombie_185:7_MessageText,咱们的植物对手每回合都会+1力量！为全天下的僵尸伸张正义吧！当然也为了脑子。脑子万岁！ 
,
,
,
Node_PVE_Soft_Node_Zombie_185:Description,
,
,
,
Node_PVE_Soft_Node_Zombie_185:Name,柔软僵尸002
,
,
,
Node_PVE_Soft_Node_Zombie_186:Description,
,
,
,
Node_PVE_Soft_Node_Zombie_186:Name,柔软僵尸186
,
,
,
Node_PVE_Soft_Node_Zombie_187:Description,
,
,
,
Node_PVE_Soft_Node_Zombie_187:Name,柔软僵尸187
,
,
,
Node_PVE_Soft_Node_Zombie_188:6_MessageText,拳王菜开局拥有2株仙人掌，这确实是件棘手的事。 
,
,
,
Node_PVE_Soft_Node_Zombie_188:Description,
,
,
,
Node_PVE_Soft_Node_Zombie_188:Name,柔软僵尸188
,
,
,
Node_PVE_Soft_Node_Zombie_189:Description,
,
,
,
Node_PVE_Soft_Node_Zombie_189:Name,柔软僵尸189
,
,
,
Node_PVE_Soft_Node_Zombie_190:6_MessageText,拳王菜开局就有无畏坚果和+10生命值，幸好你的英雄也有+10生命值。这还差不多。 
,
,
,
Node_PVE_Soft_Node_Zombie_190:Description,
,
,
,
Node_PVE_Soft_Node_Zombie_190:Name,柔软僵尸190
,
,
,
Node_PVE_Soft_Node_Zombie_191:6_MessageText,<u>甜美复仇！</u>\n在本章节任务中，每当有植物被消灭，植物英雄都会永久获得+1点阳光。每当有僵尸被消灭，僵尸英雄则永久获得+1点脑子。
,
,
,
Node_PVE_Soft_Node_Zombie_191:Description,
,
,
,
Node_PVE_Soft_Node_Zombie_191:Name,柔软僵尸191
,
,
,
Node_PVE_Soft_Node_Zombie_192:6_MessageText,<u>甜美复仇！</u>\n在本章节任务中，每当有植物被消灭，植物英雄都会永久获得+1点阳光。每当有僵尸被消灭，僵尸英雄则永久获得+1点脑子。
,
,
,
Node_PVE_Soft_Node_Zombie_192:Description,
,
,
,
Node_PVE_Soft_Node_Zombie_192:Name,柔软僵尸192
,
,
,
Node_PVE_Soft_Node_Zombie_193:6_MessageText,"<u>回光返照！</u>
在本章节任务中，每当有植物被消灭，植物英雄都会永久获得1点阳光。"
,
,
,
Node_PVE_Soft_Node_Zombie_193:7_MessageText,<u>甜美复仇！</u>\n在本章节任务中，每当有植物被消灭，植物英雄都会永久获得+1点阳光。每当有僵尸被消灭，僵尸英雄则永久获得+1点脑子。
,
,
,
Node_PVE_Soft_Node_Zombie_193:8_MessageText,咱们把耀斑花好好吓一跳吧！她开场拥有2株捕蝇草，而你的僵尸英雄开场有2只闹鬼僵尸！ 
,
,
,
Node_PVE_Soft_Node_Zombie_193:Description,
,
,
,
Node_PVE_Soft_Node_Zombie_193:Name,柔软僵尸193
,
,
,
Node_PVE_Soft_Node_Zombie_194:6_MessageText,<u>甜美复仇！</u>\n在本章节任务中，每当有植物被消灭，植物英雄都会永久获得+1点阳光。每当有僵尸被消灭，僵尸英雄则永久获得+1点脑子。
,
,
,
Node_PVE_Soft_Node_Zombie_194:Description,
,
,
,
Node_PVE_Soft_Node_Zombie_194:Name,柔软僵尸194
,
,
,
Node_PVE_Soft_Node_Zombie_195:6_MessageText,"<u>甜美复仇！</u>\n在本章节任务中，每当有植物被消灭，植物英雄都会永久获得+1点阳光。

每当有僵尸被消灭，僵尸英雄则永久获得+1点脑子。
"
,
,
,
Node_PVE_Soft_Node_Zombie_195:7_MessageText,炸掉那个头上顶锅的混球！耀斑花开场就有一株三头大嘴花和2株大嘴花，你的开场则有2只传送门技尸和+10生命值。
,
,
,
Node_PVE_Soft_Node_Zombie_195:Description,
,
,
,
Node_PVE_Soft_Node_Zombie_195:Name,柔软僵尸195
,
,
,
Node_PVE_Soft_Node_Zombie_196:Description,
,
,
,
Node_PVE_Soft_Node_Zombie_196:Name,柔软僵尸196
,
,
,
Node_PVE_Soft_Node_Zombie_197:Description,
,
,
,
Node_PVE_Soft_Node_Zombie_197:Name,柔软僵尸197
,
,
,
Node_PVE_Soft_Node_Zombie_198:6_MessageText,香橼猎手开局拥有一株土豆地雷和一株花生射手。不过我还是要你来赢取胜利！ 
,
,
,
Node_PVE_Soft_Node_Zombie_198:Description,
,
,
,
Node_PVE_Soft_Node_Zombie_198:Name,柔软僵尸198
,
,
,
Node_PVE_Soft_Node_Zombie_199:Description,
,
,
,
Node_PVE_Soft_Node_Zombie_199:Name,柔软僵尸199
,
,
,
Node_PVE_Soft_Node_Zombie_200:6_MessageText,连我睿智的大脑袋都觉得疼！
,
,
,
Node_PVE_Soft_Node_Zombie_200:7_MessageText,乱套了！每回合开始时，双方英雄都会从整个游戏的牌里随机多抽一张牌，并且获得+1阳光/脑子。 
,
,
,
Node_PVE_Soft_Node_Zombie_200:Description,
,
,
,
Node_PVE_Soft_Node_Zombie_200:Name,柔软僵尸200
,
,
,
Node_PVP_Node:Description,是时候来场PvP大战了！
,
,
,
Node_PVP_Node:Name,PVP_Node
,
,
,
Node_Red Event Node 1:6_MessageText,红色警报！僵尸在玫瑰的城堡里横冲直闯！还好红针花来啦。他会帮助你，让他们看看谁才是这座城堡的女王！
,
,
,
Node_Red Event Node 1:Description,玫瑰又在大战超尸了
,
,
,
Node_Red Event Node 1:Name,红色活动1
,
,
,
Node_Red Event Node 2:6_MessageText,哎呀！是摔跤狂……他有路障僵尸来帮助他摆脱困境。但是玫瑰和红针花就在窗外等着帮助他呢！
,
,
,
Node_Red Event Node 2:Description,玫瑰又在大战超尸了
,
,
,
Node_Red Event Node 2:Name,红色活动2
,
,
,
Node_Red Event Node 3:6_MessageText,并不是很超尸回来啦，这一次，他为他的小鬼军团找到了一位首领。我觉得是时候让那些僵尸离开玫瑰地了！
,
,
,
Node_Red Event Node 3:Description,玫瑰又在大战超尸了
,
,
,
Node_Red Event Node 3:Name,红色活动3
,
,
,
Node_Red Event Node 4:6_MessageText,哎呀！小心举旗僵尸。他会邀请所有的僵尸兄弟来碾压玫瑰的城堡！
,
,
,
Node_Red Event Node 4:Description,玫瑰又在大战超尸了
,
,
,
Node_Red Event Node 4:Name,红色活动4
,
,
,
Node_Red Event Node 5:6_MessageText,超尸和他的臭臭僵尸正在赶来！玫瑰、红针花和辣椒博士已经准备好使用RED力量解决他！
,
,
,
Node_Red Event Node 5:Description,玫瑰又在大战超尸了
,
,
,
Node_Red Event Node 5:Name,红色活动5
,
,
,
Node_Set3_All_PlayerPlants:Description,
,
,
,
Node_Set3_All_PlayerPlants:Name,
,
,
,
Node_Set3_All_PlayerZombies:Description,
,
,
,
Node_Set3_All_PlayerZombies:Name,
,
,
,
Node_Set4_Most_PlayerPlants:Description,
,
,
,
Node_Set4_Most_PlayerPlants:Name,Soft Plant 029
,
,
,
Node_Set4_Most_PlayerZombies:Description,
,
,
,
Node_Set4_Most_PlayerZombies:Name,Soft Plant 029
,
,
,
Node_Test Brain Freeze:Description,脑派气功波！
,
,
,
Node_Test Brain Freeze:Name,用急冻魔进行游戏
,
,
,
Node_Test Citron:Description,凛冬将至
,
,
,
Node_Test Citron:Name,用香橼猎手进行游戏
,
,
,
Node_Test Crime Biter:Description,凛冬将至
,
,
,
Node_Test Crime Biter:Name,用犯罪克星进行游戏
,
,
,
Node_Test Electric Boogaloo:Description,脑派气功波！
,
,
,
Node_Test Electric Boogaloo:Name,用霹雳舞王进行游戏
,
,
,
Node_Test Gargantuar:Description,脑子脑子
,
,
,
Node_Test Gargantuar:Name,用巨尸进行游戏
,
,
,
Node_Test Grass Knuckles:Description,凛冬将至
,
,
,
Node_Test Grass Knuckles:Name,用拳王菜进行游戏
,
,
,
Node_Test Green Shadow:Description,旭日将升
,
,
,
Node_Test Green Shadow:Name,用绿影侠进行游戏
,
,
,
Node_Test Immorticia:Description,脑派气功波！
,
,
,
Node_Test Immorticia:Name,用不死女妖进行游戏
,
,
,
Node_Test Impfinity:Description,
,
,
,
Node_Test Impfinity:Name,用无穷小子进行游戏
,
,
,
Node_Test Neptuna:Description,
,
,
,
Node_Test Neptuna:Name,用海妖进行游戏
,
,
,
Node_Test Nightcap:Description,凛冬将至
,
,
,
Node_Test Nightcap:Name,用暗夜菇进行游戏
,
,
,
Node_Test Professor Brainstorm:Description,
,
,
,
Node_Test Professor Brainstorm:Name,用僵点子教授进行游戏
,
,
,
Node_Test Professor Von Mustache:Description,脑派气功波！
,
,
,
Node_Test Professor Von Mustache:Name,用教授进行游戏
,
,
,
Node_Test Rose:Description,凛冬将至
,
,
,
Node_Test Rose:Name,用玫瑰进行游戏
,
,
,
Node_Test Rustbolt:Description,脑派气功波！
,
,
,
Node_Test Rustbolt:Name,用锈铁侠进行游戏
,
,
,
Node_Test Scorchwood:Description,
,
,
,
Node_Test Scorchwood:Name,用火爆队长进行游戏
,
,
,
Node_Test Solar Flare:Description,旭日将升
,
,
,
Node_Test Solar Flare:Name,用耀斑花进行游戏
,
,
,
Node_Test Spudow!:Description,仲夏将至
,
,
,
Node_Test Spudow!:Name,用土豆仔进行游戏！
,
,
,
Node_Test Super Brainz:Description,脑派气功波！
,
,
,
Node_Test Super Brainz:Name,用超尸进行游戏
,
,
,
Node_Test Wall-Knight:Description,
,
,
,
Node_Test Wall-Knight:Name,用坚果骑士进行游戏
,
,
,
Node_Test ZMech:Description,脑派气功波！
,
,
,
Node_Test ZMech:Name,用Z机甲进行游戏
,
,
,
Node_Wall-Knight_test:Description,
,
,
,
Node_Wall-Knight_test:Name,坚果骑士
,
,
,
Node_Zombie Environment Test Node:Description,游玩植物环境
,
,
,
Node_Zombie Environment Test Node:Name,僵尸环境测试
,
,
,
NOT_CONNECTED_BODY,请检查您的网络连接并重试。
,
,
,
NOT_CONNECTED_BUTTON_TRY_AGAIN,重试
,
,
,
NOT_CONNECTED_TITLE,未找到网络
,
,
,
NOTIFICATION_QUEST,新的任务出现了！
,
,
,
NOTIFICATION_QUEST_1,集结你的英雄们，新的任务在等待！马上点击吧！
,
,
,
NOTIFICATION_QUEST_2,新的任务即将到来！
,
,
,
NOTIFICATION_QUEST_3,新任务已经准备就绪。生长！撕咬！获胜！
,
,
,
NOTIFICATION_REMINDER,你差点就能解锁新英雄了。准备好迎接下次战斗吧！开始游戏！
,
,
,
NOTIFICATION_REMINDER_2,你差点就能解锁新英雄了。这时候夺回后院了！开始游戏！
,
,
,
NOTIFICATION_REMINDER_3,你的新英雄已经做好战斗准备了。继续努力解锁下一个目标吧。开始战斗！
,
,
,
NOTIFICATION_REMINDER_A,你差点就能解锁新英雄了。准备好迎接下次战斗吧！开始游戏！
,
,
,
OFFLINE_FOR_MAINTENANCE,游戏目前维护中。请稍候访问。
,
,
,
Onion Rings_flavorText,强到令人感动流泪。
,
,
,
Onion Rings_longDesc,打出： 你手牌中的所有植物都变为[4a]/[4h]。
,
,
,
Onion Rings_name,洋葱圈
,
,
,
Onion Rings_shortDesc,你手牌中的所有植物都变为[4a]/[4h]。
,
,
,
OOC_GEM_STORE_TITLE,糟糕，宝石不够了！
,
,
,
OOC_STORE_TITLE,糟糕，没有银币了！\n\n玩更多游戏赚取更多银币！
,
,
,
OPEN_ALL,全部打开
,
,
,
OPEN_MANY,开大{0}个组合包
,
,
,
OPPONENT_DISCONNECTED,对手断线
,
,
,
OPPONENT_PLAYER_CONCEDED,你的对手投降了！
,
,
,
Orange Barrier_flavorText,有香橼猎手保护你们，这下安心了吧？
,
,
,
Orange Barrier_longDesc,植物在本回合无法受到伤害。\n抽一张牌。
,
,
,
Orange Barrier_name,橘皮盾
,
,
,
Orange Barrier_shortDesc,植物在本回合无法受到伤害。抽一张牌。
,
,
,
ORIGIN_ERROR,Origin遇到问题。请重启Origin，然后重新启动《植物大战僵尸：英雄》。
,
,
,
ORIGIN_ERROR_BANNED,您的账号已被停用。请联系EA Help寻求帮助。
,
,
,
ORIGIN_ERROR_CORE_NOT_INSTALLED,Origin遇到问题。请重启Origin，然后重新启动《植物大战僵尸：英雄》。
,
,
,
ORIGIN_ERROR_CORE_NOTLOADED,Origin遇到问题。请重启Origin，然后重新启动《植物大战僵尸：英雄》。
,
,
,
ORIGIN_ERROR_IGO_NOT_AVAILABLE,不能够打开Origin购买窗口。请调整窗口大小并重试。
,
,
,
ORIGIN_ERROR_IGO_NOT_ENABLED,"如要使用此功能，您必须在Origin (EA)客户端的""设置""页面上选择'启用Origin In-Game'。"
,
,
,
ORIGIN_ERROR_LSX_NO_RESPONSE,Origin遇到问题。请重启Origin，然后重新启动《植物大战僵尸：英雄》。
,
,
,
ORIGIN_ERROR_NO_SERVICE,无法连接至Origin服务。请确保您已连接到网络并且Origin没有处于离线模式。
,
,
,
ORIGIN_ERROR_PROXY_BAD_GATEWAY,对不起！连接Origin服务时出错。请重试。
,
,
,
ORIGIN_RESIZE,我们需要你调整窗口大小，这样才能够进行购买。
,
,
,
ORIGIN_TRY_GO_ONLINE,您必须连接到网络才能开始游戏。您是否想尝试连接Origin至网络？
,
,
,
Overstuffed Zombie_flavorText,他的胆固醇水平超标了，但他的身体似乎极为健康。
,
,
,
Overstuffed Zombie_longDesc,狩猎。当这个摧毁植物并存活时，它完全恢复并治疗你的英雄2点。
,
,
,
Overstuffed Zombie_name,胖墩僵尸
,
,
,
Overstuffed Zombie_shortDesc,狩猎。当这个摧毁植物并存活时，它完全恢复并治疗你的英雄2点。
,
,
,
PACK_COULD_INCLUDE,组合包可能包含：
,
,
,
PACK_OPENING_DECK_RECIPE_HEADER,{0}套战略牌组现在变得更强了！（显示{2}套中的{1}套）
,
,
,
PACK_WILL_INCLUDE,组合包包含：
,
,
,
Pair Pearadise_flavorText,彼得·派博的星球超前挑选了一对腌过的胡椒。
,
,
,
Pair Pearadise_heraldFighter,由成对豌豆天堂创造 - 获得[teamup]
,
,
,
Pair Pearadise_longDesc,当在自己的线上打出一株植物后，在自己的线上召唤那个植物带有[teamup]的复制。
,
,
,
Pair Pearadise_name,成对豌豆天堂
,
,
,
Pair Pearadise_shortDesc,当在自己的线上打出一株植物后，在自己的线上召唤那个植物的带有[teamup]的复制。
,
,
,
Parasol Zombie_flavorText,她最喜欢的作家叫布莱恩·脑斯顿。
,
,
,
Parasol Zombie_longDesc,[untrickable]\n相邻的僵尸获得[untrickable]。
,
,
,
Parasol Zombie_name,阳伞僵尸
,
,
,
Parasol Zombie_shortDesc,[untrickable]。相邻的僵尸获得[untrickable]。
,
,
,
PB_AVAIL,用超稀有的疯狂化学家搞点破坏性发明吧！现已加入限时僵点子教授盟友包！
,
,
,
PB_EXPIRE,好好学习！限时僵点子教授盟友包即将下架！
,
,
,
PBD,包含蛋糕炸弹、巫师巨尸和超稀有牌疯狂化学家，最适合僵点子教授！
,
,
,
PBD_V2,最适合僵点子教授。限购4包！\n*<indent=5%>包含1张蛋糕炸弹、巫师巨尸和超稀有牌疯狂化学家</indent>\n*<indent=5%>3张高级套牌中的罕见牌</indent>
,
,
,
PBH,僵点子教授盟友包
,
,
,
PC_EA_LINK_WARNING_HEADER,等等！
,
,
,
PC_EA_LINK_WARNING_SETTINGS,移动玩家？导入您的进度！
,
,
,
PC_EA_LINK_WARNING_STEP1,在您的移动设备上打开游戏。
,
,
,
PC_EA_LINK_WARNING_STEP2,前往设置，然后点击我的账户。
,
,
,
PC_EA_LINK_WARNING_STEP3,点击EA按钮以连接。（与登陆Origin使用的电子邮件地址相同。）
,
,
,
PC_EA_LINK_WARNING_STEP4,返回至电脑上的游戏，然后选择继续以加载您的进度！
,
,
,
PC_EA_LINK_WARNING_STEPS,1. 在移动设备上打开游戏。\n2. 前往设置，然后我的账户。\n3. 点击EA按钮以连接。（与登陆Origin使用的电子邮件地址相同。）\n4. 重启电脑上的游戏以加载您的进度！
,
,
,
PC_EA_LINK_WARNING_TEXT,您在移动设备上玩《植物大战僵尸：英雄》吗？您需要首先使用移动设备关联您的EA账户才可导入进度。
,
,
,
Pea Patch_flavorText,别让遛狗僵尸靠近。
,
,
,
Pea Patch_longDesc,[springboard]：对这张牌打出的植物获得[+2a]/[+2h]。
,
,
,
Pea Patch_name,豌豆田
,
,
,
Pea Patch_shortDesc,[springboard]：对这张牌打出的植物获得[+2a]/[+2h]。
,
,
,
Peapod Planet_flavorText,这似乎不太适宜植物居住，但是加上一点温柔的体贴和一些耐心，它们将成长为超过土豆的东西。远远超过。
,
,
,
Peapod Planet_longDesc,自己线上的植物获得[+5a]/[+5h]。
,
,
,
Peapod Planet_name,红土地
,
,
,
Peapod Planet_shortDesc,自己线上的植物获得[+5a]/[+5h]。
,
,
,
Pear Cub_flavorText,太可爱了，真想抱一下……等等，为什么会有咆哮的声音？
,
,
,
Pear Cub_heraldFighter,由灰熊梨幼崽创造
,
,
,
Pear Cub_longDesc,[aquatic]\n被消灭：召唤一只[5a]/[4h]且[aquatic]的灰熊梨，且所有水果植物获得[1a]/[1h]。
,
,
,
Pear Cub_name,灰熊梨幼崽
,
,
,
Pear Cub_shortDesc,[aquatic]。被消灭：召唤一只[5a]/[4h]且[aquatic]的灰熊梨，且所有水果植物获得[1a]/[1h]。
,
,
,
Pecanolith_flavorText,没人知道他来自何方，有一天他就那么出现了。不过每个与他接触的人都感到……自己有了莫名的变化。
,
,
,
Pecanolith_longDesc,所有植物和僵尸攻击时使用他们的[h]替换[a]。
,
,
,
Pecanolith_name,山胡桃石
,
,
,
Pecanolith_shortDesc,所有植物和僵尸攻击时使用他们的[h]替换[a]。
,
,
,
Penelopea,绿影侠能带领猛长和聪明队友参战。\n\n
,
,
,
Phase_Indicator_1,僵尸先出牌。
,
,
,
Phase_Indicator_2,然后植物出牌。
,
,
,
Phase_Indicator_3,僵尸也有机会打出锦囊牌。
,
,
,
Phase_Indicator_4,然后开战！
,
,
,
PhaseIndicator_animation_1,僵尸先出牌。
,
,
,
PhaseIndicator_animation_2,然后植物出牌。
,
,
,
PhaseIndicator_animation_3,僵尸也有机会打出锦囊牌。
,
,
,
PhaseIndicator_animation_4,然后开战！
,
,
,
PICK_A_LANE,选一条线！
,
,
,
PICK_A_TARGET,选一个目标！
,
,
,
Planetary Guard_flavorText,他还是不确定他是否该保卫冥王星。
,
,
,
Planetary Guard_longDesc,[armored=1]\n替你的英雄承受伤害。
,
,
,
Planetary Guard_name,行星护卫
,
,
,
Planetary Guard_shortDesc,[armored=1]。替你的英雄承受伤害。
,
,
,
PLANT_HQ_PLAY_AS_ZOMBIES,玩僵尸\n关卡
,
,
,
PLANT_MAIN_PHASE,植物回合
,
,
,
PLANT_MAIN_PHASE_LOWER,出牌
,
,
,
PLANT_MAIN_PHASE_UPPER,植物
,
,
,
PLANT_SURPRISE_PHASE,僵尸打出锦囊牌！
,
,
,
Plantern_flavorText,以往的工作经验包括：赶走令人毛骨悚然的雾。
,
,
,
Plantern_longDesc,在环境中时：这张牌获得[+1a]/[+1h]和[truestrike]。
,
,
,
Plantern_name,树灯
,
,
,
Plantern_shortDesc,在环境中时：这张牌获得[+1a]/[+1h]和[truestrike]。
,
,
,
Play_or_keep_super_block_card,免费打出这张超能力或者留到以后再用
,
,
,
PLAYER_SHIELD_CHARGE,充能！
,
,
,
PLAYER_SHIELD_DOUBLE,大充能！
,
,
,
PLAYER_SHIELD_DRAINED,耗尽！
,
,
,
PLAYER_SHIELD_MEGA,瞬间\n格挡！
,
,
,
PLAYER_SHIELD_MINI,小充能！
,
,
,
Pod Fighter_flavorText,他们只是想在我们的时代里创造出豌豆。
,
,
,
Pod Fighter_longDesc,当你在自己的线上或相邻线上打出植物时，这张牌将额外攻击一次。
,
,
,
Pod Fighter_name,豌豆荚战士
,
,
,
Pod Fighter_shortDesc,当你在自己的线上或相邻线上打出植物时，这张牌将额外攻击一次。
,
,
,
Pot of Gold_flavorText,僵尸运气！
,
,
,
Pot of Gold_longDesc,抽三张牌。
,
,
,
Pot of Gold_name,黄金盆
,
,
,
Pot of Gold_shortDesc,抽三张牌。
,
,
,
Pot of Silver_flavorText,僵尸海盗积攒了大量财宝。或许某天它们会想出该怎么花掉。
,
,
,
Pot of Silver_longDesc,僵尸的力量变成4，然后进行一次额外攻击。
,
,
,
Pot of Silver_name,季度奖金
,
,
,
Pot of Silver_shortDesc,僵尸的力量变成4，然后进行一次额外攻击。
,
,
,
PRD,*<indent=5%>6张高级套牌</indent>\n<u>掉落几率：</u>稀有：保证包含 ； 超稀有：30% ； 传说：10%； 英雄：3%
,
,
,
PRD_6C,*<indent=5%>4张高级套牌中的罕见卡牌</indent>\n*<indent=5%>2张稀有、超稀有、传说或新英雄卡牌！</indent>
,
,
,
PRD_V2,包含高级套牌中的3张卡牌，包括1张稀有、超稀有、传说或新英雄卡牌！
,
,
,
Premium_Event,活动
,
,
,
Premium_Hero,高级——英雄
,
,
,
PRH,高级组合包
,
,
,
Primal Peashooter_flavorText,在3、5、7、11和31组中发现。
,
,
,
Primal Peashooter_longDesc,当这张牌对僵尸造成伤害时，[bounce]那只僵尸。
,
,
,
Primal Peashooter_name,原始豌豆射手
,
,
,
Primal Peashooter_shortDesc,当这张牌对僵尸造成伤害时，[bounce]那只僵尸。
,
,
,
Primal Potato Mine_flavorText,很久很久前的空心地球里，恐龙曾在地雷出现前的大陆上肆意奔跑。
,
,
,
Primal Potato Mine_longDesc,被消灭：对自己线上的一只僵尸造成3点伤害。
,
,
,
Primal Potato Mine_name,原始土豆地雷
,
,
,
Primal Potato Mine_shortDesc,被消灭：对自己线上的一只僵尸造成3点伤害。
,
,
,
Primal Sunflower_flavorText,向日葵是出了名的和平主义者。但被孤立在空心地球的中心之后，它们进化出了新的野性外表。阳光灿烂、样子可爱的野性外表。
,
,
,
Primal Sunflower_longDesc,回合开始：你获得[+2s]。
,
,
,
Primal Sunflower_name,原始向日葵
,
,
,
Primal Sunflower_shortDesc,回合开始：你获得[+2s]。
,
,
,
Primal Wall-Nut_flavorText,当你本质上也是滚石时，你就不再会被滚石消灭了。
,
,
,
Primal Wall-Nut_heraldFighter,由原始坚果墙召唤
,
,
,
Primal Wall-Nut_heraldTrick,由原始坚果墙召唤
,
,
,
Primal Wall-Nut_longDesc,[teamup]，[untrickable]\n打出：[conjure]一张花费为[4s]或更高的牌。
,
,
,
Primal Wall-Nut_name,原始坚果墙
,
,
,
Primal Wall-Nut_shortDesc,[teamup]，[untrickable]。[conjure]一张花费为[4s]或更高的牌。
,
,
,
Primal Yeti_flavorText,午饭吃什么？多半是硬石头。
,
,
,
Primal Yeti_longDesc,[zombieevolution]：所有僵尸获得[+2a]/[+2h]。
,
,
,
Primal Yeti_name,远古雪人
,
,
,
Primal Yeti_shortDesc,[zombieevolution]：所有僵尸获得[+2a]/[+2h]。
,
,
,
Professor,僵点子教授能带领有脑和疯帽队友参战。\n\n
,
,
,
Professor_0,点击任意位置继续！
,
,
,
Professor_0_PC,点击任意位置继续！
,
,
,
PROFILE,档案
,
,
,
PROGRESSION_NEXT,下页
,
,
,
PROGRESSION_PREV,上页
,
,
,
Prologue_1,我最伟大的发明！马上就要准备就绪了！
,
,
,
Prologue_2,植物和僵尸的战斗很快会天翻地覆！
,
,
,
Prologue_3,点击任意位置继续！
,
,
,
Prologue_3_PC,点击任意位置继续！
,
,
,
Pumpkin Shell_flavorText,“在坚实的地基上建造你的房屋，”他们说，“比如南瓜。”
,
,
,
Pumpkin Shell_longDesc,[springboard]：对这张牌打出的植物获得[+2a]/[+4h]。
,
,
,
Pumpkin Shell_name,南瓜壳
,
,
,
Pumpkin Shell_shortDesc,[springboard]：对这张牌打出的植物获得[+2a]/[+4h]。
,
,
,
Pumpking_flavorText,世世代代，南瓜们因为一个可怕的咒语，而保持着它们领地的安全。今晚，它们终于要面对它们最大的恐惧了。
,
,
,
Pumpking_heraldFighter,由闹鬼南瓜皇召唤
,
,
,
Pumpking_heraldTrick,由闹鬼南瓜皇召唤
,
,
,
Pumpking_longDesc,打出：僵尸玩家[conjures]一只怪物。
,
,
,
Pumpking_name,闹鬼南瓜皇
,
,
,
Pumpking_shortDesc,僵尸玩家[conjures]一只怪物。
,
,
,
PURCHASE_CANCELED,购买已取消。
,
,
,
PURCHASE_COMPLETED,购买成功！\n祝您游戏快乐，同时感谢您支持我们的游戏！
,
,
,
PURCHASE_ERROR_FAIL,无法完成购买。\n请重试。
,
,
,
PURCHASE_ERROR_OFFLINE_BEFORE_SYNC,需要网络连接才能完成购买。\n请连接到网络，我们将尝试恢复您的内容。
,
,
,
PURCHASE_ERROR_RETRY,抱歉，您的购买出现了问题。\n请重启《植物大战僵尸：英雄》，我们将尝试恢复您的内容。
,
,
,
PURCHASE_ERROR_RETRY_PC,非常抱歉，连接商店时出错，请重试。
,
,
,
PURCHASE_WITH_GEMS_CANCEL_BTN,取消
,
,
,
PURCHASE_WITH_GEMS_CONFIRM_BTN,购买
,
,
,
PURCHASE_WITH_GEMS_MSG,确认购买
,
,
,
PVP_FACTION_SELECT_TITLE,选择一方
,
,
,
PVP_FTUE_CASUAL,你可以轻松锻炼你的技巧，测试你的牌组。
,
,
,
PVP_FTUE_NEW_1,和其他玩家开战！
,
,
,
PVP_FTUE_NEW_2,在休闲对战中，你可以轻松锻炼你的技巧，测试你的牌组。
,
,
,
PVP_FTUE_NEW_3,在排位对战中，获胜可以赚取星星。收集足够的星星可以提升你的排名，从而赢得宝石！排名会按级别分组，随着你名次的上升，对战的难度和奖励也会相应增加。
,
,
,
PVP_FTUE_NEW_4,尽可能在第1赛季里攀升排名吧！赛季通常会持续数个月。不断进步，在每个新赛季里努力登顶吧！
,
,
,
PVP_FTUE_NEW_5,在休闲或排位对战中和其他玩家开战！\n\n在休闲对战中，你可以轻松锻炼你的技巧，测试你的牌组。\n\n在排位对战中，获胜可以赚取星星。收集足够的星星可以提升你的排名，从而赢得宝石！排名会按级别分组，随着你名次的上升，对战的难度和奖励也会相应增加。\n\n尽可能在第1赛季里攀升排名吧！赛季通常会持续数个月。不断进步，在每个新赛季里努力登顶吧！
,
,
,
PVP_FTUE_RANKED,获胜可以赚取星星。收集足够的星星可以提升你的排名，赢得宝石！
,
,
,
PVP_FTUE_RANKS,排名会按级别分组，随着你名次的上升，对战的难度和奖励也会相应增加。
,
,
,
PVP_FTUE_SEASON,尽可能攀升赛季排名！赛季通常会持续数个月。不断进步，在每个新赛季里努力登顶吧！
,
,
,
PVP_FTUE_SUBHEAD,对战
,
,
,
PVP_MATCH_CASUAL_DESC,对抗其他玩家，练习掌握你的技巧
,
,
,
PVP_MATCH_CASUAL_TITLE,休闲对战
,
,
,
PVP_MAX_TIER_TEXT,你的星星
,
,
,
Pvp_Network_Error,请检查网络连接并重试。
,
,
,
PVP_NEXT_BATTLE,下一场战斗
,
,
,
PVP_NEXT_RANK_HINT,排位为{0}时出现下一级别
,
,
,
PVP_PLAY_BUTTON,开始
,
,
,
PVP_REWARD_BTN,查看奖励
,
,
,
PVP_REWARD_LABEL_COMPLETIONREWARD,完成奖励：
,
,
,
PVP_REWARD_LABEL_LEAGUE,联赛
,
,
,
PVP_REWARD_LABEL_RANK,排名
,
,
,
PVP_REWARD_LABEL_SEASON_END,赛季
,
,
,
PVP_REWARD_SCREEN_CURRENT_TIER_INDICATOR,当前联赛
,
,
,
PVP_REWARD_SCREEN_TITLE,排位战斗奖励
,
,
,
PVP_REWARD_SCREEN_TITLE_FORMAT,{0}奖励
,
,
,
PVP_REWARD_TIER_0_NAME,木头
,
,
,
PVP_REWARD_TIER_1_NAME,青铜
,
,
,
PVP_REWARD_TIER_2_NAME,白银
,
,
,
PVP_REWARD_TIER_3_NAME,黄金
,
,
,
PVP_REWARD_TIER_4_NAME,钻石
,
,
,
PVP_REWARD_TIER_5_NAME,墨西哥
,
,
,
PVP_REWARD_TIER_6_NAME,终极
,
,
,
PVP_REWARD_TITLE,第{0}季奖励
,
,
,
PVP_REWARDS_ERROR_MESSAGE,在换掉我的时候出现了一些错误，你的PVP奖励要被拿走了。运气真是不好。
,
,
,
PVP_SEASON_COMPLETE_SCREEN_BADGE_REWARD_TITLE,徽章
,
,
,
PVP_SEASON_COMPLETE_SCREEN_LABEL_RESULT,您达到了
,
,
,
PVP_SEASON_COMPLETE_SCREEN_PINATA_REWARD_TITLE,彩罐
,
,
,
PVP_SEASON_COMPLETE_SCREEN_TITLE_FORMAT,{0}结果
,
,
,
PVP_SEASON_START_SCREEN_CALCULATING_RANK,在一个赛季中取得高排名可以让您在下一个赛季中获得排位领先优势！
,
,
,
PVP_SEASON_START_SCREEN_ENTERING_SEASON,进入{0}
,
,
,
PVP_SEASON_START_SCREEN_TITLE_FORMAT,{0}开始了！
,
,
,
PVP_SEASON_TITLE_DEFAULT,季节
,
,
,
PVP_SEASON_TITLE_FORMAT,季节{0}
,
,
,
Pvp_Server_Error,你的游戏出现了问题。
,
,
,
PVP_STAR_HELP_TEXT,赢得排位对战来收集星星，提升排位级别！级别越高，你能赢得的宝石就越多！
,
,
,
PVP_STAR_PROGRESS_FORMAT,{0}/{1}
,
,
,
PVP_TIER_0_NAME,木头级别
,
,
,
PVP_TIER_1_NAME,青铜级别
,
,
,
PVP_TIER_2_NAME,白银级别
,
,
,
PVP_TIER_3_NAME,黄金级别
,
,
,
PVP_TIER_4_NAME,钻石级别
,
,
,
PVP_TIER_5_NAME,墨西哥联赛
,
,
,
PVP_TIER_6_NAME,终极联赛
,
,
,
PvZH_Adv_ Spudow_Page01_Panel01_Bubble03,听好了，我的僵尸手下们！
,
,
,
PvZH_Adv_ Spudow_Page01_Panel01_Bubble04,“我正打算物色一个新的地下老巢。”
,
,
,
PvZH_Adv_ Spudow_Page01_Panel02_Bubble01,“这座洞穴正合我意。但是首先...”
,
,
,
PvZH_Adv_ Spudow_Page01_Panel03_Bubble01,“...要确保卑鄙的植物没在里头潜伏着。”
,
,
,
PvZH_Adv_BrainFreeze_Page01_Panel01_Bubble01,收到来自疯狂戴夫的消息。主题：急冻魔
,
,
,
PvZH_Adv_BrainFreeze_Page01_Panel01_Bubble02,“我也不想破坏你们的阳光好心情...”
,
,
,
PvZH_Adv_BrainFreeze_Page01_Panel02_Bubble01,“但急冻魔眼看就要把这个水上公园...”
,
,
,
PvZH_Adv_BrainFreeze_Page01_Panel03_Bubble01,“...变成冷冻食品区啦！”
,
,
,
PvZH_Adv_BrainFreeze_Page02_Panel01_Bubble01,“急冻魔已经把滑梯变成了雪橇滑道！”
,
,
,
PvZH_Adv_BrainFreeze_Page02_Panel02_Bubble01,“把热浴盆变成了硬邦邦的冰桶！”
,
,
,
PvZH_Adv_BrainFreeze_Page02_Panel03_Bubble01,“是时候加大火力，阻挡这股僵尸寒潮了！”
,
,
,
PvZH_Adv_BrainFreeze_Page03_Panel01_Bubble01,“只需要点把小火...”
,
,
,
PvZH_Adv_BrainFreeze_Page03_Panel02_Bubble01,“...融化掉那坨僵尸冰棍。”
,
,
,
PvZH_Adv_BrainFreeze_Page03_Panel03_Bubble01,“啊哈，赢啦！瞧瞧那团气急败坏的湿毛球！”
,
,
,
PvZH_Adv_BrainFreeze_Pg1_0,点击任意位置继续！
,
,
,
PvZH_Adv_BrainFreeze_Pg1_0_PC,点击任意位置继续！
,
,
,
PvZH_Adv_BrainFreeze_Pg2_0,点击任意位置继续！
,
,
,
PvZH_Adv_BrainFreeze_Pg2_0_PC,点击任意位置继续！
,
,
,
PvZH_Adv_BrainFreeze_Pg3_0,点击任意位置继续！
,
,
,
PvZH_Adv_BrainFreeze_Pg3_0_PC,点击任意位置继续！
,
,
,
PvZH_Adv_Chompzilla_Page01_Panel01_Bubble01,收到来自僵王博士的消息。主题：霸王大嘴花
,
,
,
PvZH_Adv_Chompzilla_Page01_Panel01_Bubble02,“靠近霸王大嘴花时一定要小心...”
,
,
,
PvZH_Adv_Chompzilla_Page01_Panel02_Bubble01,“别忽然弄出声响...”
,
,
,
PvZH_Adv_Chompzilla_Page01_Panel03_Bubble01,“...否则就会吵醒这个贪吃的对手！”
,
,
,
PvZH_Adv_Chompzilla_Page02_Panel01_Bubble01,呃！
,
,
,
PvZH_Adv_Chompzilla_Page02_Panel01_Bubble02,哎哟！
,
,
,
PvZH_Adv_Chompzilla_Page02_Panel01_Bubble03,“拦下她！”
,
,
,
PvZH_Adv_Chompzilla_Page02_Panel02_Bubble01,脑——子！
,
,
,
PvZH_Adv_Chompzilla_Page02_Panel03_Bubble01,啊呜！
,
,
,
PvZH_Adv_Chompzilla_Page02_Panel03_Bubble02,大嚼特嚼！
,
,
,
PvZH_Adv_Chompzilla_Page03_Panel03_SFX01,“团队合作就是王道！”
,
,
,
PvZH_Adv_Chompzilla_Pg1_0,点击任意位置继续！
,
,
,
PvZH_Adv_Chompzilla_Pg1_0_PC,点击任意位置继续！
,
,
,
PvZH_Adv_Chompzilla_Pg2_0,点击任意位置继续！
,
,
,
PvZH_Adv_Chompzilla_Pg2_0_PC,点击任意位置继续！
,
,
,
PvZH_Adv_Chompzilla_Pg3_0,点击任意位置继续！
,
,
,
PvZH_Adv_Chompzilla_Pg3_0_PC,点击任意位置继续！
,
,
,
PvZH_Adv_Citron_Page01_Panel01_Bubble01,来自僵王博士的消息 ... 主题：香橼猎手
,
,
,
PvZH_Adv_Citron_Page01_Panel01_Bubble03,“那颗讨厌的橘子！”
,
,
,
PvZH_Adv_Citron_Page01_Panel02_Bubble01,“他居然敢在月球上插下自己的旗子！”
,
,
,
PvZH_Adv_Citron_Page01_Panel03_Bubble01,“阻止他的疯狂举动！”
,
,
,
PvZH_Adv_Citron_Page02_Panel01_Bubble01,“剥了他的皮！”
,
,
,
PvZH_Adv_Citron_Page02_Panel02_Bubble01,唔！
,
,
,
PvZH_Adv_Citron_Page02_Panel02_Bubble02,哎哟！
,
,
,
PvZH_Adv_Citron_Page02_Panel02_Bubble03,脑子！
,
,
,
PvZH_Adv_Citron_Page02_Panel03_Bubble01,喝！
,
,
,
PvZH_Adv_Citron_Page02_Panel03_Bubble02,哼嗯！
,
,
,
PvZH_Adv_Citron_Page03_Panel03_Bubble01,“僵尸的六小步！”
,
,
,
PvZH_Adv_Citron_Pg1_0,点击任意位置继续！
,
,
,
PvZH_Adv_Citron_Pg1_0_PC,点击任意位置继续！
,
,
,
PvZH_Adv_Citron_Pg2_0,点击任意位置继续！
,
,
,
PvZH_Adv_Citron_Pg2_0_PC,点击任意位置继续！
,
,
,
PvZH_Adv_Citron_Pg3_0,点击任意位置继续！
,
,
,
PvZH_Adv_Citron_Pg3_0_PC,点击任意位置继续！
,
,
,
PvZH_Adv_ElecBoogaloo_Page01_Panel01_Bubble01,“收到来自疯狂戴夫的消息。主题：霹雳舞王”
,
,
,
PvZH_Adv_ElecBoogaloo_Page01_Panel01_Bubble02,“那只僵尸跳着二步舞越过了俱乐部的围栏！”
,
,
,
PvZH_Adv_ElecBoogaloo_Page01_Panel02_Bubble01,“最好阻止霹雳舞王...”
,
,
,
PvZH_Adv_ElecBoogaloo_Page01_Panel03_Bubble01,“...否则他就要霸占舞池了！”
,
,
,
PvZH_Adv_ElecBoogaloo_Page02_Panel01_Bubble01,“人们没说错，迪斯科可真要命！”
,
,
,
PvZH_Adv_ElecBoogaloo_Page02_Panel02_Bubble01,“那只僵尸的舞步令人吃惊...”
,
,
,
PvZH_Adv_ElecBoogaloo_Page02_Panel03_Bubble02,“...而且好疼！”
,
,
,
PvZH_Adv_ElecBoogaloo_Page03_Panel01_Bubble01,“让植物也上场斗舞...”
,
,
,
PvZH_Adv_ElecBoogaloo_Page03_Panel02_Bubble01,“...给他点颜色瞧瞧。”
,
,
,
PvZH_Adv_ElecBoogaloo_Page03_Panel03_Bubble01,“看来他的舞跳不下去啦！”
,
,
,
PvZH_Adv_ElectricBoogaloo_Page01_anim_0,点击任意位置继续！
,
,
,
PvZH_Adv_ElectricBoogaloo_Page01_anim_0_PC,点击任意位置继续！
,
,
,
PvZH_Adv_ElectricBoogaloo_Page02_anim_0,点击任意位置继续！
,
,
,
PvZH_Adv_ElectricBoogaloo_Page02_anim_0_PC,点击任意位置继续！
,
,
,
PvZH_Adv_ElectricBoogaloo_Page03_anim_0,点击任意位置继续！
,
,
,
PvZH_Adv_ElectricBoogaloo_Page03_anim_0_PC,点击任意位置继续！
,
,
,
PvZH_Adv_Galactic_Page01_Panel01_Bubble01,不久不久以前，在个不远的邻里...
,
,
,
PvZH_Adv_Galactic_Page01_Panel02_Bubble01,“僵尸的一小步...我的一大步！”
,
,
,
PvZH_Adv_Galactic_Page01_Panel03_Bubble01,“流星Z...绝对力量！”
,
,
,
PvZH_Adv_GrassKnuckles_Page01_Panel01_Bubble01,收到来自僵王博士的消息……主题：拳王菜
,
,
,
PvZH_Adv_GrassKnuckles_Page01_Panel01_Bubble02,“这场比赛被人动了手脚！”
,
,
,
PvZH_Adv_GrassKnuckles_Page01_Panel02_Bubble01,“拳王菜这次绝对别想...”
,
,
,
PvZH_Adv_GrassKnuckles_Page01_Panel03_Bubble01,“...又赢了！”
,
,
,
PvZH_Adv_GrassKnuckles_Page02_Panel01_Bubble01,“呸！敌人太狡猾了...”
,
,
,
PvZH_Adv_GrassKnuckles_Page02_Panel03_Bubble01,“...可咱们也不是吃素的！”
,
,
,
PvZH_Adv_GrassKnuckles_Page03_Panel01_Bubble01,“总算胜利啦！”
,
,
,
PvZH_Adv_GrassKnuckles_Page03_Panel02_Bubble01,“只要能赢...”
,
,
,
PvZH_Adv_GrassKnuckles_Page03_Panel03_Bubble01,“...就不算作弊！”
,
,
,
PvZH_Adv_GrassKnuckles_Pg1_0,点击任意位置继续！
,
,
,
PvZH_Adv_GrassKnuckles_Pg1_0_PC,点击任意位置继续！
,
,
,
PvZH_Adv_GrassKnuckles_Pg2_0,点击任意位置继续！
,
,
,
PvZH_Adv_GrassKnuckles_Pg2_0_PC,点击任意位置继续！
,
,
,
PvZH_Adv_GrassKnuckles_Pg3_0,点击任意位置继续！
,
,
,
PvZH_Adv_GrassKnuckles_Pg3_0_PC,点击任意位置继续！
,
,
,
PvZH_Adv_Greenshadow_Page01_0,点击任意位置继续！
,
,
,
PvZH_Adv_Greenshadow_Page01_0_PC,点击任意位置继续！
,
,
,
PvZH_Adv_GreenShadow_Page01_Panel01_Bubble01,这场烧烤派对糟透了！黑成这样，我连自己烤的脑子热狗都看不清了！
,
,
,
PvZH_Adv_GreenShadow_Page01_Panel01_Bubble02,你们这帮傻蛋，谁去把灯打开！
,
,
,
PvZH_Adv_GreenShadow_Page01_Panel03_Bubble01,笨蛋！那不是灯，那是植物信号。
,
,
,
PvZH_Adv_GreenShadow_Page01_Panel03_Bubble02,那是...绿影侠！
,
,
,
PvZH_Adv_Greenshadow_Page02_0,点击任意位置继续！
,
,
,
PvZH_Adv_Greenshadow_Page02_0_PC,点击任意位置继续！
,
,
,
PvZH_Adv_GreenShadow_Page02_Panel01_Bubble01,哎呀！别别别！
,
,
,
PvZH_Adv_GreenShadow_Page02_Panel02_Bubble01,我的烧烤派对快被搞砸了！赶紧阻止那个射豌豆的讨厌鬼！
,
,
,
PvZH_Adv_GreenShadow_Page02_Panel03_Bubble01,废物啊！
,
,
,
PvZH_Adv_Greenshadow_Page03_0,点击任意位置继续！
,
,
,
PvZH_Adv_Greenshadow_Page03_0_PC,点击任意位置继续！
,
,
,
PvZH_Adv_GreenShadow_Page03_Panel01_Bubble01,去吧，我的强力小兵！干掉她！
,
,
,
PvZH_Adv_GreenShadow_Page03_Panel03_Bubble01,啊哈！胜利的滋味...
,
,
,
PvZH_Adv_GreenShadow_Page03_Panel03_Bubble02,...真是甜美！
,
,
,
PvZH_Adv_Immorticia_Page01_0,点击任意位置继续！
,
,
,
PvZH_Adv_Immorticia_Page01_0_PC,点击任意位置继续！
,
,
,
PvZH_Adv_Immorticia_Page01_Panel01_Bubble01,收到来自疯狂戴夫的消息。主题：不死女妖
,
,
,
PvZH_Adv_Immorticia_Page01_Panel01_Bubble02,“小植物们准备好过万圣节啦！”
,
,
,
PvZH_Adv_Immorticia_Page01_Panel02_Bubble01,“但不死女妖的钟楼里全是蝙蝠...”
,
,
,
PvZH_Adv_Immorticia_Page01_Panel03_Bubble01,“而蝙蝠会召来僵尸...和更多僵尸！”
,
,
,
PvZH_Adv_Immorticia_Page02_0,点击任意位置继续！
,
,
,
PvZH_Adv_Immorticia_Page02_0_PC,点击任意位置继续！
,
,
,
PvZH_Adv_Immorticia_Page02_Panel01_Bubble01,“只有植物英雄才能拯救这些可怜的小植物！”
,
,
,
PvZH_Adv_Immorticia_Page02_Panel02_Bubble01,“但不死女妖的法术...”
,
,
,
PvZH_Adv_Immorticia_Page02_Panel03_Bubble01,“...会不会把他们都困住？”
,
,
,
PvZH_Adv_Immorticia_Page03_0,点击任意位置继续！
,
,
,
PvZH_Adv_Immorticia_Page03_0_PC,点击任意位置继续！
,
,
,
PvZH_Adv_Immorticia_Page03_Panel01_Bubble01,“不死女妖的僵尸蝙蝠会飞...”
,
,
,
PvZH_Adv_Immorticia_Page03_Panel02_Bubble01,“...但在双倍植物面前还是太废。”
,
,
,
PvZH_Adv_Immorticia_Page03_Panel03_Bubble01,“漂亮！那可真是个锦囊牌！”
,
,
,
PvZH_Adv_Impfinity_Page01_0,点击任意位置继续！
,
,
,
PvZH_Adv_Impfinity_Page01_0_PC,点击任意位置继续！
,
,
,
PvZH_Adv_Impfinity_Page01_Panel01_Bubble01,收到来自疯狂戴夫的消息。主题：无穷小子
,
,
,
PvZH_Adv_Impfinity_Page01_Panel01_Bubble02,“妈妈咪呀！有小鬼朝你这儿来了！”
,
,
,
PvZH_Adv_Impfinity_Page01_Panel02_Bubble01,“无穷小子打算来鲨咬海滨乐园捣乱！”
,
,
,
PvZH_Adv_Impfinity_Page01_Panel03_Bubble01,“在他把这片乐园变成死人乐园之前，阻止这个不停分身的烦人精！”
,
,
,
PvZH_Adv_Impfinity_Page02_0,点击任意位置继续！
,
,
,
PvZH_Adv_Impfinity_Page02_0_PC,点击任意位置继续！
,
,
,
PvZH_Adv_Impfinity_Page02_Panel01_Bubble01,“抓稳了，这一路会很疯狂！”
,
,
,
PvZH_Adv_Impfinity_Page02_Panel02_Bubble01,“到处都是小鬼！”
,
,
,
PvZH_Adv_Impfinity_Page02_Panel03_Bubble01,“攻击他的弱点，让他个子变小。”
,
,
,
PvZH_Adv_Impfinity_Page03_0,点击任意位置继续！
,
,
,
PvZH_Adv_Impfinity_Page03_0_PC,点击任意位置继续！
,
,
,
PvZH_Adv_Impfinity_Page03_Panel01_Bubble01,“天哪！刚刚打得真惊险！”
,
,
,
PvZH_Adv_Impfinity_Page03_Panel02_Bubble01,“小害虫被你收拾了，干得好！”
,
,
,
PvZH_Adv_Impfinity_Page03_Panel03_Bubble01,“但我打赌，他很快又会回来的。”
,
,
,
PvZH_Adv_Neptuna_Page01_0,点击任意位置继续！
,
,
,
PvZH_Adv_Neptuna_Page01_0_PC,点击任意位置继续！
,
,
,
PvZH_Adv_Neptuna_Page01_Panel01_Bubble01,收到来自疯狂戴夫的消息。主题：海妖
,
,
,
PvZH_Adv_Neptuna_Page01_Panel01_Bubble02,“邻居你瞧啊！海边漂来个怪东西。”
,
,
,
PvZH_Adv_Neptuna_Page01_Panel02_Bubble01,“是海妖！是个超大的麻烦...”
,
,
,
PvZH_Adv_Neptuna_Page01_Panel03_Bubble01,“...她也能招来大麻烦！”
,
,
,
PvZH_Adv_Neptuna_Page02_0,点击任意位置继续！
,
,
,
PvZH_Adv_Neptuna_Page02_0_PC,点击任意位置继续！
,
,
,
PvZH_Adv_Neptuna_Page02_Panel01_Bubble01,“当心海妖的章鱼宠物！”
,
,
,
PvZH_Adv_Neptuna_Page02_Panel02_Bubble01,“它们的八支爪子个个都难缠得不行。”
,
,
,
PvZH_Adv_Neptuna_Page02_Panel03_Bubble01,“不过来点炸鱿鱼...那也是极好的！”
,
,
,
PvZH_Adv_Neptuna_Page03_0,点击任意位置继续！
,
,
,
PvZH_Adv_Neptuna_Page03_0_PC,点击任意位置继续！
,
,
,
PvZH_Adv_Neptuna_Page03_Panel01_Bubble01,“城堡的墙壁快塌了，他们需要一个计划！”
,
,
,
PvZH_Adv_Neptuna_Page03_Panel02_Bubble01,“给那硬甲壳罪犯来一张网！”
,
,
,
PvZH_Adv_Neptuna_Page03_Panel03_Bubble01,“看来海妖就是咱们今天的收获了！”
,
,
,
PvZH_Adv_NightCap_Page01_Panel01_Bubble01,收到来自僵王博士的消息。\n主题：暗夜菇
,
,
,
PvZH_Adv_NightCap_Page01_Panel01_Bubble02,“我们找到\n暗夜菇的秘密道场了！”
,
,
,
PvZH_Adv_NightCap_Page01_Panel02_Bubble01,“要让他上不成课...”
,
,
,
PvZH_Adv_NightCap_Page01_Panel03_Bubble01,“...只要攻击他就行了！”
,
,
,
PvZH_Adv_NightCap_Page02_Panel01_Bubble01,“乘胜追击！”
,
,
,
PvZH_Adv_NightCap_Page02_Panel02_Bubble01,“别慌！”
,
,
,
PvZH_Adv_NightCap_Page02_Panel03_Bubble01,“别逃！！”
,
,
,
PvZH_Adv_NightCap_Page03_Panel01_Bubble01,“如果觉得情况不妙...”
,
,
,
PvZH_Adv_NightCap_Page03_Panel02_Bubble01,“...记住...”
,
,
,
PvZH_Adv_NightCap_Page03_Panel02_Bubble02,“最好的蘑菇永远是...”
,
,
,
PvZH_Adv_NightCap_Page03_Panel03_Bubble01,“...爆炒蘑菇！”
,
,
,
PvZH_Adv_NightCap_Pg1_0,点击任意位置继续！
,
,
,
PvZH_Adv_NightCap_Pg1_0_PC,点击任意位置继续！
,
,
,
PvZH_Adv_NightCap_Pg2_0,点击任意位置继续！
,
,
,
PvZH_Adv_NightCap_Pg2_0_PC,点击任意位置继续！
,
,
,
PvZH_Adv_NightCap_Pg3_0,点击任意位置继续！
,
,
,
PvZH_Adv_NightCap_Pg3_0_PC,点击任意位置继续！
,
,
,
PvZH_Adv_Professor_Page01_0,点击任意位置继续！
,
,
,
PvZH_Adv_Professor_Page01_0_PC,点击任意位置继续！
,
,
,
PvZH_Adv_Professor_Page01_Panel01_Bubble01,收到来自疯狂戴夫的消息。主题：僵点子教授
,
,
,
PvZH_Adv_Professor_Page01_Panel01_Bubble02,“哎哟读过书就是不一样！”
,
,
,
PvZH_Adv_Professor_Page01_Panel02_Bubble01,“僵点子教授不光洗脑了整座大学...”
,
,
,
PvZH_Adv_Professor_Page01_Panel03_Bubble01,“还派出了他的传送技“尸”！”
,
,
,
PvZH_Adv_Professor_Page02_0,点击任意位置继续！
,
,
,
PvZH_Adv_Professor_Page02_0_PC,点击任意位置继续！
,
,
,
PvZH_Adv_Professor_Page02_Panel02_Bubble01,“传送要用到脑子...”
,
,
,
PvZH_Adv_Professor_Page02_Panel02_Bubble02,“...真可疑。”
,
,
,
PvZH_Adv_Professor_Page02_Panel03_Bubble01,“在僵尸入学率创下历史高峰之前，阻止他！”
,
,
,
PvZH_Adv_Professor_Page03_0,点击任意位置继续！
,
,
,
PvZH_Adv_Professor_Page03_0_PC,点击任意位置继续！
,
,
,
PvZH_Adv_Professor_Page03_Panel01_Bubble02,“看来还是土豆仔机灵！”
,
,
,
PvZH_Adv_Professor_Page03_Panel02_Bubble01,土豆仔！
,
,
,
PvZH_Adv_Professor_Page03_Panel03_Bubble01,“这下那个教授该学到教训啦！”
,
,
,
PvZH_Adv_RedEvent_Page01_ContinueButton,点击任意位置继续
,
,
,
PvZH_Adv_RedEvent_Page01_Panel01_Bubble01,玫瑰传来的信息。(任务)<sup>RED</sup>警报
,
,
,
PvZH_Adv_RedEvent_Page01_Panel01_Bubble02,发送……求救！
,
,
,
PvZH_Adv_RedEvent_Page01_Panel02_Bubble01,玫瑰和她的城堡正危在旦夕！
,
,
,
PvZH_Adv_RedEvent_Page01_Panel02_Bubble02,我知道只需发送植物就可以了！
,
,
,
PvZH_Adv_RedEvent_Page01_Panel03_Bubble01,(任务)<sup>RED</sup>组队前去救援！
,
,
,
PvZH_Adv_RedEvent_Page02_ContinueButton,点击任意位置继续
,
,
,
PvZH_Adv_RedEvent_Page02_Panel01_Bubble01,真可惜！似乎玫瑰不再绽放了！
,
,
,
PvZH_Adv_RedEvent_Page02_Panel03_Bubble01,我称之为花朵能量！
,
,
,
PvZH_Adv_RedEvent_Page03_Panel01_Bubble01,让那些令人恼怒的花朵停下来！
,
,
,
PvZH_Adv_RedEvent_Page03_Panel02_Bubble01,呜哇哇！
,
,
,
PvZH_Adv_RedEvent_Page03_Panel03_Bubble01,让那些(任务)<sup>RED</sup>英雄发动猛攻！
,
,
,
PvZH_Adv_RedEvent_Page03_Panel03_Bubble02,玫瑰带刺，你也敢惹？就送你一堆！
,
,
,
PvZH_Adv_Rose_Page01_0,点击任意位置继续！
,
,
,
PvZH_Adv_Rose_Page01_0_PC,点击任意位置继续！
,
,
,
PvZH_Adv_Rose_Page01_Panel01_Bubble01,收到来自僵王博士的消息。\n主题：玫瑰
,
,
,
PvZH_Adv_Rose_Page01_Panel01_Bubble02,“玫瑰的城堡归咱们啦！”
,
,
,
PvZH_Adv_Rose_Page01_Panel02_Bubble01,"""不用客气，我的喽啰们！"""
,
,
,
PvZH_Adv_Rose_Page01_Panel03_Bubble01,“糟糕！”
,
,
,
PvZH_Adv_Rose_Page02_0,点击任意位置继续！
,
,
,
PvZH_Adv_Rose_Page02_0_PC,点击任意位置继续！
,
,
,
PvZH_Adv_Rose_Page02_Panel01_Bubble01,“当心！”
,
,
,
PvZH_Adv_Rose_Page02_Panel02_Bubble01,“她会让我们...”
,
,
,
PvZH_Adv_Rose_Page02_Panel03_Bubble01,“...都变成\n山羊！”
,
,
,
PvZH_Adv_Rose_Page03_0,点击任意位置继续！
,
,
,
PvZH_Adv_Rose_Page03_0_PC,点击任意位置继续！
,
,
,
PvZH_Adv_Rose_Page03_Panel01_Bubble01,“啊哈！只需要让她的巫术...”
,
,
,
PvZH_Adv_Rose_Page03_Panel02_Bubble01,“...转个向！”
,
,
,
PvZH_Adv_Rose_Page03_Panel03_Bubble01,这咋\n回事？
,
,
,
PvZH_Adv_Rose_Page03_Panel03_Bubble02,咕啊啊...？
,
,
,
PvZH_Adv_Rustbolt_Page01_anim_0,点击任意位置继续！
,
,
,
PvZH_Adv_Rustbolt_Page01_anim_0_PC,点击任意位置继续！
,
,
,
PvZH_Adv_Rustbolt_Page01_Panel01_Bubble01,收到来自疯狂戴夫的消息。主题：锈铁侠
,
,
,
PvZH_Adv_Rustbolt_Page01_Panel01_Bubble02,“我觉得我好像造出过一台时间机器。或者说我将来会造……时间的概念太疯狂了！”
,
,
,
PvZH_Adv_Rustbolt_Page01_Panel02_Bubble01,“锈铁侠正在找零件强化他的装甲。”
,
,
,
PvZH_Adv_Rustbolt_Page01_Panel03_Bubble04,“是时候把他赶出这个垃圾场了！”
,
,
,
PvZH_Adv_Rustbolt_Page02_anim_0,点击任意位置继续！
,
,
,
PvZH_Adv_Rustbolt_Page02_anim_0_PC,点击任意位置继续！
,
,
,
PvZH_Adv_Rustbolt_Page02_Panel01_Bubble01,装甲已激活！1010111！炸飞一切！11011！
,
,
,
PvZH_Adv_Rustbolt_Page02_Panel02_Bubble01,“哎呀！锈铁侠的缩小射线可是个大麻烦！”
,
,
,
PvZH_Adv_Rustbolt_Page02_Panel03_Bubble01,启用大刮铲！
,
,
,
PvZH_Adv_Rustbolt_Page02_Panel03_Bubble02,“别让他缩小植物英雄！”
,
,
,
PvZH_Adv_Rustbolt_Page03_anim_0,点击任意位置继续！
,
,
,
PvZH_Adv_Rustbolt_Page03_anim_0_PC,点击任意位置继续！
,
,
,
PvZH_Adv_Rustbolt_Page03_Panel01_Bubble01,111！1！吃我这招！
,
,
,
PvZH_Adv_Rustbolt_Page03_Panel02_Bubble01,“哎，看那儿！锈铁桶的装甲上有个弱点。”
,
,
,
PvZH_Adv_Rustbolt_Page03_Panel03_Bubble01,“谁会想到僵尸还有这么大的磁性呢？”
,
,
,
PvZH_Adv_Smash_Page01_0,点击任意位置继续！
,
,
,
PvZH_Adv_Smash_Page01_0_PC,点击任意位置继续！
,
,
,
PvZH_Adv_Smash_Page01_Panel01_Bubble01,收到来自疯狂戴夫的消息。主题：摔跤狂
,
,
,
PvZH_Adv_Smash_Page01_Panel01_Bubble02,“乖乖隆地咚！”
,
,
,
PvZH_Adv_Smash_Page01_Panel02_Bubble01,“摔跤狂在狠砸咱们的植物...”
,
,
,
PvZH_Adv_Smash_Page01_Panel03_Bubble01,“...那摔跤招式...太疯狂了！”
,
,
,
PvZH_Adv_Smash_Page02_0,点击任意位置继续！
,
,
,
PvZH_Adv_Smash_Page02_0_PC,点击任意位置继续！
,
,
,
PvZH_Adv_Smash_Page02_Panel01_Bubble01,“叮咚！是时候教训那个笨拙的摔跤手了！”
,
,
,
PvZH_Adv_Smash_Page03_0,点击任意位置继续！
,
,
,
PvZH_Adv_Smash_Page03_0_PC,点击任意位置继续！
,
,
,
PvZH_Adv_Smash_Page03_Panel01_Bubble01,“就是这样！这招漂亮！”
,
,
,
PvZH_Adv_Smash_Page03_Panel01_Bubble02,“我管它叫：炮弹震击！”
,
,
,
PvZH_Adv_Smash_Page03_Panel03_Bubble01,“植物赢得了金腰带、钱包和整个衣柜！”
,
,
,
PvZH_Adv_SolarFlare_Page01_anim_R001_0,点击任意位置继续！
,
,
,
PvZH_Adv_SolarFlare_Page01_anim_R001_0_PC,点击任意位置继续！
,
,
,
PvZH_Adv_SolarFlare_Page01_Panel01_Bubble01,收到来自僵王博士的消息。主题：耀斑花
,
,
,
PvZH_Adv_SolarFlare_Page01_Panel01_Bubble02,“看，敌人又在毫无意义地嬉戏胡闹了...”
,
,
,
PvZH_Adv_SolarFlare_Page01_Panel02_Bubble01,“吓她一大跳！”
,
,
,
PvZH_Adv_SolarFlare_Page02_anim_R001_0,点击任意位置继续！
,
,
,
PvZH_Adv_SolarFlare_Page02_anim_R001_0_PC,点击任意位置继续！
,
,
,
PvZH_Adv_SolarFlare_Page02_Panel01_Bubble01,“她肯定会试着充能...”
,
,
,
PvZH_Adv_SolarFlare_Page02_Panel02_Bubble01,“别给她喘息的机会！”
,
,
,
PvZH_Adv_SolarFlare_Page02_Panel03_Bubble01,哎哟！
,
,
,
PvZH_Adv_SolarFlare_Page02_Panel03_Bubble02,啊呀！
,
,
,
PvZH_Adv_SolarFlare_Page02_Panel03_Bubble03,呃唔！
,
,
,
PvZH_Adv_SolarFlare_Page03_anim_R001_0,点击任意位置继续！
,
,
,
PvZH_Adv_SolarFlare_Page03_anim_R001_0_PC,点击任意位置继续！
,
,
,
PvZH_Adv_SolarFlare_Page03_Panel02_Bubble01,脑——子！
,
,
,
PvZH_Adv_SolarFlare_Page03_Panel02_Bubble02,讨厌！
,
,
,
PvZH_Adv_SolarFlare_Page03_Panel03_Bubble01,“胜利属于我们！”
,
,
,
PvZH_Adv_Spudow_Page01_0,点击任意位置继续！
,
,
,
PvZH_Adv_Spudow_Page01_0_PC,点击任意位置继续！
,
,
,
PvZH_Adv_Spudow_Page01_Panel01_Bubble01,收到来自...
,
,
,
PvZH_Adv_Spudow_Page01_Panel01_Bubble02,...僵王博士的信息。主题：土豆仔
,
,
,
PvZH_Adv_Spudow_Page01_Panel01_Bubble03,“听好了，我的僵尸手下们！”
,
,
,
PvZH_Adv_Spudow_Page01_Panel01_Bubble04,“我正打算物色一个新的地下老巢。”
,
,
,
PvZH_Adv_Spudow_Page01_Panel02_Bubble01,“这座洞穴正合我意。但是首先...”
,
,
,
PvZH_Adv_Spudow_Page01_Panel03_Bubble01,“...要确保卑鄙的植物没在里头潜伏着。”
,
,
,
PvZH_Adv_Spudow_Page02_0,点击任意位置继续！
,
,
,
PvZH_Adv_Spudow_Page02_0_PC,点击任意位置继续！
,
,
,
PvZH_Adv_Spudow_Page02_Panel01_Bubble01,“啊呀！是土豆仔！干掉那个可恶的土豆！”
,
,
,
PvZH_Adv_Spudow_Page02_Panel02_Bubble01,“但是小心他...”
,
,
,
PvZH_Adv_Spudow_Page02_Panel03_Bubble01,“...会爆炸的脑袋！”
,
,
,
PvZH_Adv_Spudow_Page03_0,点击任意位置继续！
,
,
,
PvZH_Adv_Spudow_Page03_0_PC,点击任意位置继续！
,
,
,
PvZH_Adv_Spudow_Page03_Panel01_Bubble01,“够了！快阻止那个烫手土豆！”
,
,
,
PvZH_Adv_Spudow_Page03_Panel03_Bubble01,“精彩！收拾了那个土豆，我现在可以搬进舒适的新老巢啦！”
,
,
,
PvZH_Adv_SuperBrainz_Page01_0,点击任意位置继续！
,
,
,
PvZH_Adv_SuperBrainz_Page01_0_PC,点击任意位置继续！
,
,
,
PvZH_Adv_SuperBrainz_Page01_Panel01_Bubble01,收到来自疯狂戴夫的消息。主题：超尸
,
,
,
PvZH_Adv_SuperBrainz_Page01_Panel01_Bubble02,“英雄入侵了妈呀！超尸在把大都会变成大尸会！”
,
,
,
PvZH_Adv_SuperBrainz_Page01_Panel03_Bubble01,“你得赶紧阻止他，否则就太迟了！”
,
,
,
PvZH_Adv_SuperBrainz_Page02_0,点击任意位置继续！
,
,
,
PvZH_Adv_SuperBrainz_Page02_0_PC,点击任意位置继续！
,
,
,
PvZH_Adv_SuperBrainz_Page02_Panel01_Bubble01,“哎哟喂！似乎超尸比他外表看起来要聪明些！”
,
,
,
PvZH_Adv_SuperBrainz_Page02_Panel02_Bubble01,“而且也更自恋！”
,
,
,
PvZH_Adv_SuperBrainz_Page02_Panel03_Bubble01,“别让那自大的讨厌鬼再捣乱了！”
,
,
,
PvZH_Adv_SuperBrainz_Page03_0,点击任意位置继续！
,
,
,
PvZH_Adv_SuperBrainz_Page03_0_PC,点击任意位置继续！
,
,
,
PvZH_Adv_SuperBrainz_Page03_Panel01_Bubble01,“快看！超尸走神了。就趁现在！”
,
,
,
PvZH_Adv_SuperBrainz_Page03_Panel02_Bubble01,“干得漂亮，你打败超尸啦！”
,
,
,
PvZH_Adv_SuperBrainz_Page03_Panel03_Bubble01,“不过...是我疯癫了吗？那个慈眉善目的记者怎么这么眼熟？”
,
,
,
PvZH_Adv_Torchwood_Page01_0,点击任意位置继续！
,
,
,
PvZH_Adv_Torchwood_Page01_0_PC,点击任意位置继续！
,
,
,
PvZH_Adv_Torchwood_Page01_Panel01_Bubble01,收到来自僵王博士的消息。\n主题：火爆队长
,
,
,
PvZH_Adv_Torchwood_Page01_Panel02_Bubble01,“敌人的追随者气势逼人！”
,
,
,
PvZH_Adv_Torchwood_Page01_Panel03_Bubble01,“他们射的子弹也好烫！”
,
,
,
PvZH_Adv_Torchwood_Page02_0,点击任意位置继续！
,
,
,
PvZH_Adv_Torchwood_Page02_0_PC,点击任意位置继续！
,
,
,
PvZH_Adv_Torchwood_Page02_Panel01_Bubble01,“赶紧阻止那根树桩！”
,
,
,
PvZH_Adv_Torchwood_Page03_0,点击任意位置继续！
,
,
,
PvZH_Adv_Torchwood_Page03_0_PC,点击任意位置继续！
,
,
,
PvZH_Adv_Torchwood_Page03_Panel01_Bubble01,“别出心裁的主意...”
,
,
,
PvZH_Adv_Torchwood_Page03_Panel02_Bubble01,“...解决\n火烧眉毛的问题！”
,
,
,
PvZH_Adv_Torchwood_Page03_Panel03_Bubble01,“打得不错！”
,
,
,
PvZH_Adv_WallKnight_Page01_0,点击任意位置继续！
,
,
,
PvZH_Adv_WallKnight_Page01_0_PC,点击任意位置继续！
,
,
,
PvZH_Adv_WallKnight_Page01_Panel01_Bubble01,收到来自僵王博士的消息。主题：坚果骑士
,
,
,
PvZH_Adv_WallKnight_Page01_Panel01_Bubble02,“可恶的坚果骑士来搅局了！”
,
,
,
PvZH_Adv_WallKnight_Page01_Panel02_Bubble01,“真是放肆！”
,
,
,
PvZH_Adv_WallKnight_Page01_Panel03_Bubble01,“逮住他！”
,
,
,
PvZH_Adv_WallKnight_Page02_0,点击任意位置继续！
,
,
,
PvZH_Adv_WallKnight_Page02_0_PC,点击任意位置继续！
,
,
,
PvZH_Adv_WallKnight_Page02_Panel01_Bubble01,“揍他！”
,
,
,
PvZH_Adv_WallKnight_Page02_Panel02_Bubble01,“包围他！”
,
,
,
PvZH_Adv_WallKnight_Page02_Panel03_Bubble01,“打败他！”
,
,
,
PvZH_Adv_WallKnight_Page03_0,点击任意位置继续！
,
,
,
PvZH_Adv_WallKnight_Page03_0_PC,点击任意位置继续！
,
,
,
PvZH_Adv_WallKnight_Page03_Panel01_Bubble01,呃...
,
,
,
PvZH_Adv_WallKnight_Page03_Panel02_Bubble01,“砸碎他啦！”
,
,
,
PvZH_Adv_WallKnight_Page03_Panel03_Bubble01,“我们赢了！”
,
,
,
PvZH_Adv_ZMech_Page01_Panel01_Bubble01,收到来自疯狂戴夫的消息。主题：Z机甲
,
,
,
PvZH_Adv_ZMech_Page01_Panel01_Bubble02,“看那儿，植物英雄们！邪恶的科学家来了！”
,
,
,
PvZH_Adv_ZMech_Page01_Panel02_Bubble01,“僵王博士正在制造一支Z机甲大军。”
,
,
,
PvZH_Adv_ZMech_Page01_Panel03_Bubble01,“看起来不妙。快上吧！”
,
,
,
PvZH_Adv_ZMech_Page02_Panel01_Bubble01,“突袭他们的邪恶工厂！”
,
,
,
PvZH_Adv_ZMech_Page02_Panel02_Bubble01,“躲开他们的反击！”
,
,
,
PvZH_Adv_ZMech_Page02_Panel03_Bubble01,“如果被包围了，就点亮你们头上的灯泡！”
,
,
,
PvZH_Adv_ZMech_Page03_Panel01_Bubble01,“好耶！Z机甲唯一的弱点...”
,
,
,
PvZH_Adv_ZMech_Page03_Panel02_Bubble01,“...就是遭受攻击！”
,
,
,
PvZH_Adv_ZMech_Page03_Panel03_Bubble01,“给批量生产来个批量销毁！”
,
,
,
PvZH_Adv_ZMech_Pg1_0,点击任意位置继续！
,
,
,
PvZH_Adv_ZMech_Pg1_0_PC,点击任意位置继续！
,
,
,
PvZH_Adv_ZMech_Pg2_0,点击任意位置继续！
,
,
,
PvZH_Adv_ZMech_Pg2_0_PC,点击任意位置继续！
,
,
,
PvZH_Adv_ZMech_Pg3_0,点击任意位置继续！
,
,
,
PvZH_Adv_ZMech_Pg3_0_PC,点击任意位置继续！
,
,
,
PvZH_Int_BrainFreeze_Page01_Panel01_Bubble01,急冻魔登场！
,
,
,
PvZH_Int_BrainFreeze_Page01_Panel01_Bubble02,这只雪人今天真是热得难受。
,
,
,
PvZH_Int_BrainFreeze_Page01_Panel02_Bubble01,不过不用担心。
,
,
,
PvZH_Int_BrainFreeze_Page01_Panel03_Bubble01,急冻魔有办法降降温。
,
,
,
PvZH_Int_Captaincombustible_Page01_Panel01_Bubble01,火爆队长登场！
,
,
,
PvZH_Int_Captaincombustible_Page01_Panel01_Bubble02,魔界来客...
,
,
,
PvZH_Int_Captaincombustible_Page01_Panel02_Bubble01,烈焰熊熊...
,
,
,
PvZH_Int_Captaincombustible_Page01_Panel03_Bubble01,植物伙伴，斗志燃烧！
,
,
,
PvZH_int_Chompzilla_Page01_Panel01_Bubble01,霸王大嘴花登场！
,
,
,
PvZH_int_Chompzilla_Page01_Panel01_Bubble02,大嘴花向来爱吃僵尸。
,
,
,
PvZH_int_Chompzilla_Page01_Panel02_Bubble01,但自从5000型僵尸英雄机器人爆炸以来...
,
,
,
PvZH_int_Chompzilla_Page01_Panel03_Bubble01,...她的食欲扩大了好几倍！
,
,
,
PvZH_Int_Citron_Page01_Panel01_Bubble01,香橼猎手登场！
,
,
,
PvZH_Int_Citron_Page01_Panel01_Bubble02,来啦，一杯橘子汁！
,
,
,
PvZH_Int_Citron_Page01_Panel01_Bubble03,哎哟天哪！
,
,
,
PvZH_Int_Citron_Page01_Panel02_Bubble01,就让香橼猎手和他的橘皮盾...
,
,
,
PvZH_Int_Citron_Page01_Panel03_Bubble01,...挤扁僵王博士吧。
,
,
,
PvZH_Int_Citron_Page01_Panel03_Bubble02,可恶的橘皮怪！
,
,
,
PvZH_Int_ElecBoogaloo_Page01_Panel01_Bubble01,霹雳舞王登场！
,
,
,
PvZH_Int_ElecBoogaloo_Page01_Panel01_Bubble02,迪斯科僵尸的舞步挺漂亮。
,
,
,
PvZH_Int_ElecBoogaloo_Page01_Panel02_Bubble01,但霹雳舞王嘛...
,
,
,
PvZH_Int_ElecBoogaloo_Page01_Panel03_Bubble01,...他的律动要更犀利！
,
,
,
PvZH_Int_Grassknuckles_Page01_Panel01_Bubble01,拳王菜登场！
,
,
,
PvZH_Int_Grassknuckles_Page01_Panel01_Bubble02,这个失败者软趴趴的叶子只会害了他自己，直到……
,
,
,
PvZH_Int_Grassknuckles_Page01_Panel02_Bubble01,...他被英雄机器人转化了！
,
,
,
PvZH_Int_Grassknuckles_Page01_Panel03_Bubble01,现在拳王菜会用枪了！
,
,
,
PvZH_int_Immorticia_Page01_Panel01_Bubble01,不死女妖登场！
,
,
,
PvZH_int_Immorticia_Page01_Panel01_Bubble02,咱们的僵尸女主角正在逃命。
,
,
,
PvZH_int_Immorticia_Page01_Panel02_Bubble01,可恶...
,
,
,
PvZH_int_Immorticia_Page01_Panel02_Bubble02,不死女妖这下也会死吗？
,
,
,
PvZH_int_Immorticia_Page01_Panel03_Bubble01,哈哈！没门儿！ 
,
,
,
PvZH_int_Immorticia_Page01_Panel03_Bubble02,她还能召唤蝙蝠朋友帮忙呢！ 
,
,
,
PvZH_Int_Impfinity_Page01_Panel01_Bubble01,无穷小子登场！
,
,
,
PvZH_Int_Impfinity_Page01_Panel02_Bubble01,这只僵尸真是神通广大...
,
,
,
PvZH_Int_Impfinity_Page01_Panel03_Bubble01,...也神经莫测！
,
,
,
PvZH_Int_Neptuna_Page01_Panel01_Bubble01,海妖登场！
,
,
,
PvZH_Int_Neptuna_Page01_Panel02_Bubble01,她在岸上啥事都没有嘛，还海洋女霸主呢，也不怕招人笑话。
,
,
,
PvZH_Int_Neptuna_Page01_Panel02_Bubble02,看看谁才能笑到最后吧...
,
,
,
PvZH_Int_Neptuna_Page01_Panel03_Bubble01,...天上可要下章鱼了！
,
,
,
PvZH_Int_Nightcap_Page01_Panel01_Bubble01,暗夜菇登场！
,
,
,
PvZH_Int_Nightcap_Page01_Panel02_Bubble01,每当这位足智多谋的菌侠路见不平...
,
,
,
PvZH_Int_Nightcap_Page01_Panel03_Bubble01,...僵尸就有大麻烦了！
,
,
,
PvZH_int_ProfBrainstorm_Page01_Panel01_Bubble01,僵点子教授登场！
,
,
,
PvZH_int_ProfBrainstorm_Page01_Panel01_Bubble02,灵光乍现！
,
,
,
PvZH_int_ProfBrainstorm_Page01_Panel02_Bubble01,他发明出了僵尸传送机！
,
,
,
PvZH_int_ProfBrainstorm_Page01_Panel02_Bubble02,只有一个麻烦的副作用...
,
,
,
PvZH_int_ProfBrainstorm_Page01_Panel03_Bubble01,它会让僵王博士的嫉妒心更严重。
,
,
,
PvZH_Int_Rose_Page01_Panel01_Bubble01,玫瑰登场！
,
,
,
PvZH_Int_Rose_Page01_Panel01_Bubble02,没人能困住这朵花...
,
,
,
PvZH_Int_Rose_Page01_Panel02_Bubble01,唰！
,
,
,
PvZH_Int_Rose_Page01_Panel02_Bubble02,脑——子？
,
,
,
PvZH_Int_Rose_Page01_Panel03_Bubble01,...除非他们想扮恶魔的样子。
,
,
,
PvZH_Int_Rose_Page01_Panel03_Bubble02,脑……子！
,
,
,
PvZH_Int_Rustbolt_Page01_Panel01_Bubble01,锈铁侠登场！
,
,
,
PvZH_Int_Rustbolt_Page01_Panel01_Bubble02,垃圾场出怪事啦！
,
,
,
PvZH_Int_Rustbolt_Page01_Panel02_Bubble01,从残骸里...
,
,
,
PvZH_Int_Rustbolt_Page01_Panel02_Bubble02,一位英雄崛起！
,
,
,
PvZH_Int_Rustbolt_Page01_Panel03_Bubble01,看呐！植物都被缩小了！多亏了他...
,
,
,
PvZH_Int_Rustbolt_Page01_Panel03_Bubble02,...和他的大刮铲？
,
,
,
PvZH_Int_Smash_Page01_Panel01_Bubble01,摔跤狂登场！
,
,
,
PvZH_Int_Smash_Page01_Panel02_Bubble01,只要他看上什么...
,
,
,
PvZH_Int_Smash_Page01_Panel03_Bubble01,...就没人能挡得住！
,
,
,
PvZH_Int_SolarFlare_Page01_Panel01_Bubble01,耀斑花登场！
,
,
,
PvZH_Int_SolarFlare_Page01_Panel01_Bubble02,帮个小忙吧？
,
,
,
PvZH_Int_SolarFlare_Page01_Panel02_Bubble01,这朵热情的鲜花...
,
,
,
PvZH_Int_SolarFlare_Page01_Panel02_Bubble02,...最爱加大火力！
,
,
,
PvZH_Int_SolarFlare_Page01_Panel03_Bubble01,太赞了！
,
,
,
PvZH_int_Spudow_Page01_Panel01_Bubble01,土豆仔登场！
,
,
,
PvZH_int_Spudow_Page01_Panel01_Bubble02,他曾经只是一个小土豆，矜矜业业地忙活自己的地雷事业...
,
,
,
PvZH_int_Spudow_Page01_Panel02_Bubble01,...被英雄机器人转化啦！
,
,
,
PvZH_int_Spudow_Page01_Panel03_Bubble01,如今，他是力大无穷的...
,
,
,
PvZH_int_Spudow_Page01_Panel03_Bubble02,土豆仔！
,
,
,
PvZH_Int_SuperBrains_Page01_Panel01_Bubble01,你总算来了！欢迎来到Z科技总部！
,
,
,
PvZH_Int_SuperBrains_Page01_Panel02_Bubble01,加入我和我强大的僵尸英雄大军，这样我就能统治……\n呃，我们就能统治世界！
,
,
,
PvZH_Int_SuperBrains_Page01_Panel03_Bubble01,对吧，超尸？嘿！说正事呢！
,
,
,
PvZH_int_WallKnight_Page01_Panel01_Bubble01,坚果骑士登场！
,
,
,
PvZH_int_WallKnight_Page01_Panel01_Bubble02,人畜无害的坚果？也许吧。
,
,
,
PvZH_int_WallKnight_Page01_Panel02_Bubble01,但当他的伙伴需要保护的时候...
,
,
,
PvZH_int_WallKnight_Page01_Panel03_Bubble01,...他永远坚不可摧！
,
,
,
PvZH_int_ZMech_Page01_Panel01_Bubble01,Z机甲登场！
,
,
,
PvZH_int_ZMech_Page01_Panel01_Bubble02,那可不是寻常小鬼！
,
,
,
PvZH_int_ZMech_Page01_Panel02_Bubble01,嗯？
,
,
,
PvZH_int_ZMech_Page01_Panel03_Bubble01,好一台威武霸气的植物克星机甲！
,
,
,
QFU_PLANT_HERO_2_DESCRIPTION,完成游戏来解锁新的初始英雄！
,
,
,
QFU_PLANT_HERO_3_DESCRIPTION,完成游戏来解锁最后一位初始植物英雄！
,
,
,
QUEST_BOUNCE_1_CARD_DESCRIPTION,弹射一张牌
,
,
,
QUEST_BOUNCE_1_CARD_TITLE,一起弹吧！
,
,
,
QUEST_BUFF_3_PLANTS_STRENGTH_DESCRIPTION,提高3株植物的力量
,
,
,
QUEST_BUFF_3_PLANTS_STRENGTH_TITLE,举重力士
,
,
,
QUEST_BUFF_3_ZOMBIES_STRENGTH_DESCRIPTION,提高3个僵尸的力量
,
,
,
QUEST_BUFF_3_ZOMBIES_STRENGTH_TITLE,提升！
,
,
,
QUEST_BUFF_PLANT_TO_6_STRENGTH_DESCRIPTION,将一株植物的力量提高至6点
,
,
,
QUEST_BUFF_PLANT_TO_6_STRENGTH_TITLE,强大绿叶
,
,
,
QUEST_BUFF_PLANT_TO_8_STRENGTH_DESCRIPTION,将一张植物牌的力量提高至8点
,
,
,
QUEST_BUFF_PLANT_TO_8_STRENGTH_TITLE,强大绿叶
,
,
,
QUEST_BUFF_ZOMBIE_TO_6_STRENGTH_DESCRIPTION,将一个僵尸的力量提高至6点
,
,
,
QUEST_BUFF_ZOMBIE_TO_6_STRENGTH_TITLE,健壮强大
,
,
,
QUEST_BUFF_ZOMBIE_TO_8_STRENGTH_DESCRIPTION,将一个僵尸的力量提高至8点
,
,
,
QUEST_BUFF_ZOMBIE_TO_8_STRENGTH_TITLE,健壮强大
,
,
,
QUEST_BUILDER_DESCRIPTION,打造一套定制牌组
,
,
,
QUEST_BUILDER_TITLE,建立者
,
,
,
QUEST_COLLECT_5_CARDS_DESCRIPTION,再收集5张牌
,
,
,
QUEST_COLLECT_5_CARDS_TITLE,当上收藏家！
,
,
,
QUEST_COMPLETE,任务完成！
,
,
,
QUEST_CRAFT_1_CARD_DESCRIPTION,打造一张牌
,
,
,
QUEST_CRAFT_1_CARD_EVENT_DESCRIPTION,打造一张牌
,
,
,
QUEST_CRAFT_1_CARD_EVENT_TITLE,款待盛宴： 亮晶晶！
,
,
,
QUEST_CRAFT_1_CARD_TITLE,当上打造者！
,
,
,
QUEST_CRAFT_DESCRIPTION,打造一张新牌（在“收藏”画面里点击它）
,
,
,
QUEST_CRAFT_DESCRIPTION_PC,打造一张新牌（在“收藏”画面里选择它）
,
,
,
QUEST_CRAFT_TITLE,当上打造者！
,
,
,
QUEST_CRAFTING_CRAFT_1_DESCRIPTION,打造1张牌
,
,
,
QUEST_CRAFTING_CRAFT_1_TITLE,打造一张牌
,
,
,
QUEST_CRAFTING_CRAFT_1_TUTORIAL_DESCRIPTION,在你的收藏中点击一张牌来打造！
,
,
,
QUEST_CRAFTING_CRAFT_1_TUTORIAL_DESCRIPTION_PC,在你的收藏中选择一张牌来打造！
,
,
,
QUEST_CRAFTING_CRAFT_3_DESCRIPTION,打造3张牌
,
,
,
QUEST_CRAFTING_CRAFT_3_TITLE,打造卡牌
,
,
,
QUEST_CRAFTING_RECYCLE_1_DESCRIPTION,回收1张牌
,
,
,
QUEST_CRAFTING_RECYCLE_1_TITLE,回收一张牌
,
,
,
QUEST_CRAFTING_RECYCLE_1_TUTORIAL_DESCRIPTION,在你的收藏中点击一张牌来回收！
,
,
,
QUEST_CRAFTING_RECYCLE_1_TUTORIAL_DESCRIPTION_PC,在你的收藏中选择一张牌来回收！
,
,
,
QUEST_CRAFTING_RECYCLE_3_DESCRIPTION,回收3张牌
,
,
,
QUEST_CRAFTING_RECYCLE_3_TITLE,回收卡牌
,
,
,
QUEST_CRAFTING_SELL_1_DESCRIPTION,出售1张牌
,
,
,
QUEST_CRAFTING_SELL_1_TITLE,出售一张牌
,
,
,
QUEST_CRAFTING_SELL_1_TUTORIAL_DESCRIPTION,在你的收藏中点击一张牌来出售！
,
,
,
QUEST_CRAFTING_SELL_3_DESCRIPTION,出售3张牌
,
,
,
QUEST_CRAFTING_SELL_3_TITLE,出售卡牌
,
,
,
QUEST_DESTROY_1_ZOMBIE_DESCRIPTION,消灭一只僵尸
,
,
,
QUEST_DESTROY_1_ZOMBIE_TITLE,僵尸粉碎者！
,
,
,
QUEST_DESTROY_10_PLANTS_DESCRIPTION,消灭10株植物。
,
,
,
QUEST_DESTROY_10_PLANTS_TITLE,植物惩罚者
,
,
,
QUEST_DESTROY_10_ZOMBIES_DESCRIPTION,消灭10只僵尸。
,
,
,
QUEST_DESTROY_10_ZOMBIES_TITLE,僵尸粉碎者
,
,
,
QUEST_DESTROY_20_PLANTS_DESCRIPTION,消灭20株植物
,
,
,
QUEST_DESTROY_20_PLANTS_TITLE,植物惩罚者！
,
,
,
QUEST_DESTROY_20_ZOMBIES_DESCRIPTION,消灭20只僵尸
,
,
,
QUEST_DESTROY_20_ZOMBIES_TITLE,僵尸粉碎者！
,
,
,
QUEST_DESTROY_200_PLANTS_DESCRIPTION,消灭200株植物
,
,
,
QUEST_DESTROY_200_ZOMBIES_DESCRIPTION,消灭200只僵尸
,
,
,
QUEST_DESTROY_25_PLANTS_DESCRIPTION,消灭25株植物
,
,
,
QUEST_DESTROY_25_PLANTS_TITLE,植物惩罚者！
,
,
,
QUEST_DESTROY_25_ZOMBIES_DESCRIPTION,消灭25只僵尸
,
,
,
QUEST_DESTROY_25_ZOMBIES_TITLE,僵尸粉碎者！
,
,
,
QUEST_DESTROY_5_PLANTS_DESCRIPTION,消灭5株植物
,
,
,
QUEST_DESTROY_5_PLANTS_TITLE,植物惩罚者！
,
,
,
QUEST_DESTROY_5_ZOMBIES_DESCRIPTION,消灭5只僵尸
,
,
,
QUEST_DESTROY_5_ZOMBIES_TITLE,僵尸粉碎者！
,
,
,
QUEST_DO_1_BONUS_ATTACK_DESCRIPTION,额外攻击一次
,
,
,
QUEST_DO_1_BONUS_ATTACK_TITLE,带着感觉，再打一次
,
,
,
QUEST_DO_200_DAMAGE_AS_PLANT_DESCRIPTION,对僵尸英雄造成200点伤害
,
,
,
QUEST_DO_200_DAMAGE_AS_PLANT_TITLE,痛击僵尸英雄！
,
,
,
QUEST_DO_200_DAMAGE_AS_ZOMBIE_DESCRIPTION,对植物英雄造成200点伤害
,
,
,
QUEST_DO_200_DAMAGE_AS_ZOMBIE_TITLE,连续猛击植物英雄！
,
,
,
QUEST_DO_30_DAMAGE_AS_PLANT_DESCRIPTION,对僵尸英雄造成30点伤害
,
,
,
QUEST_DO_30_DAMAGE_AS_PLANT_TITLE,痛击僵尸英雄！
,
,
,
QUEST_DO_30_DAMAGE_AS_ZOMBIE_DESCRIPTION,对植物英雄造成30点伤害
,
,
,
QUEST_DO_30_DAMAGE_AS_ZOMBIE_TITLE,痛击植物英雄！
,
,
,
QUEST_DO_30_DAMAGE_DESCRIPTION,对英雄造成30点伤害
,
,
,
QUEST_DO_30_DAMAGE_TITLE,迷你动乱！
,
,
,
QUEST_DO_300_DAMAGE_DESCRIPTION,对英雄造成300点伤害
,
,
,
QUEST_DO_300_DAMAGE_TITLE,超大任务！
,
,
,
QUEST_DO_40_DAMAGE_AS_PLANT_DESCRIPTION,对僵尸英雄造成40点伤害。
,
,
,
QUEST_DO_40_DAMAGE_AS_PLANT_TITLE,痛击僵尸英雄！
,
,
,
QUEST_DO_40_DAMAGE_AS_ZOMBIE_DESCRIPTION,对植物英雄造成40点伤害。
,
,
,
QUEST_DO_40_DAMAGE_AS_ZOMBIE_TITLE,痛击植物英雄！
,
,
,
QUEST_DO_5_ANTIHERO_DAMAGE_DESCRIPTION,使用“克制英雄”卡牌对英雄造成5点伤害
,
,
,
QUEST_DO_5_ANTIHERO_DAMAGE_TITLE,成为我的克制英雄
,
,
,
QUEST_DO_5_BULLSEYE_DAMAGE_DESCRIPTION,使用“必中”卡牌对英雄造成5点伤害
,
,
,
QUEST_DO_5_BULLSEYE_DAMAGE_TITLE,直接打击！
,
,
,
QUEST_DO_5_STRIKETHROUGH_DAMAGE_DESCRIPTION,使用“穿透”卡牌对英雄造成5点伤害
,
,
,
QUEST_DO_5_STRIKETHROUGH_DAMAGE_TITLE,直捣要害
,
,
,
QUEST_DO_50_DAMAGE_DESCRIPTION,对英雄造成50点伤害
,
,
,
QUEST_DO_50_DAMAGE_TITLE,动乱霸主！
,
,
,
QUEST_DO20ASBETACARROTINA_DESCRIPTION,用贝塔胡萝卜蒂娜对英雄造成20点伤害
,
,
,
QUEST_DO20ASBETACARROTINA_TITLE,贝塔胡萝卜蒂娜万岁！
,
,
,
QUEST_DO20ASBRAINFREEZE_DESCRIPTION,用急冻魔对英雄造成20点伤害
,
,
,
QUEST_DO20ASBRAINFREEZE_TITLE,急冻魔万岁！
,
,
,
QUEST_DO20ASCHOMPZILLA_DESCRIPTION,用霸王大嘴花对英雄造成20点伤害
,
,
,
QUEST_DO20ASCHOMPZILLA_TITLE,霸王大嘴花万岁！
,
,
,
QUEST_DO20ASCITRON_DESCRIPTION,用香橼猎手对英雄造成20点伤害
,
,
,
QUEST_DO20ASCITRON_TITLE,香橼猎手万岁！
,
,
,
QUEST_DO20ASCPTCOMBUSTIBLE_DESCRIPTION,用火爆队长对英雄造成20点伤害
,
,
,
QUEST_DO20ASCPTCOMBUSTIBLE_TITLE,火爆队长万岁！
,
,
,
QUEST_DO20ASELECTRICBOOGALOO_DESCRIPTION,用霹雳舞王对英雄造成20点伤害
,
,
,
QUEST_DO20ASELECTRICBOOGALOO_TITLE,霹雳舞王万岁！
,
,
,
QUEST_DO20ASGRASSKNUCKLES_DESCRIPTION,用拳王菜对英雄造成20点伤害
,
,
,
QUEST_DO20ASGRASSKNUCKLES_TITLE,拳王菜万岁！
,
,
,
QUEST_DO20ASGREENSHADOW_DESCRIPTION,用绿影侠对英雄造成20点伤害
,
,
,
QUEST_DO20ASGREENSHADOW_TITLE,绿影侠万岁！
,
,
,
QUEST_DO20ASHUGEGICANTICUS_DESCRIPTION,用至尊大王对英雄造成20点伤害
,
,
,
QUEST_DO20ASHUGEGICANTICUS_TITLE,至尊大王万岁！
,
,
,
QUEST_DO20ASHUGEGIGANTICUS_DESCRIPTION,用至尊大王对英雄造成20点伤害
,
,
,
QUEST_DO20ASHUGEGIGANTICUS_TITLE,至尊大王万岁！
,
,
,
QUEST_DO20ASIMMORTICIA_DESCRIPTION,用不死女妖对英雄造成20点伤害
,
,
,
QUEST_DO20ASIMMORTICIA_TITLE,不死女妖万岁！
,
,
,
QUEST_DO20ASIMPFINITY_DESCRIPTION,用无穷小子对英雄造成20点伤害
,
,
,
QUEST_DO20ASIMPFINITY_TITLE,无穷小子万岁！
,
,
,
QUEST_DO20ASNEPTUNA_DESCRIPTION,用海妖对英雄造成20点伤害
,
,
,
QUEST_DO20ASNEPTUNA_TITLE,海妖万岁！
,
,
,
QUEST_DO20ASNIGHTCAP_DESCRIPTION,用暗夜菇对英雄造成20点伤害
,
,
,
QUEST_DO20ASNIGHTCAP_TITLE,暗夜菇万岁！
,
,
,
QUEST_DO20ASPROFBRAINSTORM_DESCRIPTION,用僵点子教授对英雄造成20点伤害
,
,
,
QUEST_DO20ASPROFBRAINSTORM_TITLE,僵点子教授万岁！
,
,
,
QUEST_DO20ASROSE_DESCRIPTION,用玫瑰对英雄造成20点伤害
,
,
,
QUEST_DO20ASROSE_TITLE,玫瑰万岁！
,
,
,
QUEST_DO20ASRUSTBOLT_DESCRIPTION,用锈铁侠对英雄造成20点伤害
,
,
,
QUEST_DO20ASRUSTBOLT_TITLE,锈铁侠万岁！
,
,
,
QUEST_DO20ASSMASH_DESCRIPTION,用摔跤狂对英雄造成20点伤害
,
,
,
QUEST_DO20ASSMASH_TITLE,摔跤狂万岁！
,
,
,
QUEST_DO20ASSOLARFLARE_DESCRIPTION,用耀斑花对英雄造成20点伤害
,
,
,
QUEST_DO20ASSOLARFLARE_TITLE,耀斑花万岁！
,
,
,
QUEST_DO20ASSPUDOW_DESCRIPTION,用土豆仔对英雄造成20点伤害
,
,
,
QUEST_DO20ASSPUDOW_TITLE,土豆仔万岁！
,
,
,
QUEST_DO20ASSUPERBRAINZ_DESCRIPTION,用超尸对英雄造成20点伤害
,
,
,
QUEST_DO20ASSUPERBRAINZ_TITLE,超尸万岁！
,
,
,
QUEST_DO20ASWALLKNIGHT_DESCRIPTION,用坚果骑士对英雄造成20点伤害
,
,
,
QUEST_DO20ASWALLKNIGHT_TITLE,坚果骑士万岁！
,
,
,
QUEST_DO20ASZMECH_DESCRIPTION,用Z机甲对英雄造成20点伤害
,
,
,
QUEST_DO20ASZMECH_TITLE,Z机甲万岁！
,
,
,
QUEST_DRAW_1_DESC,额外抽取一张牌
,
,
,
QUEST_DRAW_1_DESCRIPTION,额外抽取一张牌
,
,
,
QUEST_DRAW_1_TITLE,赋予你更多力量！
,
,
,
QUEST_EVT_OLYMPICS_TITLE,点燃火炬树桩！
,
,
,
QUEST_EVT_PLAY_10_SPORTS_3_OR_LESS_DESCRIPTION,打出10张花费3点脑子或以下的运动员僵尸
,
,
,
QUEST_EVT_PLAY_10_SPORTS_5_OR_MORE_DESCRIPTION,打出10张花费5点脑子或以上的运动员僵尸
,
,
,
QUEST_EVT_PLAY_3_SPORTS_3_OR_LESS_DESCRIPTION,打出3张花费3点脑子或以下的运动员僵尸
,
,
,
QUEST_EVT_PLAY_3_SPORTS_5_OR_MORE_DESCRIPTION,打出3张花费5点脑子或以上的运动员僵尸
,
,
,
QUEST_EVT_PLAY_5_SPORTS_3_OR_LESS_DESCRIPTION,打出5张花费3点脑子或以下的运动员僵尸
,
,
,
QUEST_EVT_PLAY_5_SPORTS_5_OR_MORE_DESCRIPTION,打出5张花费5点脑子或以上的运动员僵尸
,
,
,
QUEST_F_UNLOCK_DAILY_QUESTS_DESCRIPTION,完成游戏来解锁任务
,
,
,
QUEST_F_UNLOCK_DAILY_QUESTS_TITLE,解锁任务！
,
,
,
QUEST_F_UNLOCK_MULLIGAN_DESCRIPTION,完成游戏来解锁重抽开局手牌。
,
,
,
QUEST_F_UNLOCK_MULLIGAN_TITLE,解锁重抽！
,
,
,
QUEST_F_UNLOCK_PLANT_HERO_2_DESCRIPTION,在植物总部完成一场游戏来获得新的植物英雄！
,
,
,
QUEST_F_UNLOCK_PLANT_HERO_2_TITLE,获得新植物英雄！
,
,
,
QUEST_F_UNLOCK_PLANT_HERO_3_DESCRIPTION,完成游戏来解锁新的植物英雄！
,
,
,
QUEST_F_UNLOCK_PLANT_HERO_3_TITLE,获得新植物英雄！
,
,
,
QUEST_F_UNLOCK_PLANT_HQ_DESCRIPTION,完成游戏来解锁植物总部
,
,
,
QUEST_F_UNLOCK_PLANT_HQ_TITLE,解锁植物总部！
,
,
,
QUEST_F_UNLOCK_ZOMBIE_HERO_2_DESCRIPTION,完成游戏来解锁新的初始僵尸英雄！
,
,
,
QUEST_F_UNLOCK_ZOMBIE_HERO_2_TITLE,获得新僵尸英雄！
,
,
,
QUEST_F_UNLOCK_ZOMBIE_HERO_3_DESCRIPTION,完成游戏来解锁最后一位初始僵尸英雄！
,
,
,
QUEST_F_UNLOCK_ZOMBIE_HERO_3_TITLE,获得新僵尸英雄！
,
,
,
QUEST_F_UNLOCK_ZOMBIE_HQ_DESCRIPTION,完成游戏来解锁僵尸任务
,
,
,
QUEST_F_UNLOCK_ZOMBIE_HQ_TITLE,解锁僵尸任务！
,
,
,
QUEST_FILL_ALL_LANES_PLANTS_DESCRIPTION,线上已有5株植物
,
,
,
QUEST_FILL_ALL_LANES_PLANTS_TITLE,疯狂生长
,
,
,
QUEST_FILL_ALL_LANES_ZOMBIES_DESCRIPTION,在所有线上填满僵尸
,
,
,
QUEST_FILL_ALL_LANES_ZOMBIES_TITLE,僵尸大军
,
,
,
QUEST_FREEZE_1_ZOMBIE_DESCRIPTION,冻结一只僵尸
,
,
,
QUEST_FREEZE_1_ZOMBIE_TITLE,寒潮
,
,
,
QUEST_FREEZE_5_ZOMBIES_EVENT_DESCRIPTION,冻结5张僵尸
,
,
,
QUEST_FREEZE_5_ZOMBIES_EVENT_TITLE,款待盛宴：僵尸人佛斯弟
,
,
,
QUEST_GAIN_10_HEALTH_EVENT_DESCRIPTION,为10位英雄或队友治疗
,
,
,
QUEST_GAIN_10_HEALTH_EVENT_TITLE,(Games for RED)放纵狂欢
,
,
,
QUEST_HEAL_HERO_4_DESCRIPTION,为你的英雄治疗4点生命值
,
,
,
QUEST_HEAL_HERO_4_TITLE,健康体魄
,
,
,
QUEST_HEROES_ELITE_TITLE,英雄精英任务
,
,
,
QUEST_MAKE_2_SUN_DESCRIPTION,产生2点额外阳光
,
,
,
QUEST_MAKE_2_SUN_TITLE,阳光明媚
,
,
,
QUEST_MOD_POWER_DESCRIPTION,更换一名英雄的超能力
,
,
,
QUEST_MOD_POWER_TITLE,当上超级英雄！
,
,
,
QUEST_MOVE_1_CARD_DESCRIPTION,将一位队友移动到其它线上
,
,
,
QUEST_MOVE_1_CARD_TITLE,移动或失去
,
,
,
QUEST_NAVIGATE_STORE_DESCRIPTION,去商店看看
,
,
,
QUEST_NAVIGATE_STORE_TITLE,新的超能力在等着你！
,
,
,
QUEST_NEW,已获得新任务！
,
,
,
QUEST_NEW_QUEST,新
,
,
,
QUEST_PLAY_1_BEAN_DESCRIPTION,打出一张豆子
,
,
,
QUEST_PLAY_1_BEAN_TITLE,豆子出芽！
,
,
,
QUEST_PLAY_10_BEAN_DESCRIPTION,打出10张豆子
,
,
,
QUEST_PLAY_10_BEAN_TITLE,豆子弹幕！
,
,
,
QUEST_PLAY_10_BERRY_DESCRIPTION,打出10张莓果
,
,
,
QUEST_PLAY_10_BERRY_TITLE,莓果弹幕！
,
,
,
QUEST_PLAY_10_DANCING_DESCRIPTION,打出10张跳舞僵尸
,
,
,
QUEST_PLAY_10_DANCING_TITLE,彻夜舞动！
,
,
,
QUEST_PLAY_10_FLOWER_DESCRIPTION,打出10张花朵
,
,
,
QUEST_PLAY_10_FLOWER_TITLE,花朵能量！
,
,
,
QUEST_PLAY_10_GADGET_DESCRIPTION,打出10张科学家僵尸
,
,
,
QUEST_PLAY_10_GADGET_TITLE,科学的胜利！
,
,
,
QUEST_PLAY_10_IMP_DESCRIPTION,打出10张小鬼
,
,
,
QUEST_PLAY_10_IMP_TITLE,走上进步的小“鬼”道！
,
,
,
QUEST_PLAY_10_MONSTERS_EVENT_DESCRIPTION,打出10张怪物僵尸
,
,
,
QUEST_PLAY_10_MONSTERS_EVENT_TITLE,末日草坪：更多怪物！
,
,
,
QUEST_PLAY_10_MUSHROOM_DESCRIPTION,打出10张蘑菇
,
,
,
QUEST_PLAY_10_MUSHROOM_TITLE,蘑拳擦掌！
,
,
,
QUEST_PLAY_10_NUT_DESCRIPTION,打出10张坚果
,
,
,
QUEST_PLAY_10_NUT_TITLE,坚不可摧！
,
,
,
QUEST_PLAY_10_PARTY_ZOMBIES_DESCRIPTION,打出10张派对僵尸
,
,
,
QUEST_PLAY_10_PARTY_ZOMBIES_TITLE,派对狂欢！
,
,
,
QUEST_PLAY_10_PEAS_DESCRIPTION,打出10张豌豆
,
,
,
QUEST_PLAY_10_PEAS_TITLE,海量的豌豆！
,
,
,
QUEST_PLAY_10_PET_DESCRIPTION,打出10张宠物僵尸
,
,
,
QUEST_PLAY_10_PET_TITLE,宠物总动员！
,
,
,
QUEST_PLAY_10_PLANTS_COST_5_OR_MORE_DESCRIPTION,打出10张花费5点阳光或以上的植物
,
,
,
QUEST_PLAY_10_PLANTS_COST_5_OR_MORE_TITLE,强力植物！
,
,
,
QUEST_PLAY_10_SPORTS_DESCRIPTION,打出10张运动员僵尸
,
,
,
QUEST_PLAY_10_SPORTS_TITLE,为主场队伍呐喊！
,
,
,
QUEST_PLAY_10_TRICKS_EVENT_DESCRIPTION,打出10张锦囊牌
,
,
,
QUEST_PLAY_10_TRICKS_EVENT_TITLE,末日草坪：骗到你了吧！
,
,
,
QUEST_PLAY_10_ZOMBIES_COST_5_OR_MORE_DESCRIPTION,打出10张花费5点脑子或以上的僵尸
,
,
,
QUEST_PLAY_10_ZOMBIES_COST_5_OR_MORE_TITLE,怪物蛮力！
,
,
,
QUEST_PLAY_2_GRAVESTONE_DESCRIPTION,打出2张墓碑僵尸
,
,
,
QUEST_PLAY_2_GRAVESTONE_TITLE,来自坟墓！
,
,
,
QUEST_PLAY_2_PLANT_IN_WATER_DESCRIPTION,在水池线上打出2张植物
,
,
,
QUEST_PLAY_2_PLANT_IN_WATER_TITLE,巨渴无比
,
,
,
QUEST_PLAY_2_TEAMUP_DESCRIPTION,打出2株组队植物
,
,
,
QUEST_PLAY_2_TEAMUP_TITLE,团队中不能强调“我”
,
,
,
QUEST_PLAY_2_ZOMBIE_IN_WATER_DESCRIPTION,在水池线上打出2张僵尸
,
,
,
QUEST_PLAY_2_ZOMBIE_IN_WATER_TITLE,悠闲自得
,
,
,
QUEST_PLAY_3_BARREL_DESCRIPTION,打出3张木桶僵尸
,
,
,
QUEST_PLAY_3_BARREL_TITLE,欢乐滚桶！
,
,
,
QUEST_PLAY_3_BEAN_DESCRIPTION,打出3张豆子
,
,
,
QUEST_PLAY_3_BEAN_TITLE,豆子弹幕！
,
,
,
QUEST_PLAY_3_BERRY_DESCRIPTION,打出3张莓果
,
,
,
QUEST_PLAY_3_BERRY_TITLE,莓果部队！
,
,
,
QUEST_PLAY_3_DANCING_DESCRIPTION,打出3张跳舞僵尸
,
,
,
QUEST_PLAY_3_DANCING_TITLE,彻夜舞动！
,
,
,
QUEST_PLAY_3_FLOWER_DESCRIPTION,打出3张花朵
,
,
,
QUEST_PLAY_3_FLOWER_TITLE,花朵能量！
,
,
,
QUEST_PLAY_3_GARGANTUAR_DESCRIPTION,打出3张巨尸
,
,
,
QUEST_PLAY_3_GARGANTUAR_TITLE,超级巨尸！
,
,
,
QUEST_PLAY_3_IMP_DESCRIPTION,打出3张小鬼
,
,
,
QUEST_PLAY_3_IMP_TITLE,走上进步的小“鬼”道！
,
,
,
QUEST_PLAY_3_MUSHROOM_DESCRIPTION,打出3张蘑菇
,
,
,
QUEST_PLAY_3_MUSHROOM_TITLE,蘑拳擦掌！
,
,
,
QUEST_PLAY_3_NUT_DESCRIPTION,打出3张坚果
,
,
,
QUEST_PLAY_3_NUT_TITLE,坚不可摧！
,
,
,
QUEST_PLAY_3_PEAS_DESCRIPTION,打出3张豌豆
,
,
,
QUEST_PLAY_3_PEAS_TITLE,海量的豌豆！
,
,
,
QUEST_PLAY_3_PET_DESCRIPTION,打出3张宠物僵尸
,
,
,
QUEST_PLAY_3_PET_TITLE,宠物总动员！
,
,
,
QUEST_PLAY_3_PIRATE_DESCRIPTION,打出3张海盗僵尸
,
,
,
QUEST_PLAY_3_PIRATE_TITLE,海盗财宝！
,
,
,
QUEST_PLAY_3_PLANTS_COST_4_OR_MORE_DESCRIPTION,打出3张花费4点阳光或以上的植物
,
,
,
QUEST_PLAY_3_PLANTS_COST_4_OR_MORE_TITLE,强力植物！
,
,
,
QUEST_PLAY_3_SCIENCE_DESCRIPTION,打出3科学家僵尸
,
,
,
QUEST_PLAY_3_SCIENCE_TITLE,科学的胜利！
,
,
,
QUEST_PLAY_3_SPORTS_DESCRIPTION,打出3张运动员僵尸
,
,
,
QUEST_PLAY_3_SPORTS_TITLE,为主场队伍呐喊！
,
,
,
QUEST_PLAY_3_TRICKS_DESCRIPTION,打出3张锦囊牌
,
,
,
QUEST_PLAY_3_TRICKS_TITLE,帽子戏法
,
,
,
QUEST_PLAY_3_ZOMBIES_COST_4_OR_MORE_DESCRIPTION,打出3张花费4点脑子或以上的僵尸
,
,
,
QUEST_PLAY_3_ZOMBIES_COST_4_OR_MORE_TITLE,怪物蛮力！
,
,
,
QUEST_PLAY_30_IMP_DESCRIPTION,打出30张小鬼
,
,
,
QUEST_PLAY_30_PEAS_DESCRIPTION,打出30张豌豆
,
,
,
QUEST_PLAY_5_ANIMAL_DESCRIPTION,打出10张野兽。
,
,
,
QUEST_PLAY_5_ANIMAL_TITLE,打出10张野兽！
,
,
,
QUEST_PLAY_5_BARREL_DESCRIPTION,打出5张木桶僵尸！
,
,
,
QUEST_PLAY_5_BARREL_TITLE,欢乐滚桶！
,
,
,
QUEST_PLAY_5_BEAN_DESCRIPTION,打出5张豆子。
,
,
,
QUEST_PLAY_5_BEAN_TITLE,豆子弹幕！
,
,
,
QUEST_PLAY_5_BERRY_DESCRIPTION,打出5张莓果。
,
,
,
QUEST_PLAY_5_BERRY_TITLE,莓果弹幕！
,
,
,
QUEST_PLAY_5_DANCING_DESCRIPTION,打出10张跳舞僵尸。
,
,
,
QUEST_PLAY_5_DANCING_TITLE,打出10张跳舞僵尸！
,
,
,
QUEST_PLAY_5_FLOWER_DESCRIPTION,打出5张花朵。
,
,
,
QUEST_PLAY_5_FLOWER_TITLE,花朵能量！
,
,
,
QUEST_PLAY_5_GOURMET_EVENT_DESCRIPTION,打出5张美味部落中的牌
,
,
,
QUEST_PLAY_5_GOURMET_EVENT_TITLE,食物大战：美味！
,
,
,
QUEST_PLAY_5_IMP_DESCRIPTION,打出10张小鬼。
,
,
,
QUEST_PLAY_5_IMP_TITLE,打出10张小鬼！
,
,
,
QUEST_PLAY_5_MUSHROOM_DESCRIPTION,打出5张蘑菇。
,
,
,
QUEST_PLAY_5_MUSHROOM_TITLE,蘑拳擦掌！
,
,
,
QUEST_PLAY_5_NUT_DESCRIPTION,打出5张坚果。
,
,
,
QUEST_PLAY_5_NUT_TITLE,坚不可摧！
,
,
,
QUEST_PLAY_5_PEASHOOTER_DESCRIPTION,打出5张豌豆射手。
,
,
,
QUEST_PLAY_5_PEASHOOTER_TITLE,豌豆射手过剩！
,
,
,
QUEST_PLAY_5_PIRATE_DESCRIPTION,打出5张海盗僵尸
,
,
,
QUEST_PLAY_5_PIRATE_TITLE,海盗财宝！
,
,
,
QUEST_PLAY_5_PLANTS_COST_3_OR_LESS_DESCRIPTION,打出5张花费3点阳光或以下的植物
,
,
,
QUEST_PLAY_5_PLANTS_COST_3_OR_LESS_TITLE,个子小力气大！
,
,
,
QUEST_PLAY_5_PLANTS_COST_5_OR_MORE_DESCRIPTION,打出5张花费5点阳光或以上的植物
,
,
,
QUEST_PLAY_5_PLANTS_COST_5_OR_MORE_TITLE,强力植物！
,
,
,
QUEST_PLAY_5_SCIENCE_DESCRIPTION,打出10张道具僵尸。
,
,
,
QUEST_PLAY_5_SCIENCE_TITLE,打出10张道具僵尸！
,
,
,
QUEST_PLAY_5_SPORTS_DESCRIPTION,打出10张运动员僵尸。
,
,
,
QUEST_PLAY_5_SPORTS_TITLE,打出10张运动员僵尸！
,
,
,
QUEST_PLAY_5_SQUASH_EVENT_DESCRIPTION,打出5张窝瓜
,
,
,
QUEST_PLAY_5_SQUASH_EVENT_TITLE,末日草坪：从高处呼啸而过！
,
,
,
QUEST_PLAY_5_ZOMBIES_COST_3_OR_LESS_DESCRIPTION,打出5张花费3点脑子或以下的僵尸
,
,
,
QUEST_PLAY_5_ZOMBIES_COST_3_OR_LESS_TITLE,越小越缠人！
,
,
,
QUEST_PLAY_5_ZOMBIES_COST_5_OR_MORE_DESCRIPTION,打出5张花费5点脑子或以上的僵尸
,
,
,
QUEST_PLAY_5_ZOMBIES_COST_5_OR_MORE_TITLE,怪物蛮力！
,
,
,
QUEST_PLAY_50_PLANTS_COST_3_OR_LESS_DESCRIPTION,打出50张花费3点阳光或以下的植物
,
,
,
QUEST_PLAY_50_PLANTS_COST_5_OR_MORE_DESCRIPTION,打出50张花费5点阳光或以上的植物
,
,
,
QUEST_PLAY_50_ZOMBIES_COST_3_OR_LESS_DESCRIPTION,打出50张花费3点脑子或以下的僵尸
,
,
,
QUEST_PLAY_50_ZOMBIES_COST_5_OR_MORE_DESCRIPTION,打出50张花费5点脑子或以上的僵尸
,
,
,
QUEST_PLAY_CORNUCOPIA_EVENT_DESCRIPTION,打出一张丰饶玉米角
,
,
,
QUEST_PLAY_CORNUCOPIA_EVENT_TITLE,食物大战：见见我的朋友
,
,
,
QUEST_PLAY_FIREWORKS_ZOMBIE_EVENT_DESCRIPTION,打出一张焰火僵尸
,
,
,
QUEST_PLAY_FIREWORKS_ZOMBIE_EVENT_TITLE,款待盛宴：烟火秀
,
,
,
QUEST_PLAY_MEDIC_EVENT_DESCRIPTION,打出一张医疗牌
,
,
,
QUEST_PLAY_MEDIC_EVENT_TITLE,(Games for RED)求救警报
,
,
,
QUEST_PLAY_PEPPER_MD_EVENT_DESCRIPTION,打出一张辣椒博士
,
,
,
QUEST_PLAY_PEPPER_MD_EVENT_TITLE,(Games for RED)篡改伪造
,
,
,
QUEST_PLAY_SWEET_POTATO_EVENT_DESCRIPTION,打出一张甜土豆
,
,
,
QUEST_PLAY_SWEET_POTATO_EVENT_TITLE,食物大战：甜蜜蜜
,
,
,
QUEST_PROGRESS,任务进行中
,
,
,
QUEST_RANKED_DESTROY_25_PLANTS_DESCRIPTION,在多人游戏中消灭25株植物
,
,
,
QUEST_RANKED_DESTROY_25_PLANTS_TITLE,多人游戏植物惩罚者！
,
,
,
QUEST_RANKED_DESTROY_25_ZOMBIES_DESCRIPTION,在多人游戏中消灭25只僵尸
,
,
,
QUEST_RANKED_DESTROY_25_ZOMBIES_TITLE,多人游戏僵尸粉碎者！
,
,
,
QUEST_REFRESH_DESCRIPTION,用自动组牌来调整你的牌组
,
,
,
QUEST_REFRESH_TITLE,焕然一新！
,
,
,
QUEST_REFRESHING,正在刷新……
,
,
,
QUEST_REWARD,奖励
,
,
,
QUEST_SERVER_ERROR,通讯错误。即将重试：
,
,
,
QUEST_TAB_BUTTON_TITLE,任务
,
,
,
QUEST_TURN_IN,连接网络来刷新任务
,
,
,
QUEST_UNLOCK_DAVE_1,嗨！我叫疯狂戴夫！\n……但你可以叫我疯狂戴夫！
,
,
,
QUEST_UNLOCK_DAVE_2,欢迎来到控制中心。\n这里有不少超级重要的东西。
,
,
,
QUEST_UNLOCK_DAVE_3,如果你想找点事情做，可以点下那边的东西看一看。
,
,
,
QUEST_UNLOCK_DAVE_3_PC,首先，你可以去那边找找，看看我为你准备了什么任务！
,
,
,
QUEST_UNLOCK_DAVE_4,这里有大量非凡的任务。完成就能获得超级疯狂的奖励哦。
,
,
,
QUEST_UNLOCK_DAVE_5,看到那个英雄标签没？这些任务能让你更了解每个英雄。
,
,
,
QUEST_UNLOCK_DAVE_6,四周都看看，然后回到控制中心。你的第一个任务已经到来了！
,
,
,
QUEST_UNLOCK_DAVE_7,点击植物任务即可开始你的第一项任务！
,
,
,
QUEST_UNLOCK_DAVE_7_PC,选择植物任务即可开始你的第一项任务！
,
,
,
QUEST_UNLOCK_TEAM_EDITOR_DESCRIPTION,完成游戏来解锁牌组配置
,
,
,
QUEST_UNLOCK_TEAM_EDITOR_TITLE,解锁牌组配置！
,
,
,
QUEST_WIN_1_AS_BEASTLY_DESCRIPTION,用猛兽僵尸英雄赢得一场游戏
,
,
,
QUEST_WIN_1_AS_BEASTLY_TITLE,猛兽的胜利！
,
,
,
QUEST_WIN_1_AS_BRAINFREEZE_DESCRIPTION,用急冻魔赢得一场游戏
,
,
,
QUEST_WIN_1_AS_BRAINFREEZE_TITLE,急冻魔的胜利！
,
,
,
QUEST_WIN_1_AS_BRAINY_DESCRIPTION,用有脑僵尸英雄赢得一场游戏
,
,
,
QUEST_WIN_1_AS_BRAINY_TITLE,有脑的胜利！
,
,
,
QUEST_WIN_1_AS_CHOMPER_DESCRIPTION,用霸王大嘴花赢得一场游戏
,
,
,
QUEST_WIN_1_AS_CHOMPER_TITLE,霸王大嘴花的胜利！
,
,
,
QUEST_WIN_1_AS_CITRON_DESCRIPTION,用香橼猎手赢得一场游戏
,
,
,
QUEST_WIN_1_AS_CITRON_TITLE,香橼猎手的胜利！
,
,
,
QUEST_WIN_1_AS_CPTBRAINZ_DESCRIPTION,用超尸赢得一场游戏
,
,
,
QUEST_WIN_1_AS_CPTBRAINZ_TITLE,超尸的胜利！
,
,
,
QUEST_WIN_1_AS_CRAZY_DESCRIPTION,用疯狂僵尸英雄赢得一场游戏
,
,
,
QUEST_WIN_1_AS_CRAZY_TITLE,疯狂的胜利！
,
,
,
QUEST_WIN_1_AS_CYBORG_DESCRIPTION,用锈铁侠赢得一场游戏
,
,
,
QUEST_WIN_1_AS_CYBORG_TITLE,锈铁侠的胜利！
,
,
,
QUEST_WIN_1_AS_DISCO_DESCRIPTION,用霹雳舞王赢得一场游戏
,
,
,
QUEST_WIN_1_AS_DISCO_TITLE,霹雳舞王的胜利！
,
,
,
QUEST_WIN_1_AS_GARGANTUAR_DESCRIPTION,用摔跤狂赢得一场游戏
,
,
,
QUEST_WIN_1_AS_GARGANTUAR_TITLE,摔跤狂的胜利！
,
,
,
QUEST_WIN_1_AS_GRASS_KNUCKLES_DESCRIPTION,用拳王菜赢得一场游戏
,
,
,
QUEST_WIN_1_AS_GRASS_KNUCKLES_TITLE,拳王菜的胜利！
,
,
,
QUEST_WIN_1_AS_GREEN_SHADOW_DESCRIPTION,用绿影侠赢得一场游戏
,
,
,
QUEST_WIN_1_AS_GREEN_SHADOW_TITLE,绿影侠的胜利！
,
,
,
QUEST_WIN_1_AS_GUARDIAN_DESCRIPTION,用守卫植物英雄赢得一场游戏
,
,
,
QUEST_WIN_1_AS_GUARDIAN_TITLE,守卫的胜利！
,
,
,
QUEST_WIN_1_AS_HEARTY_DESCRIPTION,用健壮僵尸英雄赢得一场游戏
,
,
,
QUEST_WIN_1_AS_HEARTY_TITLE,健壮的胜利！
,
,
,
QUEST_WIN_1_AS_IMPFINITY_DESCRIPTION,用无穷小子赢得一场游戏
,
,
,
QUEST_WIN_1_AS_IMPFINITY_TITLE,无穷小子的胜利！
,
,
,
QUEST_WIN_1_AS_KABLOOM_DESCRIPTION,用爆花植物英雄赢得一场游戏
,
,
,
QUEST_WIN_1_AS_KABLOOM_TITLE,爆花的胜利！
,
,
,
QUEST_WIN_1_AS_MEGAGRO_DESCRIPTION,用猛长植物英雄赢得一场游戏
,
,
,
QUEST_WIN_1_AS_MEGAGRO_TITLE,猛长的胜利！
,
,
,
QUEST_WIN_1_AS_NEPTUNA_DESCRIPTION,用海妖赢得一场游戏
,
,
,
QUEST_WIN_1_AS_NEPTUNA_TITLE,海妖的胜利！
,
,
,
QUEST_WIN_1_AS_NIGHTCAP_DESCRIPTION,用暗夜菇赢得一场游戏
,
,
,
QUEST_WIN_1_AS_NIGHTCAP_TITLE,暗夜菇的胜利！
,
,
,
QUEST_WIN_1_AS_PROFESSOR_DESCRIPTION,用僵点子教授赢得一场游戏
,
,
,
QUEST_WIN_1_AS_PROFESSOR_TITLE,僵点子教授的胜利！
,
,
,
QUEST_WIN_1_AS_ROSE_DESCRIPTION,用玫瑰赢得一场游戏
,
,
,
QUEST_WIN_1_AS_ROSE_TITLE,玫瑰的胜利！
,
,
,
QUEST_WIN_1_AS_SCORTCHWOOD_DESCRIPTION,用火爆队长赢得一场游戏
,
,
,
QUEST_WIN_1_AS_SCORTCHWOOD_TITLE,火爆队长的胜利！
,
,
,
QUEST_WIN_1_AS_SMARTY_DESCRIPTION,用聪明植物英雄赢得一场游戏
,
,
,
QUEST_WIN_1_AS_SMARTY_TITLE,聪明的胜利！
,
,
,
QUEST_WIN_1_AS_SNEAKY_DESCRIPTION,用狡猾僵尸英雄赢得一场游戏
,
,
,
QUEST_WIN_1_AS_SNEAKY_TITLE,狡猾的胜利！
,
,
,
QUEST_WIN_1_AS_SOLAR_DESCRIPTION,用光能植物英雄赢得一场游戏
,
,
,
QUEST_WIN_1_AS_SOLAR_FLARE_DESCRIPTION,用耀斑花赢得一场游戏
,
,
,
QUEST_WIN_1_AS_SOLAR_FLARE_TITLE,耀斑花的胜利！
,
,
,
QUEST_WIN_1_AS_SOLAR_TITLE,光能的胜利！
,
,
,
QUEST_WIN_1_AS_SPUDOW_DESCRIPTION,用土豆仔赢得一场游戏
,
,
,
QUEST_WIN_1_AS_SPUDOW_TITLE,土豆仔胜利！
,
,
,
QUEST_WIN_1_AS_WALL_KNIGHT_DESCRIPTION,用坚果骑士赢得一场游戏
,
,
,
QUEST_WIN_1_AS_WALL_KNIGHT_TITLE,坚果骑士的胜利！
,
,
,
QUEST_WIN_1_AS_WITCH_DESCRIPTION,用不死女妖赢得一场游戏
,
,
,
QUEST_WIN_1_AS_WITCH_TITLE,不死女妖的胜利！
,
,
,
QUEST_WIN_1_AS_ZMECH_DESCRIPTION,用Z机甲赢得一场游戏
,
,
,
QUEST_WIN_1_AS_ZMECH_TITLE,Z机甲的胜利！
,
,
,
QUEST_WIN_10_AS_PLANTS_DESCRIPTION,用植物英雄赢得10场游戏
,
,
,
QUEST_WIN_10_AS_ZOMBIES_DESCRIPTION,用僵尸英雄赢得10场游戏
,
,
,
QUEST_WIN_2_AS_PLANTS_DESCRIPTION,用植物英雄赢得2场游戏
,
,
,
QUEST_WIN_2_AS_PLANTS_TITLE,植物的胜利！
,
,
,
QUEST_WIN_2_AS_SPUDOW_DESCRIPTION,用土豆仔赢得2场游戏。
,
,
,
QUEST_WIN_2_AS_SPUDOW_TITLE,土豆仔胜利！
,
,
,
QUEST_WIN_2_AS_ZOMBIES_DESCRIPTION,用僵尸英雄赢得2场游戏
,
,
,
QUEST_WIN_2_AS_ZOMBIES_TITLE,僵尸的胜利！
,
,
,
QUEST_WIN_2_DESCRIPTION,赢得2场游戏
,
,
,
QUEST_WIN_2_TITLE,双重赢家！
,
,
,
QUEST_WIN_3_AS_BRAINY_DESCRIPTION,用有脑僵尸英雄赢得3场游戏
,
,
,
QUEST_WIN_3_AS_BRAINY_OR_HEARTY_DESCRIPTION,用有脑或健壮英雄赢得3场游戏
,
,
,
QUEST_WIN_3_AS_BRAINY_OR_HEARTY_TITLE,有脑/健壮的胜利！
,
,
,
QUEST_WIN_3_AS_BRAINY_OR_HUNGRY_DESCRIPTION,用有脑或猛兽英雄赢得3场游戏
,
,
,
QUEST_WIN_3_AS_BRAINY_OR_HUNGRY_TITLE,有脑/猛兽的胜利！
,
,
,
QUEST_WIN_3_AS_BRAINY_OR_MADCAP_DESCRIPTION,用有脑或疯狂英雄赢得3场游戏
,
,
,
QUEST_WIN_3_AS_BRAINY_OR_MADCAP_TITLE,有脑/疯狂的胜利！
,
,
,
QUEST_WIN_3_AS_BRAINY_OR_SNEAKY_DESCRIPTION,用有脑或狡猾英雄赢得3场游戏
,
,
,
QUEST_WIN_3_AS_BRAINY_OR_SNEAKY_TITLE,有脑/狡猾的胜利！
,
,
,
QUEST_WIN_3_AS_BRAINY_TITLE,有脑的胜利！
,
,
,
QUEST_WIN_3_AS_GUARDIAN_DESCRIPTION,用守卫植物英雄赢得3场游戏
,
,
,
QUEST_WIN_3_AS_GUARDIAN_OR_MEGAGRO_DESCRIPTION,用守卫或猛长英雄赢得3场游戏
,
,
,
QUEST_WIN_3_AS_GUARDIAN_OR_MEGAGRO_TITLE,守卫/猛长的胜利！
,
,
,
QUEST_WIN_3_AS_GUARDIAN_OR_SMARTY_DESCRIPTION,用守卫或聪明英雄赢得3场游戏
,
,
,
QUEST_WIN_3_AS_GUARDIAN_OR_SMARTY_TITLE,守卫/聪明的胜利！
,
,
,
QUEST_WIN_3_AS_GUARDIAN_TITLE,守卫的胜利！
,
,
,
QUEST_WIN_3_AS_HEARTY_DESCRIPTION,用健壮僵尸英雄赢得3场游戏
,
,
,
QUEST_WIN_3_AS_HEARTY_OR_HUNGRY_DESCRIPTION,用健壮或猛兽英雄赢得3场游戏
,
,
,
QUEST_WIN_3_AS_HEARTY_OR_HUNGRY_TITLE,健壮/猛兽的胜利！
,
,
,
QUEST_WIN_3_AS_HEARTY_OR_SNEAKY_DESCRIPTION,用健壮或狡猾英雄赢得3场游戏
,
,
,
QUEST_WIN_3_AS_HEARTY_OR_SNEAKY_TITLE,健壮/狡猾的胜利！
,
,
,
QUEST_WIN_3_AS_HEARTY_TITLE,健壮的胜利！
,
,
,
QUEST_WIN_3_AS_HUNGRY_DESCRIPTION,用猛兽僵尸英雄赢得3场游戏
,
,
,
QUEST_WIN_3_AS_HUNGRY_OR_SNEAKY_DESCRIPTION,用猛兽或狡猾英雄赢得3场游戏
,
,
,
QUEST_WIN_3_AS_HUNGRY_OR_SNEAKY_TITLE,猛兽/狡猾的胜利！
,
,
,
QUEST_WIN_3_AS_HUNGRY_TITLE,猛兽的胜利！
,
,
,
QUEST_WIN_3_AS_KABLOOM_DESCRIPTION,用爆花植物英雄赢得3场游戏
,
,
,
QUEST_WIN_3_AS_KABLOOM_OR_GUARDIAN_DESCRIPTION,用爆花或守卫英雄赢得3场游戏
,
,
,
QUEST_WIN_3_AS_KABLOOM_OR_GUARDIAN_TITLE,爆花/守卫的胜利！
,
,
,
QUEST_WIN_3_AS_KABLOOM_TITLE,爆花的胜利！
,
,
,
QUEST_WIN_3_AS_MADCAP_DESCRIPTION,用疯狂僵尸英雄赢得3场游戏
,
,
,
QUEST_WIN_3_AS_MADCAP_OR_HEARTY_DESCRIPTION,用疯狂或健壮英雄赢得3场游戏
,
,
,
QUEST_WIN_3_AS_MADCAP_OR_HEARTY_TITLE,疯狂/健壮的胜利！
,
,
,
QUEST_WIN_3_AS_MADCAP_OR_HUNGRY_DESCRIPTION,用疯狂或猛兽英雄赢得3场游戏
,
,
,
QUEST_WIN_3_AS_MADCAP_OR_HUNGRY_TITLE,疯狂/猛兽的胜利！
,
,
,
QUEST_WIN_3_AS_MADCAP_OR_SNEAKY_DESCRIPTION,用疯狂或狡猾英雄赢得3场游戏
,
,
,
QUEST_WIN_3_AS_MADCAP_OR_SNEAKY_TITLE,疯狂/狡猾的胜利！
,
,
,
QUEST_WIN_3_AS_MADCAP_TITLE,疯狂的胜利！
,
,
,
QUEST_WIN_3_AS_MEGAGRO_DESCRIPTION,用猛长植物英雄赢得3场游戏
,
,
,
QUEST_WIN_3_AS_MEGAGRO_OR_KABLOOM_DESCRIPTION,用猛长或爆花英雄赢得3场游戏
,
,
,
QUEST_WIN_3_AS_MEGAGRO_OR_KABLOOM_TITLE,猛长/爆花的胜利！
,
,
,
QUEST_WIN_3_AS_MEGAGRO_OR_SMARTY_DESCRIPTION,用猛长或聪明英雄赢得3场游戏
,
,
,
QUEST_WIN_3_AS_MEGAGRO_OR_SMARTY_TITLE,猛长/聪明的胜利！
,
,
,
QUEST_WIN_3_AS_MEGAGRO_OR_SOLAR_DESCRIPTION,用猛长或光能英雄赢得3场游戏
,
,
,
QUEST_WIN_3_AS_MEGAGRO_OR_SOLAR_TITLE,猛长/光能的胜利！
,
,
,
QUEST_WIN_3_AS_MEGAGRO_TITLE,猛长的胜利！
,
,
,
QUEST_WIN_3_AS_SMARTY_DESCRIPTION,用聪明植物英雄赢得3场游戏
,
,
,
QUEST_WIN_3_AS_SMARTY_OR_KABLOOM_DESCRIPTION,用聪明或爆花英雄赢得3场游戏
,
,
,
QUEST_WIN_3_AS_SMARTY_OR_KABLOOM_TITLE,聪明/爆花的胜利！
,
,
,
QUEST_WIN_3_AS_SMARTY_OR_SOLAR_DESCRIPTION,用聪明或光能英雄赢得3场游戏
,
,
,
QUEST_WIN_3_AS_SMARTY_OR_SOLAR_TITLE,聪明/光能的胜利！
,
,
,
QUEST_WIN_3_AS_SMARTY_TITLE,聪明的胜利！
,
,
,
QUEST_WIN_3_AS_SNEAKY_DESCRIPTION,用狡猾僵尸英雄赢得3场游戏
,
,
,
QUEST_WIN_3_AS_SNEAKY_TITLE,狡猾的胜利！
,
,
,
QUEST_WIN_3_AS_SOLAR_DESCRIPTION,用光能植物英雄赢得3场游戏。
,
,
,
QUEST_WIN_3_AS_SOLAR_OR_KABLOOM_DESCRIPTION,用光能或爆花英雄赢得3场游戏
,
,
,
QUEST_WIN_3_AS_SOLAR_OR_KABLOOM_TITLE,光能/爆花的胜利！
,
,
,
QUEST_WIN_3_AS_SOLAR_TITLE,光能的胜利！
,
,
,
QUEST_WIN_5_PVP_DESCRIPTION,赢得5场多人游戏
,
,
,
QUEST_WIN_5_PVP_TITLE,当上赢家！
,
,
,
QUEST_WIN_6_AS_PLANT_DESCRIPTION,用植物英雄赢得6场游戏
,
,
,
QUEST_WIN_6_AS_PLANT_TITLE,植物的胜利！
,
,
,
QUEST_WIN_6_AS_ZOMBIE_DESCRIPTION,用僵尸英雄赢得6场游戏
,
,
,
QUEST_WIN_6_AS_ZOMBIE_TITLE,僵尸的胜利！
,
,
,
QUEST_WIN_AS_BRAINFREEZE_DESCRIPTION,用急冻魔赢得2场游戏。
,
,
,
QUEST_WIN_AS_BRAINFREEZE_TITLE,急冻魔的胜利！
,
,
,
QUEST_WIN_AS_CHOMPER_DESCRIPTION,用霸王大嘴花赢得2场游戏。
,
,
,
QUEST_WIN_AS_CHOMPER_TITLE,霸王大嘴花的胜利！
,
,
,
QUEST_WIN_AS_CITRON_DESCRIPTION,用香橼猎手赢得2场游戏。
,
,
,
QUEST_WIN_AS_CITRON_TITLE,香橼猎手的胜利！
,
,
,
QUEST_WIN_AS_CPTBRAINZ_DESCRIPTION,用超尸赢得2场游戏。
,
,
,
QUEST_WIN_AS_CPTBRAINZ_TITLE,超尸的胜利！
,
,
,
QUEST_WIN_AS_CYBORG_DESCRIPTION,用锈铁侠赢得2场游戏。
,
,
,
QUEST_WIN_AS_CYBORG_TITLE,锈铁侠的胜利！
,
,
,
QUEST_WIN_AS_DISCO_DESCRIPTION,用霹雳舞王赢得2场游戏
,
,
,
QUEST_WIN_AS_DISCO_TITLE,霹雳舞王的胜利！
,
,
,
QUEST_WIN_AS_GARG_DESCRIPTION,用摔跤狂赢得游戏
,
,
,
QUEST_WIN_AS_GARG_TITLE,摔跤狂的胜利！
,
,
,
QUEST_WIN_AS_GARGANTUAR_DESCRIPTION,用摔跤狂赢得2场游戏。
,
,
,
QUEST_WIN_AS_GARGANTUAR_TITLE,摔跤狂的胜利！
,
,
,
QUEST_WIN_AS_GRASS_KNUCKLES_DESCRIPTION,用拳王菜赢得2场游戏
,
,
,
QUEST_WIN_AS_GRASS_KNUCKLES_TITLE,拳王菜的胜利！
,
,
,
QUEST_WIN_AS_GREEN_SHADOW_DESCRIPTION,用绿影侠赢得2场游戏
,
,
,
QUEST_WIN_AS_GREEN_SHADOW_TITLE,绿影侠的胜利！
,
,
,
QUEST_WIN_AS_IMPFINITY_DESCRIPTION,用无穷小子赢得2场游戏。
,
,
,
QUEST_WIN_AS_IMPFINITY_TITLE,无穷小子的胜利！
,
,
,
QUEST_WIN_AS_NEPTUNA_DESCRIPTION,用海妖赢得2场游戏。
,
,
,
QUEST_WIN_AS_NEPTUNA_TITLE,海妖的胜利！
,
,
,
QUEST_WIN_AS_NIGHTCAP_DESCRIPTION,用暗夜菇赢得2场游戏。
,
,
,
QUEST_WIN_AS_NIGHTCAP_TITLE,暗夜菇的胜利！
,
,
,
QUEST_WIN_AS_PLANT_DESCRIPTION,用植物英雄赢得一场游戏
,
,
,
QUEST_WIN_AS_PLANT_TITLE,植物的胜利！
,
,
,
QUEST_WIN_AS_PROFESSOR_DESCRIPTION,用僵点子教授赢得2场游戏。
,
,
,
QUEST_WIN_AS_PROFESSOR_TITLE,僵点子教授的胜利！
,
,
,
QUEST_WIN_AS_ROSE_DESCRIPTION,用玫瑰赢得2场游戏。
,
,
,
QUEST_WIN_AS_ROSE_TITLE,玫瑰的胜利！
,
,
,
QUEST_WIN_AS_SCORTCHWOOD_DESCRIPTION,用火爆队长赢得2场游戏。
,
,
,
QUEST_WIN_AS_SCORTCHWOOD_TITLE,火爆队长的胜利！
,
,
,
QUEST_WIN_AS_SOLAR_DESCRIPTION,用耀斑花赢得胜利
,
,
,
QUEST_WIN_AS_SOLAR_TITLE,耀斑花的胜利！
,
,
,
QUEST_WIN_AS_SPUDOW_DESCRIPTION,用土豆仔赢得游戏
,
,
,
QUEST_WIN_AS_SPUDOW_TITLE,土豆仔胜利！
,
,
,
QUEST_WIN_AS_SUNFLOWER_DESCRIPTION,用耀斑花赢得2场游戏
,
,
,
QUEST_WIN_AS_SUNFLOWER_TITLE,耀斑花的胜利！
,
,
,
QUEST_WIN_AS_WALL_KNIGHT_DESCRIPTION,用坚果骑士赢得2场游戏。
,
,
,
QUEST_WIN_AS_WALL_KNIGHT_TITLE,坚果骑士的胜利！
,
,
,
QUEST_WIN_AS_WITCH_DESCRIPTION,用不死女妖赢得2场游戏。
,
,
,
QUEST_WIN_AS_WITCH_TITLE,不死女妖的胜利！
,
,
,
QUEST_WIN_AS_ZMECH_DESCRIPTION,用Z机甲赢得2场游戏。
,
,
,
QUEST_WIN_AS_ZMECH_TITLE,Z机甲的胜利！
,
,
,
QUEST_WIN_AS_ZOMBIE_DESCRIPTION,用僵尸英雄赢得一场游戏
,
,
,
QUEST_WIN_AS_ZOMBIE_TITLE,僵尸的胜利！
,
,
,
QUEST_WIN_BLIMP_DESCRIPTION,赢得一场本日战斗
,
,
,
QUEST_WIN_BLIMP_TITLE,击败本日战斗！
,
,
,
QUEST_WIN_PVP_DESCRIPTION,赢得一场多人游戏
,
,
,
QUEST_WIN_PVP_TITLE,当上赢家！
,
,
,
QUEST_WIN_RANKED_DESCRIPTION,赢得一场排位多人游戏
,
,
,
QUEST_WIN_RANKED_TITLE,排位提升！
,
,
,
QUEST_WIN1_AS_DISCO_DESCRIPTION,用霹雳舞王赢得游戏
,
,
,
RANK_REWARDS_TITLE,排位上升了！
,
,
,
RANKED_BODY,某某东西完成
,
,
,
RANKED_BUTTON,排位
,
,
,
RANKED_TITLE,排位对战
,
,
,
RANKUP_TEXT,排位上升了！
,
,
,
Raptor Rider_flavorText,疯狂僵尸头盔能大幅保护耳朵免受各种吼叫声侵害。
,
,
,
Raptor Rider_heraldFighter,由突进迅猛龙召唤
,
,
,
Raptor Rider_heraldTrick,由突进迅猛龙召唤
,
,
,
Raptor Rider_longDesc,[dinoroar]：这张牌获得[+2a]。\n当这张牌对植物英雄造成伤害时，[conjure]一张花费为[2b]或更少的牌。
,
,
,
Raptor Rider_name,突进迅猛龙
,
,
,
Raptor Rider_shortDesc,[dinoroar]：这张牌获得[+2a]。当这张牌对植物英雄造成伤害时，[conjure]一张花费为[2b]或更少的牌。
,
,
,
RaptorGround_longDesc,当僵尸进入这条线，就能额外攻击一次。
,
,
,
RaptorGround_name,猛禽之地
,
,
,
RaptorGround_shortDesc,当僵尸进入这条线，就能额外攻击一次。
,
,
,
RARE,稀有！
,
,
,
RARITY_EVENT,活动
,
,
,
RARITY_R1,罕见
,
,
,
RARITY_R2,稀有
,
,
,
RARITY_R3,超稀有
,
,
,
RARITY_R4,传说
,
,
,
RARITY_SILVER,常见
,
,
,
RB_AVAIL,超稀有牌咖啡僵尸会让植物好好喝一壶！现已加入限时锈铁侠盟友包，无糖更健康！ 
,
,
,
RB_EXPIRE,相信锈铁侠！限时锈铁侠盟友包即将下架！
,
,
,
RBD,包含垃圾桶僵尸、电工僵尸和超稀有牌咖啡僵尸，完美适合锈铁侠！
,
,
,
RBD_V2,最适合锈铁侠。限购4包！\n*<indent=5%>包含1张垃圾桶僵尸、电工僵尸和超稀有牌咖啡僵尸</indent>\n*<indent=5%>3张高级套牌中的罕见牌</indent>
,
,
,
RBH,锈铁侠盟友包
,
,
,
RECIPE_DAVE_1,看来你获得了一些新卡牌！好样的！
,
,
,
RECIPE_DAVE_2,打开组合包，获取新的卡牌……似乎非常重要！
,
,
,
RECIPE_DAVE_3,怎么说呢，就像是这是你应该做的主要的事情之类的。
,
,
,
RECIPE_DAVE_4,把它们添进您的牌组中吧！
,
,
,
RECIPE_DAVE_5,哎呀，你现在在玩弄权力！
,
,
,
RECIPE_DAVE_6,当你获取新的卡牌时，你还可以看到使用这些卡牌解锁战略牌组的进度！
,
,
,
RECIPE_DAVE_7,我等等再向你学习战略牌组。让我们把这些宝贝儿加入到你的牌组里！
,
,
,
Red Stinger_flavorText,他说他每天早晨都做伸展运动。“保持身心灵敏是第一要务。”
,
,
,
Red Stinger_longDesc,[teamup]\n 在一株植物后面打出：这张牌将成为[7a]/[2h]。
,
,
,
Red Stinger_name,红针花
,
,
,
Red Stinger_shortDesc,[teamup]。在一株植物后面打出：这张牌将成为[7a]/[2h]。
,
,
,
Red_Event_LandingScreenMissions,（任务）<sup>RED</sup>
,
,
,
Regenerating Zombie_flavorText,腌制的僵尸是僵尸中最棒的。
,
,
,
Regenerating Zombie_longDesc,锦囊牌回合开始： 若相邻线上有僵尸，则这张牌获得[+1a]/[+1h]。
,
,
,
Regenerating Zombie_name,基因试验
,
,
,
Regenerating Zombie_shortDesc,锦囊牌回合开始：若相邻线上有僵尸，则这张牌获得[+1a]/[+1h]。
,
,
,
Regifting Zombie_flavorText,礼品转送：这到底是尴尬的社交失礼还是回收再利用？
,
,
,
Regifting Zombie_longDesc,打出时：创造一个僵尸，并且它获得+1/+1。植物玩家创造一个植物，并且该植物获得-1/-1。
,
,
,
Regifting Zombie_name,礼品转送僵尸
,
,
,
Regifting Zombie_shortDesc,打出时：创造一个僵尸，并且它获得+1/+1。植物玩家创造一个植物，并且该植物获得-1/-1。
,
,
,
Reincarnation_flavorText,“你永远不知道自己在下一生会遇到什么，”她说道。“所以在这一生就要拼尽全力。”
,
,
,
Reincarnation_heraldFighter,由再生变形而成 - 获得[+1a]/[+1h]
,
,
,
Reincarnation_longDesc,在手牌中时：在回合结束时，这张牌将随机变成一张[+1a]/[+1h]的植物。它将保留这项技能。
,
,
,
Reincarnation_name,再生
,
,
,
Reincarnation_shortDesc,在手牌中时：在回合结束时，这张牌将随机变成一张[+1a]/[+1h]的植物。它将保留这项技能。
,
,
,
Replicator Zombie_flavorText,在一个平行的维度中，这只僵尸是个太空海盗。在另一个维度中，他是一只垃圾桶僵尸。事实证明，生活中的小选择可以带来很大的改变。
,
,
,
Replicator Zombie_heraldFighter,由跨维度僵尸变形而成
,
,
,
Replicator Zombie_longDesc,当你打出一张科学牌时，这张牌将随机变为一只花费为[3b]的僵尸。
,
,
,
Replicator Zombie_name,跨维度僵尸
,
,
,
Replicator Zombie_shortDesc,当你打出一张科学牌时，这张牌将随机变为一只花费为[3b]的僵尸。
,
,
,
RETRY,重试
,
,
,
RETURN_TO_HQ,回到街上
,
,
,
Returned Octo Zombie_longDesc,[aquatic]，[frenzy]
,
,
,
Returned Octo Zombie_name,复生章鱼僵尸
,
,
,
Returned Octo Zombie_shortDesc,[aquatic]，[frenzy]
,
,
,
REVEAL_REWARDS,显示奖励
,
,
,
REWARD_CHOOSE_BUTTON,选择
,
,
,
RO_AVAIL,鲜花总要绿叶配！牵牛花、冬窝瓜和锐利的超稀有牌野玫瑰现已加入限时玫瑰盟友包！ 
,
,
,
RO_EXPIRE,限时玫瑰盟友包即将下架！时间有限！
,
,
,
ROD,包含牵牛花、冬窝瓜和超稀有牌野玫瑰，最适合玫瑰！
,
,
,
ROD_V2,最适合玫瑰。限购4包！\n*<indent=5%>包含1张牵牛花、冬窝瓜和超稀有牌野玫瑰</indent>\n*<indent=5%>3张高级套牌中的罕见牌</indent>
,
,
,
ROH,玫瑰盟友包
,
,
,
Rose,玫瑰能带领聪明和光能队友参战。\n\n
,
,
,
Rose_0,点击任意位置继续！
,
,
,
Rose_0_PC,点击任意位置继续！
,
,
,
Rotobaga_flavorText,没有飞翔的树根，哪来天空之树？
,
,
,
Rotobaga_longDesc,[aquatic]\n这张牌会攻击相邻两条线，但不攻击自己线。
,
,
,
Rotobaga_name,旋转芜菁
,
,
,
Rotobaga_shortDesc,[aquatic]。这张牌会攻击相邻两条线，但不攻击自己线。
,
,
,
RSP_BRAINZ,Boss\n战！
,
,
,
RSP_PLANT,Boss\n战！
,
,
,
RSP_READY,准备……
,
,
,
RSP_SET,迎接……
,
,
,
SANDBOX_CHEAT_PACK_DESCRIPTION,通通拿去，别告诉别人！
,
,
,
SANDBOX_CHEAT_PACK_HEADING,作弊组合包：解锁一切！
,
,
,
Sap Fling_flavorText,他注明了许多不同事物的日期，但没有什么事能坚持下来。
,
,
,
Sap Fling_heraldFighter,由树液投手创造
,
,
,
Sap Fling_heraldTrick,由树液投手创造
,
,
,
Sap Fling_longDesc,打出：召唤[linksap]环境。
,
,
,
Sap Fling_name,树液投手
,
,
,
Sap Fling_shortDesc,召唤[linksap]环境。
,
,
,
Sap Fling_Targeting,选择一个位置来召唤树液之地。
,
,
,
Sap_flavorText,僵尸最恨被裹在树液里了。
,
,
,
Sap_longDesc,自己线上的僵尸获得[-3a]。
,
,
,
Sap_name,树液之地
,
,
,
Sap_shortDesc,自己线上的僵尸获得[-3a]。
,
,
,
Savage Spinach_flavorText,海妖完美地策划了她的三叠纪入侵。但是正如在她之前的许多征服者一样，她低估了菠菜的威力。
,
,
,
Savage Spinach_longDesc,[leafyevolution]：每条线上以及你手牌中的所有植物获得[+2a]。
,
,
,
Savage Spinach_name,凶猛菠菜
,
,
,
Savage Spinach_shortDesc,[leafyevolution]：每条线上以及你手牌中的所有植物获得[+2a]。
,
,
,
SB_AVAIL,限时超尸盟友包现已推出！内含三张牌，包括超稀有牌传送门技尸！
,
,
,
SB_EXPIRE,限时超尸盟友包即将下架！ 
,
,
,
SBD,包含僵尸鸡、毒物小鬼和超稀有牌传送门技尸，完美适合超尸！
,
,
,
SBD_V2,最适合超尸。限购4包！\n*<indent=5%>包含1张僵尸鸡、毒物小鬼和超稀有牌传送门技尸</indent>\n*<indent=5%>3张高级套牌中的罕见牌</indent>
,
,
,
SBH,超尸盟友包
,
,
,
SCHEDULED_EVENTS_ABOUT_BOOSTS_HEADER,增加你的票券！
,
,
,
SCHEDULED_EVENTS_ABOUT_BOOSTS_TEXT,使用提升以赢得大量额外票券！当你使用带有每周特定属性的英雄获胜时即可激活票券提升。提升每4小时将会恢复，你也可以花费宝石来立刻恢复它！
,
,
,
SCHEDULED_EVENTS_ABOUT_HEADER,欢迎来到每周活动！
,
,
,
SCHEDULED_EVENTS_ABOUT_LIFETIME_HEADER,我的生命券
,
,
,
SCHEDULED_EVENTS_ABOUT_LIFETIME_TEXT,{0}张券
,
,
,
SCHEDULED_EVENTS_ABOUT_OVERVIEW_HEADER,概述
,
,
,
SCHEDULED_EVENTS_ABOUT_OVERVIEW_TEXT,每周参与，赢取一种组合包里没有的全新特殊卡牌，最多可获得4张！如要获得这些卡牌，你需要在本周结束前赢得比赛并且获得票券！
,
,
,
SCHEDULED_EVENTS_ABOUT_REWARDS_HEADER,超赞的卡牌在等着你！
,
,
,
SCHEDULED_EVENTS_ABOUT_REWARDS_TEXT,使用票券以获得商店中没有的特殊卡牌。票券不足？在活动结束前使用宝石获得该卡牌。每种卡牌努力获得4张吧！
,
,
,
SCHEDULED_EVENTS_ABOUT_TICKETS_HEADER,你是说票券？没错，就是票券！
,
,
,
SCHEDULED_EVENTS_ABOUT_TICKETS_HEADER2,没错，就是票券！看看如何获得它们吧……
,
,
,
SCHEDULED_EVENTS_ABOUT_TICKETS_TEXT,赢得一场单人游戏：{0}张券\n赢得一场多人游戏：{1}张券\n使用一张奖励属性卡牌获胜：{2}张券\n使用两张奖励属性卡牌获胜：{3}张券
,
,
,
SCHEDULED_EVENTS_BONUS_COLOR_CLASS1,1个匹配属性
,
,
,
SCHEDULED_EVENTS_BONUS_COLOR_CLASS2,2个匹配属性
,
,
,
SCHEDULED_EVENTS_BONUS_COLOR_HEADER,使用带有这些属性的英雄获胜即可激活提升：
,
,
,
SCHEDULED_EVENTS_BONUS_COLOR_LABEL,增加你的票券！
,
,
,
SCHEDULED_EVENTS_BOOST_BUTTON,立刻充满
,
,
,
SCHEDULED_EVENTS_BOOST_FULL,做好准备！
,
,
,
SCHEDULED_EVENTS_BOOST_FULL_MULTIPLE,已满
,
,
,
SCHEDULED_EVENTS_BOOST_LABEL,提升
,
,
,
SCHEDULED_EVENTS_BOOST_LABEL_MULTIPLE,提升
,
,
,
SCHEDULED_EVENTS_BOOST_READY_MESSAGE,你的票券提升已备好！在每周活动中使用提升票券，即可获得大量票券！
,
,
,
SCHEDULED_EVENTS_BOOST_TIMER,距+1还剩：{0}
,
,
,
SCHEDULED_EVENTS_BOOST_TIMER_WHEN_MAX_BOOSTS_IS_ONE,{0}内恢复
,
,
,
SCHEDULED_EVENTS_CAPTION_EXPIRED,记得来看看下一个每周活动来赢取一张不在组合包中提供的全新卡牌。您能够获取全部4张吗？
,
,
,
SCHEDULED_EVENTS_EXPIRATION_HEADER,本次每周活动已结束！
,
,
,
SCHEDULED_EVENTS_HEADER,每周活动
,
,
,
SCHEDULED_EVENTS_HEADER_CUSTOM_1,款待奖励
,
,
,
SCHEDULED_EVENTS_HEADER_CUSTOM_10,新年快乐
,
,
,
SCHEDULED_EVENTS_HEADER_CUSTOM_100,后院脑子碗之周！
,
,
,
SCHEDULED_EVENTS_HEADER_CUSTOM_101,后院脑子碗之周！
,
,
,
SCHEDULED_EVENTS_HEADER_CUSTOM_102,后院脑子碗之周！
,
,
,
SCHEDULED_EVENTS_HEADER_CUSTOM_103,心系情人脑之周！
,
,
,
SCHEDULED_EVENTS_HEADER_CUSTOM_104,心系情人脑之周！
,
,
,
SCHEDULED_EVENTS_HEADER_CUSTOM_105,心系情人脑之周！
,
,
,
SCHEDULED_EVENTS_HEADER_CUSTOM_106,心系情人脑之周！
,
,
,
SCHEDULED_EVENTS_HEADER_CUSTOM_107,心系情人脑之周！
,
,
,
SCHEDULED_EVENTS_HEADER_CUSTOM_108,爱神的情人脑活动！
,
,
,
SCHEDULED_EVENTS_HEADER_CUSTOM_109,爱神的情人脑活动！
,
,
,
SCHEDULED_EVENTS_HEADER_CUSTOM_11,巨尸周
,
,
,
SCHEDULED_EVENTS_HEADER_CUSTOM_110,爱神的情人脑活动！
,
,
,
SCHEDULED_EVENTS_HEADER_CUSTOM_111,爱神的情人脑活动！
,
,
,
SCHEDULED_EVENTS_HEADER_CUSTOM_112,爱神的情人脑活动！
,
,
,
SCHEDULED_EVENTS_HEADER_CUSTOM_113,角斗士周
,
,
,
SCHEDULED_EVENTS_HEADER_CUSTOM_114,角斗士周
,
,
,
SCHEDULED_EVENTS_HEADER_CUSTOM_115,角斗士周
,
,
,
SCHEDULED_EVENTS_HEADER_CUSTOM_116,角斗士周
,
,
,
SCHEDULED_EVENTS_HEADER_CUSTOM_117,角斗士周
,
,
,
SCHEDULED_EVENTS_HEADER_CUSTOM_118,PvZ人气周
,
,
,
SCHEDULED_EVENTS_HEADER_CUSTOM_119,PvZ人气周
,
,
,
SCHEDULED_EVENTS_HEADER_CUSTOM_12,活力能量周
,
,
,
SCHEDULED_EVENTS_HEADER_CUSTOM_120,PvZ人气周
,
,
,
SCHEDULED_EVENTS_HEADER_CUSTOM_121,PvZ人气周
,
,
,
SCHEDULED_EVENTS_HEADER_CUSTOM_122,PvZ人气周
,
,
,
SCHEDULED_EVENTS_HEADER_CUSTOM_123,滑步舞之周
,
,
,
SCHEDULED_EVENTS_HEADER_CUSTOM_124,滑步舞之周
,
,
,
SCHEDULED_EVENTS_HEADER_CUSTOM_125,滑步舞之周
,
,
,
SCHEDULED_EVENTS_HEADER_CUSTOM_126,滑步舞之周
,
,
,
SCHEDULED_EVENTS_HEADER_CUSTOM_127,滑步舞之周
,
,
,
SCHEDULED_EVENTS_HEADER_CUSTOM_128,僵尸幸运周1
,
,
,
SCHEDULED_EVENTS_HEADER_CUSTOM_129,僵尸幸运周1
,
,
,
SCHEDULED_EVENTS_HEADER_CUSTOM_13,农历新年
,
,
,
SCHEDULED_EVENTS_HEADER_CUSTOM_130,僵尸幸运周1
,
,
,
SCHEDULED_EVENTS_HEADER_CUSTOM_131,僵尸幸运周1
,
,
,
SCHEDULED_EVENTS_HEADER_CUSTOM_132,僵尸幸运周1
,
,
,
SCHEDULED_EVENTS_HEADER_CUSTOM_133,僵尸幸运终场
,
,
,
SCHEDULED_EVENTS_HEADER_CUSTOM_134,僵尸幸运终场
,
,
,
SCHEDULED_EVENTS_HEADER_CUSTOM_135,僵尸幸运终场
,
,
,
SCHEDULED_EVENTS_HEADER_CUSTOM_136,僵尸幸运终场
,
,
,
SCHEDULED_EVENTS_HEADER_CUSTOM_137,僵尸幸运终场
,
,
,
SCHEDULED_EVENTS_HEADER_CUSTOM_138,超级特务鸢尾周
,
,
,
SCHEDULED_EVENTS_HEADER_CUSTOM_139,超级特务鸢尾周
,
,
,
SCHEDULED_EVENTS_HEADER_CUSTOM_14,后院脑子碗之周
,
,
,
SCHEDULED_EVENTS_HEADER_CUSTOM_140,超级特务鸢尾周
,
,
,
SCHEDULED_EVENTS_HEADER_CUSTOM_141,超级特务鸢尾周
,
,
,
SCHEDULED_EVENTS_HEADER_CUSTOM_142,超级特务鸢尾周
,
,
,
SCHEDULED_EVENTS_HEADER_CUSTOM_143,“春日生机”来了
,
,
,
SCHEDULED_EVENTS_HEADER_CUSTOM_144,“春日生机”来了
,
,
,
SCHEDULED_EVENTS_HEADER_CUSTOM_145,“春日生机”来了
,
,
,
SCHEDULED_EVENTS_HEADER_CUSTOM_146,“春日生机”来了
,
,
,
SCHEDULED_EVENTS_HEADER_CUSTOM_147,“春日生机”来了
,
,
,
SCHEDULED_EVENTS_HEADER_CUSTOM_148,“春日生机”回归
,
,
,
SCHEDULED_EVENTS_HEADER_CUSTOM_149,“春日生机”回归
,
,
,
SCHEDULED_EVENTS_HEADER_CUSTOM_15,心系情人脑之周
,
,
,
SCHEDULED_EVENTS_HEADER_CUSTOM_150,“春日生机”回归
,
,
,
SCHEDULED_EVENTS_HEADER_CUSTOM_151,“春日生机”回归
,
,
,
SCHEDULED_EVENTS_HEADER_CUSTOM_152,“春日生机”回归
,
,
,
SCHEDULED_EVENTS_HEADER_CUSTOM_153,立即行动周
,
,
,
SCHEDULED_EVENTS_HEADER_CUSTOM_154,立即行动周
,
,
,
SCHEDULED_EVENTS_HEADER_CUSTOM_155,立即行动周
,
,
,
SCHEDULED_EVENTS_HEADER_CUSTOM_156,立即行动周
,
,
,
SCHEDULED_EVENTS_HEADER_CUSTOM_157,立即行动周
,
,
,
SCHEDULED_EVENTS_HEADER_CUSTOM_158,健康周
,
,
,
SCHEDULED_EVENTS_HEADER_CUSTOM_159,健康周
,
,
,
SCHEDULED_EVENTS_HEADER_CUSTOM_16,爱神的情人脑之周
,
,
,
SCHEDULED_EVENTS_HEADER_CUSTOM_160,健康周
,
,
,
SCHEDULED_EVENTS_HEADER_CUSTOM_161,健康周
,
,
,
SCHEDULED_EVENTS_HEADER_CUSTOM_162,健康周
,
,
,
SCHEDULED_EVENTS_HEADER_CUSTOM_163,香蕉生日
,
,
,
SCHEDULED_EVENTS_HEADER_CUSTOM_164,香蕉生日
,
,
,
SCHEDULED_EVENTS_HEADER_CUSTOM_165,香蕉生日
,
,
,
SCHEDULED_EVENTS_HEADER_CUSTOM_166,香蕉生日
,
,
,
SCHEDULED_EVENTS_HEADER_CUSTOM_167,香蕉生日
,
,
,
SCHEDULED_EVENTS_HEADER_CUSTOM_168,生日惊喜
,
,
,
SCHEDULED_EVENTS_HEADER_CUSTOM_169,生日惊喜
,
,
,
SCHEDULED_EVENTS_HEADER_CUSTOM_17,角斗士周
,
,
,
SCHEDULED_EVENTS_HEADER_CUSTOM_170,生日惊喜
,
,
,
SCHEDULED_EVENTS_HEADER_CUSTOM_171,生日惊喜
,
,
,
SCHEDULED_EVENTS_HEADER_CUSTOM_172,生日惊喜
,
,
,
SCHEDULED_EVENTS_HEADER_CUSTOM_173,绝密周
,
,
,
SCHEDULED_EVENTS_HEADER_CUSTOM_174,绝密周
,
,
,
SCHEDULED_EVENTS_HEADER_CUSTOM_175,绝密周
,
,
,
SCHEDULED_EVENTS_HEADER_CUSTOM_176,绝密周
,
,
,
SCHEDULED_EVENTS_HEADER_CUSTOM_177,绝密周
,
,
,
SCHEDULED_EVENTS_HEADER_CUSTOM_178,胡须周
,
,
,
SCHEDULED_EVENTS_HEADER_CUSTOM_179,胡须周
,
,
,
SCHEDULED_EVENTS_HEADER_CUSTOM_18,PvZ人气周
,
,
,
SCHEDULED_EVENTS_HEADER_CUSTOM_180,胡须周
,
,
,
SCHEDULED_EVENTS_HEADER_CUSTOM_181,胡须周
,
,
,
SCHEDULED_EVENTS_HEADER_CUSTOM_182,胡须周
,
,
,
SCHEDULED_EVENTS_HEADER_CUSTOM_183,超级日光周
,
,
,
SCHEDULED_EVENTS_HEADER_CUSTOM_184,超级日光周
,
,
,
SCHEDULED_EVENTS_HEADER_CUSTOM_185,超级日光周
,
,
,
SCHEDULED_EVENTS_HEADER_CUSTOM_186,超级日光周
,
,
,
SCHEDULED_EVENTS_HEADER_CUSTOM_187,超级日光周
,
,
,
SCHEDULED_EVENTS_HEADER_CUSTOM_188,霹雳醋栗周
,
,
,
SCHEDULED_EVENTS_HEADER_CUSTOM_189,霹雳醋栗周
,
,
,
SCHEDULED_EVENTS_HEADER_CUSTOM_19,活力能量周
,
,
,
SCHEDULED_EVENTS_HEADER_CUSTOM_190,霹雳醋栗周
,
,
,
SCHEDULED_EVENTS_HEADER_CUSTOM_191,霹雳醋栗周
,
,
,
SCHEDULED_EVENTS_HEADER_CUSTOM_192,霹雳醋栗周
,
,
,
SCHEDULED_EVENTS_HEADER_CUSTOM_193,病毒式传播周
,
,
,
SCHEDULED_EVENTS_HEADER_CUSTOM_194,病毒式传播周
,
,
,
SCHEDULED_EVENTS_HEADER_CUSTOM_195,病毒式传播周
,
,
,
SCHEDULED_EVENTS_HEADER_CUSTOM_196,病毒式传播周
,
,
,
SCHEDULED_EVENTS_HEADER_CUSTOM_197,病毒式传播周
,
,
,
SCHEDULED_EVENTS_HEADER_CUSTOM_198,超音速周
,
,
,
SCHEDULED_EVENTS_HEADER_CUSTOM_199,超音速周
,
,
,
SCHEDULED_EVENTS_HEADER_CUSTOM_20,僵尸幸运
,
,
,
SCHEDULED_EVENTS_HEADER_CUSTOM_200,超音速周
,
,
,
SCHEDULED_EVENTS_HEADER_CUSTOM_201,超音速周
,
,
,
SCHEDULED_EVENTS_HEADER_CUSTOM_202,超音速周
,
,
,
SCHEDULED_EVENTS_HEADER_CUSTOM_203,炎热夏日之夜
,
,
,
SCHEDULED_EVENTS_HEADER_CUSTOM_204,炎热夏日之夜
,
,
,
SCHEDULED_EVENTS_HEADER_CUSTOM_205,炎热夏日之夜
,
,
,
SCHEDULED_EVENTS_HEADER_CUSTOM_206,炎热夏日之夜
,
,
,
SCHEDULED_EVENTS_HEADER_CUSTOM_207,炎热夏日之夜
,
,
,
SCHEDULED_EVENTS_HEADER_CUSTOM_208,甜蜜夏日之夜
,
,
,
SCHEDULED_EVENTS_HEADER_CUSTOM_209,甜蜜夏日之夜
,
,
,
SCHEDULED_EVENTS_HEADER_CUSTOM_21,僵尸幸运终场
,
,
,
SCHEDULED_EVENTS_HEADER_CUSTOM_210,甜蜜夏日之夜
,
,
,
SCHEDULED_EVENTS_HEADER_CUSTOM_211,甜蜜夏日之夜
,
,
,
SCHEDULED_EVENTS_HEADER_CUSTOM_212,甜蜜夏日之夜
,
,
,
SCHEDULED_EVENTS_HEADER_CUSTOM_213,被困周
,
,
,
SCHEDULED_EVENTS_HEADER_CUSTOM_214,被困周
,
,
,
SCHEDULED_EVENTS_HEADER_CUSTOM_215,被困周
,
,
,
SCHEDULED_EVENTS_HEADER_CUSTOM_216,被困周
,
,
,
SCHEDULED_EVENTS_HEADER_CUSTOM_217,被困周
,
,
,
SCHEDULED_EVENTS_HEADER_CUSTOM_218,树液四射周
,
,
,
SCHEDULED_EVENTS_HEADER_CUSTOM_219,树液四射周
,
,
,
SCHEDULED_EVENTS_HEADER_CUSTOM_22,超级特务鸢尾周
,
,
,
SCHEDULED_EVENTS_HEADER_CUSTOM_220,树液四射周
,
,
,
SCHEDULED_EVENTS_HEADER_CUSTOM_221,树液四射周
,
,
,
SCHEDULED_EVENTS_HEADER_CUSTOM_222,树液四射周
,
,
,
SCHEDULED_EVENTS_HEADER_CUSTOM_223,豌豆总动员之周
,
,
,
SCHEDULED_EVENTS_HEADER_CUSTOM_224,豌豆总动员之周
,
,
,
SCHEDULED_EVENTS_HEADER_CUSTOM_225,豌豆总动员之周
,
,
,
SCHEDULED_EVENTS_HEADER_CUSTOM_226,豌豆总动员之周
,
,
,
SCHEDULED_EVENTS_HEADER_CUSTOM_227,豌豆总动员之周
,
,
,
SCHEDULED_EVENTS_HEADER_CUSTOM_228,疯狂之月周
,
,
,
SCHEDULED_EVENTS_HEADER_CUSTOM_229,疯狂之月周
,
,
,
SCHEDULED_EVENTS_HEADER_CUSTOM_23,“春日生机”来了！
,
,
,
SCHEDULED_EVENTS_HEADER_CUSTOM_230,疯狂之月周
,
,
,
SCHEDULED_EVENTS_HEADER_CUSTOM_231,疯狂之月周
,
,
,
SCHEDULED_EVENTS_HEADER_CUSTOM_232,疯狂之月周
,
,
,
SCHEDULED_EVENTS_HEADER_CUSTOM_233,永不遗忘周
,
,
,
SCHEDULED_EVENTS_HEADER_CUSTOM_234,永不遗忘周
,
,
,
SCHEDULED_EVENTS_HEADER_CUSTOM_235,永不遗忘周
,
,
,
SCHEDULED_EVENTS_HEADER_CUSTOM_236,永不遗忘周
,
,
,
SCHEDULED_EVENTS_HEADER_CUSTOM_237,永不遗忘周
,
,
,
SCHEDULED_EVENTS_HEADER_CUSTOM_238,花园战争周
,
,
,
SCHEDULED_EVENTS_HEADER_CUSTOM_239,花园战争周
,
,
,
SCHEDULED_EVENTS_HEADER_CUSTOM_24,“春日生机”的回归
,
,
,
SCHEDULED_EVENTS_HEADER_CUSTOM_240,花园战争周
,
,
,
SCHEDULED_EVENTS_HEADER_CUSTOM_241,花园战争周
,
,
,
SCHEDULED_EVENTS_HEADER_CUSTOM_242,花园战争周
,
,
,
SCHEDULED_EVENTS_HEADER_CUSTOM_243,分割原子周
,
,
,
SCHEDULED_EVENTS_HEADER_CUSTOM_244,分割原子周
,
,
,
SCHEDULED_EVENTS_HEADER_CUSTOM_245,分割原子周
,
,
,
SCHEDULED_EVENTS_HEADER_CUSTOM_246,分割原子周
,
,
,
SCHEDULED_EVENTS_HEADER_CUSTOM_247,分割原子周
,
,
,
SCHEDULED_EVENTS_HEADER_CUSTOM_248,暑假周
,
,
,
SCHEDULED_EVENTS_HEADER_CUSTOM_249,暑假周
,
,
,
SCHEDULED_EVENTS_HEADER_CUSTOM_25,热情参与每周活动
,
,
,
SCHEDULED_EVENTS_HEADER_CUSTOM_250,暑假周
,
,
,
SCHEDULED_EVENTS_HEADER_CUSTOM_251,暑假周
,
,
,
SCHEDULED_EVENTS_HEADER_CUSTOM_252,暑假周
,
,
,
SCHEDULED_EVENTS_HEADER_CUSTOM_253,聪明帽子周
,
,
,
SCHEDULED_EVENTS_HEADER_CUSTOM_254,聪明帽子周
,
,
,
SCHEDULED_EVENTS_HEADER_CUSTOM_255,聪明帽子周
,
,
,
SCHEDULED_EVENTS_HEADER_CUSTOM_256,聪明帽子周
,
,
,
SCHEDULED_EVENTS_HEADER_CUSTOM_257,聪明帽子周
,
,
,
SCHEDULED_EVENTS_HEADER_CUSTOM_258,坚不可摧之周
,
,
,
SCHEDULED_EVENTS_HEADER_CUSTOM_259,坚不可摧之周
,
,
,
SCHEDULED_EVENTS_HEADER_CUSTOM_26,健康周
,
,
,
SCHEDULED_EVENTS_HEADER_CUSTOM_260,坚不可摧之周
,
,
,
SCHEDULED_EVENTS_HEADER_CUSTOM_261,坚不可摧之周
,
,
,
SCHEDULED_EVENTS_HEADER_CUSTOM_262,坚不可摧之周
,
,
,
SCHEDULED_EVENTS_HEADER_CUSTOM_263,模仿海盗说话之周
,
,
,
SCHEDULED_EVENTS_HEADER_CUSTOM_264,模仿海盗说话之周
,
,
,
SCHEDULED_EVENTS_HEADER_CUSTOM_265,模仿海盗说话之周
,
,
,
SCHEDULED_EVENTS_HEADER_CUSTOM_266,模仿海盗说话之周
,
,
,
SCHEDULED_EVENTS_HEADER_CUSTOM_267,模仿海盗说话之周
,
,
,
SCHEDULED_EVENTS_HEADER_CUSTOM_268,茄汁好友周
,
,
,
SCHEDULED_EVENTS_HEADER_CUSTOM_269,茄汁好友周
,
,
,
SCHEDULED_EVENTS_HEADER_CUSTOM_27,香蕉生日
,
,
,
SCHEDULED_EVENTS_HEADER_CUSTOM_270,茄汁好友周
,
,
,
SCHEDULED_EVENTS_HEADER_CUSTOM_271,茄汁好友周
,
,
,
SCHEDULED_EVENTS_HEADER_CUSTOM_272,茄汁好友周
,
,
,
SCHEDULED_EVENTS_HEADER_CUSTOM_273,壮胆之周
,
,
,
SCHEDULED_EVENTS_HEADER_CUSTOM_274,壮胆之周
,
,
,
SCHEDULED_EVENTS_HEADER_CUSTOM_275,壮胆之周
,
,
,
SCHEDULED_EVENTS_HEADER_CUSTOM_276,壮胆之周
,
,
,
SCHEDULED_EVENTS_HEADER_CUSTOM_277,壮胆之周
,
,
,
SCHEDULED_EVENTS_HEADER_CUSTOM_278,闹鬼葫芦之周
,
,
,
SCHEDULED_EVENTS_HEADER_CUSTOM_279,闹鬼葫芦之周
,
,
,
SCHEDULED_EVENTS_HEADER_CUSTOM_28,生日惊喜
,
,
,
SCHEDULED_EVENTS_HEADER_CUSTOM_280,闹鬼葫芦之周
,
,
,
SCHEDULED_EVENTS_HEADER_CUSTOM_281,闹鬼葫芦之周
,
,
,
SCHEDULED_EVENTS_HEADER_CUSTOM_282,闹鬼葫芦之周
,
,
,
SCHEDULED_EVENTS_HEADER_CUSTOM_283,末日草坪：女巫之周
,
,
,
SCHEDULED_EVENTS_HEADER_CUSTOM_284,末日草坪：女巫之周
,
,
,
SCHEDULED_EVENTS_HEADER_CUSTOM_285,末日草坪：女巫之周
,
,
,
SCHEDULED_EVENTS_HEADER_CUSTOM_286,末日草坪：女巫之周
,
,
,
SCHEDULED_EVENTS_HEADER_CUSTOM_287,末日草坪：女巫之周
,
,
,
SCHEDULED_EVENTS_HEADER_CUSTOM_288,末日草坪：灯笼之周
,
,
,
SCHEDULED_EVENTS_HEADER_CUSTOM_289,末日草坪：灯笼之周
,
,
,
SCHEDULED_EVENTS_HEADER_CUSTOM_29,绝密周
,
,
,
SCHEDULED_EVENTS_HEADER_CUSTOM_290,末日草坪：灯笼之周
,
,
,
SCHEDULED_EVENTS_HEADER_CUSTOM_291,末日草坪：灯笼之周
,
,
,
SCHEDULED_EVENTS_HEADER_CUSTOM_292,末日草坪：灯笼之周
,
,
,
SCHEDULED_EVENTS_HEADER_CUSTOM_293,末日草坪：吓人之周
,
,
,
SCHEDULED_EVENTS_HEADER_CUSTOM_294,末日草坪：吓人之周
,
,
,
SCHEDULED_EVENTS_HEADER_CUSTOM_295,末日草坪：吓人之周
,
,
,
SCHEDULED_EVENTS_HEADER_CUSTOM_296,末日草坪：吓人之周
,
,
,
SCHEDULED_EVENTS_HEADER_CUSTOM_297,末日草坪：吓人之周
,
,
,
SCHEDULED_EVENTS_HEADER_CUSTOM_298,过敏之周
,
,
,
SCHEDULED_EVENTS_HEADER_CUSTOM_299,过敏之周
,
,
,
SCHEDULED_EVENTS_HEADER_CUSTOM_30,胡须周
,
,
,
SCHEDULED_EVENTS_HEADER_CUSTOM_300,过敏之周
,
,
,
SCHEDULED_EVENTS_HEADER_CUSTOM_301,过敏之周
,
,
,
SCHEDULED_EVENTS_HEADER_CUSTOM_302,过敏之周
,
,
,
SCHEDULED_EVENTS_HEADER_CUSTOM_303,食物大战：无花果之周
,
,
,
SCHEDULED_EVENTS_HEADER_CUSTOM_304,食物大战：无花果之周
,
,
,
SCHEDULED_EVENTS_HEADER_CUSTOM_305,食物大战：无花果之周
,
,
,
SCHEDULED_EVENTS_HEADER_CUSTOM_306,食物大战：无花果之周
,
,
,
SCHEDULED_EVENTS_HEADER_CUSTOM_307,食物大战：无花果之周
,
,
,
SCHEDULED_EVENTS_HEADER_CUSTOM_308,食物大战：肉汁之周
,
,
,
SCHEDULED_EVENTS_HEADER_CUSTOM_309,食物大战：肉汁之周
,
,
,
SCHEDULED_EVENTS_HEADER_CUSTOM_31,超级日光周
,
,
,
SCHEDULED_EVENTS_HEADER_CUSTOM_310,食物大战：肉汁之周
,
,
,
SCHEDULED_EVENTS_HEADER_CUSTOM_311,食物大战：肉汁之周
,
,
,
SCHEDULED_EVENTS_HEADER_CUSTOM_312,食物大战：肉汁之周
,
,
,
SCHEDULED_EVENTS_HEADER_CUSTOM_313,食物大战：甜点之周
,
,
,
SCHEDULED_EVENTS_HEADER_CUSTOM_314,食物大战：甜点之周
,
,
,
SCHEDULED_EVENTS_HEADER_CUSTOM_315,食物大战：甜点之周
,
,
,
SCHEDULED_EVENTS_HEADER_CUSTOM_316,食物大战：甜点之周
,
,
,
SCHEDULED_EVENTS_HEADER_CUSTOM_317,食物大战：甜点之周
,
,
,
SCHEDULED_EVENTS_HEADER_CUSTOM_318,梨的必需品之周
,
,
,
SCHEDULED_EVENTS_HEADER_CUSTOM_319,梨的必需品之周
,
,
,
SCHEDULED_EVENTS_HEADER_CUSTOM_32,霹雳醋栗周
,
,
,
SCHEDULED_EVENTS_HEADER_CUSTOM_320,梨的必需品之周
,
,
,
SCHEDULED_EVENTS_HEADER_CUSTOM_321,梨的必需品之周
,
,
,
SCHEDULED_EVENTS_HEADER_CUSTOM_322,梨的必需品之周
,
,
,
SCHEDULED_EVENTS_HEADER_CUSTOM_323,款待盛宴：礼品之周
,
,
,
SCHEDULED_EVENTS_HEADER_CUSTOM_324,款待盛宴：礼品之周
,
,
,
SCHEDULED_EVENTS_HEADER_CUSTOM_325,款待盛宴：礼品之周
,
,
,
SCHEDULED_EVENTS_HEADER_CUSTOM_326,款待盛宴：礼品之周
,
,
,
SCHEDULED_EVENTS_HEADER_CUSTOM_327,款待盛宴：礼品之周
,
,
,
SCHEDULED_EVENTS_HEADER_CUSTOM_328,款待盛宴：快乐之周
,
,
,
SCHEDULED_EVENTS_HEADER_CUSTOM_329,款待盛宴：快乐之周
,
,
,
SCHEDULED_EVENTS_HEADER_CUSTOM_33,病毒式传播周
,
,
,
SCHEDULED_EVENTS_HEADER_CUSTOM_330,款待盛宴：快乐之周
,
,
,
SCHEDULED_EVENTS_HEADER_CUSTOM_331,款待盛宴：快乐之周
,
,
,
SCHEDULED_EVENTS_HEADER_CUSTOM_332,款待盛宴：快乐之周
,
,
,
SCHEDULED_EVENTS_HEADER_CUSTOM_333,款待盛宴：还礼之周
,
,
,
SCHEDULED_EVENTS_HEADER_CUSTOM_334,款待盛宴：还礼之周
,
,
,
SCHEDULED_EVENTS_HEADER_CUSTOM_335,款待盛宴：还礼之周
,
,
,
SCHEDULED_EVENTS_HEADER_CUSTOM_336,款待盛宴：还礼之周
,
,
,
SCHEDULED_EVENTS_HEADER_CUSTOM_337,款待盛宴：还礼之周
,
,
,
SCHEDULED_EVENTS_HEADER_CUSTOM_338,超级特务鸢尾周
,
,
,
SCHEDULED_EVENTS_HEADER_CUSTOM_339,超级特务鸢尾周
,
,
,
SCHEDULED_EVENTS_HEADER_CUSTOM_34,超音速周
,
,
,
SCHEDULED_EVENTS_HEADER_CUSTOM_340,超级特务鸢尾周
,
,
,
SCHEDULED_EVENTS_HEADER_CUSTOM_341,超级特务鸢尾周
,
,
,
SCHEDULED_EVENTS_HEADER_CUSTOM_342,超级特务鸢尾周
,
,
,
SCHEDULED_EVENTS_HEADER_CUSTOM_343,“春日生机”来了
,
,
,
SCHEDULED_EVENTS_HEADER_CUSTOM_344,“春日生机”来了
,
,
,
SCHEDULED_EVENTS_HEADER_CUSTOM_345,“春日生机”来了
,
,
,
SCHEDULED_EVENTS_HEADER_CUSTOM_346,“春日生机”来了
,
,
,
SCHEDULED_EVENTS_HEADER_CUSTOM_347,“春日生机”来了
,
,
,
SCHEDULED_EVENTS_HEADER_CUSTOM_35,炎热夏日之夜
,
,
,
SCHEDULED_EVENTS_HEADER_CUSTOM_36,甜蜜夏日之夜
,
,
,
SCHEDULED_EVENTS_HEADER_CUSTOM_37,被困周
,
,
,
SCHEDULED_EVENTS_HEADER_CUSTOM_38,树液四射周
,
,
,
SCHEDULED_EVENTS_HEADER_CUSTOM_39,豌豆总动员之周
,
,
,
SCHEDULED_EVENTS_HEADER_CUSTOM_40,疯狂之月周
,
,
,
SCHEDULED_EVENTS_HEADER_CUSTOM_41,不被遗忘周
,
,
,
SCHEDULED_EVENTS_HEADER_CUSTOM_42,花园战争周
,
,
,
SCHEDULED_EVENTS_HEADER_CUSTOM_43,分割原子周
,
,
,
SCHEDULED_EVENTS_HEADER_CUSTOM_44,暑假周
,
,
,
SCHEDULED_EVENTS_HEADER_CUSTOM_45,聪明帽子周
,
,
,
SCHEDULED_EVENTS_HEADER_CUSTOM_46,坚不可摧之周
,
,
,
SCHEDULED_EVENTS_HEADER_CUSTOM_47,模仿海盗说话之周
,
,
,
SCHEDULED_EVENTS_HEADER_CUSTOM_48,番茄好友之周
,
,
,
SCHEDULED_EVENTS_HEADER_CUSTOM_49,壮胆之周
,
,
,
SCHEDULED_EVENTS_HEADER_CUSTOM_50,闹鬼葫芦之周
,
,
,
SCHEDULED_EVENTS_HEADER_CUSTOM_51,末日草坪：女巫之周
,
,
,
SCHEDULED_EVENTS_HEADER_CUSTOM_52,末日草坪：葫芦之周
,
,
,
SCHEDULED_EVENTS_HEADER_CUSTOM_53,末日草坪：吓人之周
,
,
,
SCHEDULED_EVENTS_HEADER_CUSTOM_54,过敏之周
,
,
,
SCHEDULED_EVENTS_HEADER_CUSTOM_55,食物大战：无花果之周
,
,
,
SCHEDULED_EVENTS_HEADER_CUSTOM_56,食物大战：肉汁之周
,
,
,
SCHEDULED_EVENTS_HEADER_CUSTOM_57,食物大战：甜点之周
,
,
,
SCHEDULED_EVENTS_HEADER_CUSTOM_58,梨的必需品之周
,
,
,
SCHEDULED_EVENTS_HEADER_CUSTOM_59,款待盛宴：礼品之周
,
,
,
SCHEDULED_EVENTS_HEADER_CUSTOM_60,款待盛宴：快乐之周
,
,
,
SCHEDULED_EVENTS_HEADER_CUSTOM_61,款待盛宴：还礼之周
,
,
,
SCHEDULED_EVENTS_HEADER_CUSTOM_7,款待盛宴前夜！
,
,
,
SCHEDULED_EVENTS_HEADER_CUSTOM_78,新年快乐！
,
,
,
SCHEDULED_EVENTS_HEADER_CUSTOM_79,新年快乐！
,
,
,
SCHEDULED_EVENTS_HEADER_CUSTOM_8,非常梨范的款待盛宴
,
,
,
SCHEDULED_EVENTS_HEADER_CUSTOM_80,新年快乐！
,
,
,
SCHEDULED_EVENTS_HEADER_CUSTOM_81,新年快乐！
,
,
,
SCHEDULED_EVENTS_HEADER_CUSTOM_82,新年快乐！
,
,
,
SCHEDULED_EVENTS_HEADER_CUSTOM_83,巨尸周！
,
,
,
SCHEDULED_EVENTS_HEADER_CUSTOM_84,巨尸周！
,
,
,
SCHEDULED_EVENTS_HEADER_CUSTOM_85,巨尸周！
,
,
,
SCHEDULED_EVENTS_HEADER_CUSTOM_86,巨尸周！
,
,
,
SCHEDULED_EVENTS_HEADER_CUSTOM_87,巨尸周！
,
,
,
SCHEDULED_EVENTS_HEADER_CUSTOM_88,活力能量活动！
,
,
,
SCHEDULED_EVENTS_HEADER_CUSTOM_89,活力能量活动！
,
,
,
SCHEDULED_EVENTS_HEADER_CUSTOM_9,款待盛宴终场
,
,
,
SCHEDULED_EVENTS_HEADER_CUSTOM_90,活力能量活动！
,
,
,
SCHEDULED_EVENTS_HEADER_CUSTOM_91,活力能量活动！
,
,
,
SCHEDULED_EVENTS_HEADER_CUSTOM_92,活力能量活动！
,
,
,
SCHEDULED_EVENTS_HEADER_CUSTOM_93,农历新年活动！
,
,
,
SCHEDULED_EVENTS_HEADER_CUSTOM_94,农历新年活动！
,
,
,
SCHEDULED_EVENTS_HEADER_CUSTOM_95,农历新年活动！
,
,
,
SCHEDULED_EVENTS_HEADER_CUSTOM_96,农历新年活动！
,
,
,
SCHEDULED_EVENTS_HEADER_CUSTOM_97,农历新年活动！
,
,
,
SCHEDULED_EVENTS_HEADER_CUSTOM_98,后院脑子碗之周！
,
,
,
SCHEDULED_EVENTS_HEADER_CUSTOM_99,后院脑子碗之周！
,
,
,
SCHEDULED_EVENTS_HEADER_CUSTOM1,款待奖励
,
,
,
SCHEDULED_EVENTS_HEADER_EXPIRED,上周的卡牌
,
,
,
SCHEDULED_EVENTS_HUB_BUTTON,每周活动
,
,
,
SCHEDULED_EVENTS_HUB_BUTTON_CUSTOM_1,款待盛宴
,
,
,
SCHEDULED_EVENTS_HUB_BUTTON_CUSTOM_10,新年快乐
,
,
,
SCHEDULED_EVENTS_HUB_BUTTON_CUSTOM_100,后院脑子碗
,
,
,
SCHEDULED_EVENTS_HUB_BUTTON_CUSTOM_101,后院脑子碗
,
,
,
SCHEDULED_EVENTS_HUB_BUTTON_CUSTOM_102,后院脑子碗
,
,
,
SCHEDULED_EVENTS_HUB_BUTTON_CUSTOM_103,情人脑
,
,
,
SCHEDULED_EVENTS_HUB_BUTTON_CUSTOM_104,情人脑
,
,
,
SCHEDULED_EVENTS_HUB_BUTTON_CUSTOM_105,情人脑
,
,
,
SCHEDULED_EVENTS_HUB_BUTTON_CUSTOM_106,情人脑
,
,
,
SCHEDULED_EVENTS_HUB_BUTTON_CUSTOM_107,情人脑
,
,
,
SCHEDULED_EVENTS_HUB_BUTTON_CUSTOM_108,情人脑
,
,
,
SCHEDULED_EVENTS_HUB_BUTTON_CUSTOM_109,情人脑
,
,
,
SCHEDULED_EVENTS_HUB_BUTTON_CUSTOM_11,巨尸周
,
,
,
SCHEDULED_EVENTS_HUB_BUTTON_CUSTOM_110,情人脑
,
,
,
SCHEDULED_EVENTS_HUB_BUTTON_CUSTOM_111,情人脑
,
,
,
SCHEDULED_EVENTS_HUB_BUTTON_CUSTOM_112,情人脑
,
,
,
SCHEDULED_EVENTS_HUB_BUTTON_CUSTOM_113,每周活动
,
,
,
SCHEDULED_EVENTS_HUB_BUTTON_CUSTOM_114,每周活动
,
,
,
SCHEDULED_EVENTS_HUB_BUTTON_CUSTOM_115,每周活动
,
,
,
SCHEDULED_EVENTS_HUB_BUTTON_CUSTOM_116,每周活动
,
,
,
SCHEDULED_EVENTS_HUB_BUTTON_CUSTOM_117,每周活动
,
,
,
SCHEDULED_EVENTS_HUB_BUTTON_CUSTOM_118,PvZ人气周
,
,
,
SCHEDULED_EVENTS_HUB_BUTTON_CUSTOM_119,PvZ人气周
,
,
,
SCHEDULED_EVENTS_HUB_BUTTON_CUSTOM_12,每周活动
,
,
,
SCHEDULED_EVENTS_HUB_BUTTON_CUSTOM_120,PvZ人气周
,
,
,
SCHEDULED_EVENTS_HUB_BUTTON_CUSTOM_121,PvZ人气周
,
,
,
SCHEDULED_EVENTS_HUB_BUTTON_CUSTOM_122,PvZ人气周
,
,
,
SCHEDULED_EVENTS_HUB_BUTTON_CUSTOM_123,每周活动
,
,
,
SCHEDULED_EVENTS_HUB_BUTTON_CUSTOM_124,每周活动
,
,
,
SCHEDULED_EVENTS_HUB_BUTTON_CUSTOM_125,每周活动
,
,
,
SCHEDULED_EVENTS_HUB_BUTTON_CUSTOM_126,每周活动
,
,
,
SCHEDULED_EVENTS_HUB_BUTTON_CUSTOM_127,每周活动
,
,
,
SCHEDULED_EVENTS_HUB_BUTTON_CUSTOM_128,僵尸的幸运
,
,
,
SCHEDULED_EVENTS_HUB_BUTTON_CUSTOM_129,僵尸的幸运
,
,
,
SCHEDULED_EVENTS_HUB_BUTTON_CUSTOM_13,农历新年
,
,
,
SCHEDULED_EVENTS_HUB_BUTTON_CUSTOM_130,僵尸的幸运
,
,
,
SCHEDULED_EVENTS_HUB_BUTTON_CUSTOM_131,僵尸的幸运
,
,
,
SCHEDULED_EVENTS_HUB_BUTTON_CUSTOM_132,僵尸的幸运
,
,
,
SCHEDULED_EVENTS_HUB_BUTTON_CUSTOM_133,僵尸的幸运
,
,
,
SCHEDULED_EVENTS_HUB_BUTTON_CUSTOM_134,僵尸的幸运
,
,
,
SCHEDULED_EVENTS_HUB_BUTTON_CUSTOM_135,僵尸的幸运
,
,
,
SCHEDULED_EVENTS_HUB_BUTTON_CUSTOM_136,僵尸的幸运
,
,
,
SCHEDULED_EVENTS_HUB_BUTTON_CUSTOM_137,僵尸的幸运
,
,
,
SCHEDULED_EVENTS_HUB_BUTTON_CUSTOM_138,每周活动
,
,
,
SCHEDULED_EVENTS_HUB_BUTTON_CUSTOM_139,每周活动
,
,
,
SCHEDULED_EVENTS_HUB_BUTTON_CUSTOM_14,后院脑子碗
,
,
,
SCHEDULED_EVENTS_HUB_BUTTON_CUSTOM_140,每周活动
,
,
,
SCHEDULED_EVENTS_HUB_BUTTON_CUSTOM_141,每周活动
,
,
,
SCHEDULED_EVENTS_HUB_BUTTON_CUSTOM_142,每周活动
,
,
,
SCHEDULED_EVENTS_HUB_BUTTON_CUSTOM_143,春日生机
,
,
,
SCHEDULED_EVENTS_HUB_BUTTON_CUSTOM_144,春日生机
,
,
,
SCHEDULED_EVENTS_HUB_BUTTON_CUSTOM_145,春日生机
,
,
,
SCHEDULED_EVENTS_HUB_BUTTON_CUSTOM_146,春日生机
,
,
,
SCHEDULED_EVENTS_HUB_BUTTON_CUSTOM_147,春日生机
,
,
,
SCHEDULED_EVENTS_HUB_BUTTON_CUSTOM_148,春日生机
,
,
,
SCHEDULED_EVENTS_HUB_BUTTON_CUSTOM_149,春日生机
,
,
,
SCHEDULED_EVENTS_HUB_BUTTON_CUSTOM_15,情人脑
,
,
,
SCHEDULED_EVENTS_HUB_BUTTON_CUSTOM_150,春日生机
,
,
,
SCHEDULED_EVENTS_HUB_BUTTON_CUSTOM_151,春日生机
,
,
,
SCHEDULED_EVENTS_HUB_BUTTON_CUSTOM_152,春日生机
,
,
,
SCHEDULED_EVENTS_HUB_BUTTON_CUSTOM_153,每周活动
,
,
,
SCHEDULED_EVENTS_HUB_BUTTON_CUSTOM_154,每周活动
,
,
,
SCHEDULED_EVENTS_HUB_BUTTON_CUSTOM_155,每周活动
,
,
,
SCHEDULED_EVENTS_HUB_BUTTON_CUSTOM_156,每周活动
,
,
,
SCHEDULED_EVENTS_HUB_BUTTON_CUSTOM_157,每周活动
,
,
,
SCHEDULED_EVENTS_HUB_BUTTON_CUSTOM_158,每周活动
,
,
,
SCHEDULED_EVENTS_HUB_BUTTON_CUSTOM_159,每周活动
,
,
,
SCHEDULED_EVENTS_HUB_BUTTON_CUSTOM_16,情人脑
,
,
,
SCHEDULED_EVENTS_HUB_BUTTON_CUSTOM_160,每周活动
,
,
,
SCHEDULED_EVENTS_HUB_BUTTON_CUSTOM_161,每周活动
,
,
,
SCHEDULED_EVENTS_HUB_BUTTON_CUSTOM_162,每周活动
,
,
,
SCHEDULED_EVENTS_HUB_BUTTON_CUSTOM_163,PvZ生日
,
,
,
SCHEDULED_EVENTS_HUB_BUTTON_CUSTOM_164,PvZ生日
,
,
,
SCHEDULED_EVENTS_HUB_BUTTON_CUSTOM_165,PvZ生日
,
,
,
SCHEDULED_EVENTS_HUB_BUTTON_CUSTOM_166,PvZ生日
,
,
,
SCHEDULED_EVENTS_HUB_BUTTON_CUSTOM_167,PvZ生日
,
,
,
SCHEDULED_EVENTS_HUB_BUTTON_CUSTOM_168,PvZ生日
,
,
,
SCHEDULED_EVENTS_HUB_BUTTON_CUSTOM_169,PvZ生日
,
,
,
SCHEDULED_EVENTS_HUB_BUTTON_CUSTOM_17,每周活动
,
,
,
SCHEDULED_EVENTS_HUB_BUTTON_CUSTOM_170,PvZ生日
,
,
,
SCHEDULED_EVENTS_HUB_BUTTON_CUSTOM_171,PvZ生日
,
,
,
SCHEDULED_EVENTS_HUB_BUTTON_CUSTOM_172,PvZ生日
,
,
,
SCHEDULED_EVENTS_HUB_BUTTON_CUSTOM_173,每周活动
,
,
,
SCHEDULED_EVENTS_HUB_BUTTON_CUSTOM_174,每周活动
,
,
,
SCHEDULED_EVENTS_HUB_BUTTON_CUSTOM_175,每周活动
,
,
,
SCHEDULED_EVENTS_HUB_BUTTON_CUSTOM_176,每周活动
,
,
,
SCHEDULED_EVENTS_HUB_BUTTON_CUSTOM_177,每周活动
,
,
,
SCHEDULED_EVENTS_HUB_BUTTON_CUSTOM_178,每周活动
,
,
,
SCHEDULED_EVENTS_HUB_BUTTON_CUSTOM_179,每周活动
,
,
,
SCHEDULED_EVENTS_HUB_BUTTON_CUSTOM_18,PvZ人气
,
,
,
SCHEDULED_EVENTS_HUB_BUTTON_CUSTOM_180,每周活动
,
,
,
SCHEDULED_EVENTS_HUB_BUTTON_CUSTOM_181,每周活动
,
,
,
SCHEDULED_EVENTS_HUB_BUTTON_CUSTOM_182,每周活动
,
,
,
SCHEDULED_EVENTS_HUB_BUTTON_CUSTOM_183,每周活动
,
,
,
SCHEDULED_EVENTS_HUB_BUTTON_CUSTOM_184,每周活动
,
,
,
SCHEDULED_EVENTS_HUB_BUTTON_CUSTOM_185,每周活动
,
,
,
SCHEDULED_EVENTS_HUB_BUTTON_CUSTOM_186,每周活动
,
,
,
SCHEDULED_EVENTS_HUB_BUTTON_CUSTOM_187,每周活动
,
,
,
SCHEDULED_EVENTS_HUB_BUTTON_CUSTOM_188,每周活动
,
,
,
SCHEDULED_EVENTS_HUB_BUTTON_CUSTOM_189,每周活动
,
,
,
SCHEDULED_EVENTS_HUB_BUTTON_CUSTOM_19,每周活动
,
,
,
SCHEDULED_EVENTS_HUB_BUTTON_CUSTOM_190,每周活动
,
,
,
SCHEDULED_EVENTS_HUB_BUTTON_CUSTOM_191,每周活动
,
,
,
SCHEDULED_EVENTS_HUB_BUTTON_CUSTOM_192,每周活动
,
,
,
SCHEDULED_EVENTS_HUB_BUTTON_CUSTOM_193,每周活动
,
,
,
SCHEDULED_EVENTS_HUB_BUTTON_CUSTOM_194,每周活动
,
,
,
SCHEDULED_EVENTS_HUB_BUTTON_CUSTOM_195,每周活动
,
,
,
SCHEDULED_EVENTS_HUB_BUTTON_CUSTOM_196,每周活动
,
,
,
SCHEDULED_EVENTS_HUB_BUTTON_CUSTOM_197,每周活动
,
,
,
SCHEDULED_EVENTS_HUB_BUTTON_CUSTOM_198,每周活动
,
,
,
SCHEDULED_EVENTS_HUB_BUTTON_CUSTOM_199,每周活动
,
,
,
SCHEDULED_EVENTS_HUB_BUTTON_CUSTOM_20,僵尸幸运
,
,
,
SCHEDULED_EVENTS_HUB_BUTTON_CUSTOM_200,每周活动
,
,
,
SCHEDULED_EVENTS_HUB_BUTTON_CUSTOM_201,每周活动
,
,
,
SCHEDULED_EVENTS_HUB_BUTTON_CUSTOM_202,每周活动
,
,
,
SCHEDULED_EVENTS_HUB_BUTTON_CUSTOM_203,夏日之夜
,
,
,
SCHEDULED_EVENTS_HUB_BUTTON_CUSTOM_204,夏日之夜
,
,
,
SCHEDULED_EVENTS_HUB_BUTTON_CUSTOM_205,夏日之夜
,
,
,
SCHEDULED_EVENTS_HUB_BUTTON_CUSTOM_206,夏日之夜
,
,
,
SCHEDULED_EVENTS_HUB_BUTTON_CUSTOM_207,夏日之夜
,
,
,
SCHEDULED_EVENTS_HUB_BUTTON_CUSTOM_208,夏日之夜
,
,
,
SCHEDULED_EVENTS_HUB_BUTTON_CUSTOM_209,夏日之夜
,
,
,
SCHEDULED_EVENTS_HUB_BUTTON_CUSTOM_21,僵尸幸运
,
,
,
SCHEDULED_EVENTS_HUB_BUTTON_CUSTOM_210,夏日之夜
,
,
,
SCHEDULED_EVENTS_HUB_BUTTON_CUSTOM_211,夏日之夜
,
,
,
SCHEDULED_EVENTS_HUB_BUTTON_CUSTOM_212,夏日之夜
,
,
,
SCHEDULED_EVENTS_HUB_BUTTON_CUSTOM_213,每周活动
,
,
,
SCHEDULED_EVENTS_HUB_BUTTON_CUSTOM_214,每周活动
,
,
,
SCHEDULED_EVENTS_HUB_BUTTON_CUSTOM_215,每周活动
,
,
,
SCHEDULED_EVENTS_HUB_BUTTON_CUSTOM_216,每周活动
,
,
,
SCHEDULED_EVENTS_HUB_BUTTON_CUSTOM_217,每周活动
,
,
,
SCHEDULED_EVENTS_HUB_BUTTON_CUSTOM_218,每周活动
,
,
,
SCHEDULED_EVENTS_HUB_BUTTON_CUSTOM_219,每周活动
,
,
,
SCHEDULED_EVENTS_HUB_BUTTON_CUSTOM_22,每周活动
,
,
,
SCHEDULED_EVENTS_HUB_BUTTON_CUSTOM_220,每周活动
,
,
,
SCHEDULED_EVENTS_HUB_BUTTON_CUSTOM_221,每周活动
,
,
,
SCHEDULED_EVENTS_HUB_BUTTON_CUSTOM_222,每周活动
,
,
,
SCHEDULED_EVENTS_HUB_BUTTON_CUSTOM_223,每周活动
,
,
,
SCHEDULED_EVENTS_HUB_BUTTON_CUSTOM_224,每周活动
,
,
,
SCHEDULED_EVENTS_HUB_BUTTON_CUSTOM_225,每周活动
,
,
,
SCHEDULED_EVENTS_HUB_BUTTON_CUSTOM_226,每周活动
,
,
,
SCHEDULED_EVENTS_HUB_BUTTON_CUSTOM_227,每周活动
,
,
,
SCHEDULED_EVENTS_HUB_BUTTON_CUSTOM_228,每周活动
,
,
,
SCHEDULED_EVENTS_HUB_BUTTON_CUSTOM_229,每周活动
,
,
,
SCHEDULED_EVENTS_HUB_BUTTON_CUSTOM_23,春日生机
,
,
,
SCHEDULED_EVENTS_HUB_BUTTON_CUSTOM_230,每周活动
,
,
,
SCHEDULED_EVENTS_HUB_BUTTON_CUSTOM_231,每周活动
,
,
,
SCHEDULED_EVENTS_HUB_BUTTON_CUSTOM_232,每周活动
,
,
,
SCHEDULED_EVENTS_HUB_BUTTON_CUSTOM_233,每周活动
,
,
,
SCHEDULED_EVENTS_HUB_BUTTON_CUSTOM_234,每周活动
,
,
,
SCHEDULED_EVENTS_HUB_BUTTON_CUSTOM_235,每周活动
,
,
,
SCHEDULED_EVENTS_HUB_BUTTON_CUSTOM_236,每周活动
,
,
,
SCHEDULED_EVENTS_HUB_BUTTON_CUSTOM_237,每周活动
,
,
,
SCHEDULED_EVENTS_HUB_BUTTON_CUSTOM_238,每周活动
,
,
,
SCHEDULED_EVENTS_HUB_BUTTON_CUSTOM_239,每周活动
,
,
,
SCHEDULED_EVENTS_HUB_BUTTON_CUSTOM_24,春日生机
,
,
,
SCHEDULED_EVENTS_HUB_BUTTON_CUSTOM_240,每周活动
,
,
,
SCHEDULED_EVENTS_HUB_BUTTON_CUSTOM_241,每周活动
,
,
,
SCHEDULED_EVENTS_HUB_BUTTON_CUSTOM_242,每周活动
,
,
,
SCHEDULED_EVENTS_HUB_BUTTON_CUSTOM_243,每周活动
,
,
,
SCHEDULED_EVENTS_HUB_BUTTON_CUSTOM_244,每周活动
,
,
,
SCHEDULED_EVENTS_HUB_BUTTON_CUSTOM_245,每周活动
,
,
,
SCHEDULED_EVENTS_HUB_BUTTON_CUSTOM_246,每周活动
,
,
,
SCHEDULED_EVENTS_HUB_BUTTON_CUSTOM_247,每周活动
,
,
,
SCHEDULED_EVENTS_HUB_BUTTON_CUSTOM_248,每周活动
,
,
,
SCHEDULED_EVENTS_HUB_BUTTON_CUSTOM_249,每周活动
,
,
,
SCHEDULED_EVENTS_HUB_BUTTON_CUSTOM_25,每周活动
,
,
,
SCHEDULED_EVENTS_HUB_BUTTON_CUSTOM_250,每周活动
,
,
,
SCHEDULED_EVENTS_HUB_BUTTON_CUSTOM_251,每周活动
,
,
,
SCHEDULED_EVENTS_HUB_BUTTON_CUSTOM_252,每周活动
,
,
,
SCHEDULED_EVENTS_HUB_BUTTON_CUSTOM_253,每周活动
,
,
,
SCHEDULED_EVENTS_HUB_BUTTON_CUSTOM_254,每周活动
,
,
,
SCHEDULED_EVENTS_HUB_BUTTON_CUSTOM_255,每周活动
,
,
,
SCHEDULED_EVENTS_HUB_BUTTON_CUSTOM_256,每周活动
,
,
,
SCHEDULED_EVENTS_HUB_BUTTON_CUSTOM_257,每周活动
,
,
,
SCHEDULED_EVENTS_HUB_BUTTON_CUSTOM_258,每周活动
,
,
,
SCHEDULED_EVENTS_HUB_BUTTON_CUSTOM_259,每周活动
,
,
,
SCHEDULED_EVENTS_HUB_BUTTON_CUSTOM_26,每周活动
,
,
,
SCHEDULED_EVENTS_HUB_BUTTON_CUSTOM_260,每周活动
,
,
,
SCHEDULED_EVENTS_HUB_BUTTON_CUSTOM_261,每周活动
,
,
,
SCHEDULED_EVENTS_HUB_BUTTON_CUSTOM_262,每周活动
,
,
,
SCHEDULED_EVENTS_HUB_BUTTON_CUSTOM_263,每周活动
,
,
,
SCHEDULED_EVENTS_HUB_BUTTON_CUSTOM_264,每周活动
,
,
,
SCHEDULED_EVENTS_HUB_BUTTON_CUSTOM_265,每周活动
,
,
,
SCHEDULED_EVENTS_HUB_BUTTON_CUSTOM_266,每周活动
,
,
,
SCHEDULED_EVENTS_HUB_BUTTON_CUSTOM_267,每周活动
,
,
,
SCHEDULED_EVENTS_HUB_BUTTON_CUSTOM_268,每周活动
,
,
,
SCHEDULED_EVENTS_HUB_BUTTON_CUSTOM_269,每周活动
,
,
,
SCHEDULED_EVENTS_HUB_BUTTON_CUSTOM_27,PvZ生日
,
,
,
SCHEDULED_EVENTS_HUB_BUTTON_CUSTOM_270,每周活动
,
,
,
SCHEDULED_EVENTS_HUB_BUTTON_CUSTOM_271,每周活动
,
,
,
SCHEDULED_EVENTS_HUB_BUTTON_CUSTOM_272,每周活动
,
,
,
SCHEDULED_EVENTS_HUB_BUTTON_CUSTOM_273,每周活动
,
,
,
SCHEDULED_EVENTS_HUB_BUTTON_CUSTOM_274,每周活动
,
,
,
SCHEDULED_EVENTS_HUB_BUTTON_CUSTOM_275,每周活动
,
,
,
SCHEDULED_EVENTS_HUB_BUTTON_CUSTOM_276,每周活动
,
,
,
SCHEDULED_EVENTS_HUB_BUTTON_CUSTOM_277,每周活动
,
,
,
SCHEDULED_EVENTS_HUB_BUTTON_CUSTOM_278,每周活动
,
,
,
SCHEDULED_EVENTS_HUB_BUTTON_CUSTOM_279,每周活动
,
,
,
SCHEDULED_EVENTS_HUB_BUTTON_CUSTOM_28,PvZ生日
,
,
,
SCHEDULED_EVENTS_HUB_BUTTON_CUSTOM_280,每周活动
,
,
,
SCHEDULED_EVENTS_HUB_BUTTON_CUSTOM_281,每周活动
,
,
,
SCHEDULED_EVENTS_HUB_BUTTON_CUSTOM_282,每周活动
,
,
,
SCHEDULED_EVENTS_HUB_BUTTON_CUSTOM_283,末日草坪
,
,
,
SCHEDULED_EVENTS_HUB_BUTTON_CUSTOM_284,末日草坪
,
,
,
SCHEDULED_EVENTS_HUB_BUTTON_CUSTOM_285,末日草坪
,
,
,
SCHEDULED_EVENTS_HUB_BUTTON_CUSTOM_286,末日草坪
,
,
,
SCHEDULED_EVENTS_HUB_BUTTON_CUSTOM_287,末日草坪
,
,
,
SCHEDULED_EVENTS_HUB_BUTTON_CUSTOM_288,末日草坪
,
,
,
SCHEDULED_EVENTS_HUB_BUTTON_CUSTOM_289,末日草坪
,
,
,
SCHEDULED_EVENTS_HUB_BUTTON_CUSTOM_29,每周活动
,
,
,
SCHEDULED_EVENTS_HUB_BUTTON_CUSTOM_290,末日草坪
,
,
,
SCHEDULED_EVENTS_HUB_BUTTON_CUSTOM_291,末日草坪
,
,
,
SCHEDULED_EVENTS_HUB_BUTTON_CUSTOM_292,末日草坪
,
,
,
SCHEDULED_EVENTS_HUB_BUTTON_CUSTOM_293,末日草坪
,
,
,
SCHEDULED_EVENTS_HUB_BUTTON_CUSTOM_294,末日草坪
,
,
,
SCHEDULED_EVENTS_HUB_BUTTON_CUSTOM_295,末日草坪
,
,
,
SCHEDULED_EVENTS_HUB_BUTTON_CUSTOM_296,末日草坪
,
,
,
SCHEDULED_EVENTS_HUB_BUTTON_CUSTOM_297,末日草坪
,
,
,
SCHEDULED_EVENTS_HUB_BUTTON_CUSTOM_298,每周活动
,
,
,
SCHEDULED_EVENTS_HUB_BUTTON_CUSTOM_299,每周活动
,
,
,
SCHEDULED_EVENTS_HUB_BUTTON_CUSTOM_30,每周活动
,
,
,
SCHEDULED_EVENTS_HUB_BUTTON_CUSTOM_300,每周活动
,
,
,
SCHEDULED_EVENTS_HUB_BUTTON_CUSTOM_301,每周活动
,
,
,
SCHEDULED_EVENTS_HUB_BUTTON_CUSTOM_302,每周活动
,
,
,
SCHEDULED_EVENTS_HUB_BUTTON_CUSTOM_303,食物大战
,
,
,
SCHEDULED_EVENTS_HUB_BUTTON_CUSTOM_304,食物大战
,
,
,
SCHEDULED_EVENTS_HUB_BUTTON_CUSTOM_305,食物大战
,
,
,
SCHEDULED_EVENTS_HUB_BUTTON_CUSTOM_306,食物大战
,
,
,
SCHEDULED_EVENTS_HUB_BUTTON_CUSTOM_307,食物大战
,
,
,
SCHEDULED_EVENTS_HUB_BUTTON_CUSTOM_308,食物大战
,
,
,
SCHEDULED_EVENTS_HUB_BUTTON_CUSTOM_309,食物大战
,
,
,
SCHEDULED_EVENTS_HUB_BUTTON_CUSTOM_31,真命天子
,
,
,
SCHEDULED_EVENTS_HUB_BUTTON_CUSTOM_310,食物大战
,
,
,
SCHEDULED_EVENTS_HUB_BUTTON_CUSTOM_311,食物大战
,
,
,
SCHEDULED_EVENTS_HUB_BUTTON_CUSTOM_312,食物大战
,
,
,
SCHEDULED_EVENTS_HUB_BUTTON_CUSTOM_313,食物大战
,
,
,
SCHEDULED_EVENTS_HUB_BUTTON_CUSTOM_314,食物大战
,
,
,
SCHEDULED_EVENTS_HUB_BUTTON_CUSTOM_315,食物大战
,
,
,
SCHEDULED_EVENTS_HUB_BUTTON_CUSTOM_316,食物大战
,
,
,
SCHEDULED_EVENTS_HUB_BUTTON_CUSTOM_317,食物大战
,
,
,
SCHEDULED_EVENTS_HUB_BUTTON_CUSTOM_318,每周活动
,
,
,
SCHEDULED_EVENTS_HUB_BUTTON_CUSTOM_319,每周活动
,
,
,
SCHEDULED_EVENTS_HUB_BUTTON_CUSTOM_32,每周活动
,
,
,
SCHEDULED_EVENTS_HUB_BUTTON_CUSTOM_320,每周活动
,
,
,
SCHEDULED_EVENTS_HUB_BUTTON_CUSTOM_321,每周活动
,
,
,
SCHEDULED_EVENTS_HUB_BUTTON_CUSTOM_322,每周活动
,
,
,
SCHEDULED_EVENTS_HUB_BUTTON_CUSTOM_323,款待盛宴
,
,
,
SCHEDULED_EVENTS_HUB_BUTTON_CUSTOM_324,款待盛宴
,
,
,
SCHEDULED_EVENTS_HUB_BUTTON_CUSTOM_325,款待盛宴
,
,
,
SCHEDULED_EVENTS_HUB_BUTTON_CUSTOM_326,款待盛宴
,
,
,
SCHEDULED_EVENTS_HUB_BUTTON_CUSTOM_327,款待盛宴
,
,
,
SCHEDULED_EVENTS_HUB_BUTTON_CUSTOM_328,款待盛宴
,
,
,
SCHEDULED_EVENTS_HUB_BUTTON_CUSTOM_329,款待盛宴
,
,
,
SCHEDULED_EVENTS_HUB_BUTTON_CUSTOM_33,每周活动
,
,
,
SCHEDULED_EVENTS_HUB_BUTTON_CUSTOM_330,款待盛宴
,
,
,
SCHEDULED_EVENTS_HUB_BUTTON_CUSTOM_331,款待盛宴
,
,
,
SCHEDULED_EVENTS_HUB_BUTTON_CUSTOM_332,款待盛宴
,
,
,
SCHEDULED_EVENTS_HUB_BUTTON_CUSTOM_333,款待盛宴
,
,
,
SCHEDULED_EVENTS_HUB_BUTTON_CUSTOM_334,款待盛宴
,
,
,
SCHEDULED_EVENTS_HUB_BUTTON_CUSTOM_335,款待盛宴
,
,
,
SCHEDULED_EVENTS_HUB_BUTTON_CUSTOM_336,款待盛宴
,
,
,
SCHEDULED_EVENTS_HUB_BUTTON_CUSTOM_337,款待盛宴
,
,
,
SCHEDULED_EVENTS_HUB_BUTTON_CUSTOM_338,每周活动
,
,
,
SCHEDULED_EVENTS_HUB_BUTTON_CUSTOM_339,每周活动
,
,
,
SCHEDULED_EVENTS_HUB_BUTTON_CUSTOM_34,每周活动
,
,
,
SCHEDULED_EVENTS_HUB_BUTTON_CUSTOM_340,每周活动
,
,
,
SCHEDULED_EVENTS_HUB_BUTTON_CUSTOM_341,每周活动
,
,
,
SCHEDULED_EVENTS_HUB_BUTTON_CUSTOM_342,每周活动
,
,
,
SCHEDULED_EVENTS_HUB_BUTTON_CUSTOM_343,春日生机
,
,
,
SCHEDULED_EVENTS_HUB_BUTTON_CUSTOM_344,春日生机
,
,
,
SCHEDULED_EVENTS_HUB_BUTTON_CUSTOM_345,春日生机
,
,
,
SCHEDULED_EVENTS_HUB_BUTTON_CUSTOM_346,春日生机
,
,
,
SCHEDULED_EVENTS_HUB_BUTTON_CUSTOM_347,春日生机
,
,
,
SCHEDULED_EVENTS_HUB_BUTTON_CUSTOM_35,夏日之夜
,
,
,
SCHEDULED_EVENTS_HUB_BUTTON_CUSTOM_36,夏日之夜
,
,
,
SCHEDULED_EVENTS_HUB_BUTTON_CUSTOM_37,每周活动
,
,
,
SCHEDULED_EVENTS_HUB_BUTTON_CUSTOM_38,每周活动
,
,
,
SCHEDULED_EVENTS_HUB_BUTTON_CUSTOM_39,每周活动
,
,
,
SCHEDULED_EVENTS_HUB_BUTTON_CUSTOM_40,每周活动
,
,
,
SCHEDULED_EVENTS_HUB_BUTTON_CUSTOM_41,每周活动
,
,
,
SCHEDULED_EVENTS_HUB_BUTTON_CUSTOM_42,每周活动
,
,
,
SCHEDULED_EVENTS_HUB_BUTTON_CUSTOM_43,每周活动
,
,
,
SCHEDULED_EVENTS_HUB_BUTTON_CUSTOM_44,每周活动
,
,
,
SCHEDULED_EVENTS_HUB_BUTTON_CUSTOM_45,每周活动
,
,
,
SCHEDULED_EVENTS_HUB_BUTTON_CUSTOM_46,每周活动
,
,
,
SCHEDULED_EVENTS_HUB_BUTTON_CUSTOM_47,每周活动
,
,
,
SCHEDULED_EVENTS_HUB_BUTTON_CUSTOM_48,每周活动
,
,
,
SCHEDULED_EVENTS_HUB_BUTTON_CUSTOM_49,每周活动
,
,
,
SCHEDULED_EVENTS_HUB_BUTTON_CUSTOM_50,每周活动
,
,
,
SCHEDULED_EVENTS_HUB_BUTTON_CUSTOM_51,末日草坪
,
,
,
SCHEDULED_EVENTS_HUB_BUTTON_CUSTOM_52,末日草坪
,
,
,
SCHEDULED_EVENTS_HUB_BUTTON_CUSTOM_53,末日草坪
,
,
,
SCHEDULED_EVENTS_HUB_BUTTON_CUSTOM_54,每周活动
,
,
,
SCHEDULED_EVENTS_HUB_BUTTON_CUSTOM_55,食物大战
,
,
,
SCHEDULED_EVENTS_HUB_BUTTON_CUSTOM_56,食物大战
,
,
,
SCHEDULED_EVENTS_HUB_BUTTON_CUSTOM_57,食物大战
,
,
,
SCHEDULED_EVENTS_HUB_BUTTON_CUSTOM_58,每周活动
,
,
,
SCHEDULED_EVENTS_HUB_BUTTON_CUSTOM_59,款待盛宴
,
,
,
SCHEDULED_EVENTS_HUB_BUTTON_CUSTOM_60,款待盛宴
,
,
,
SCHEDULED_EVENTS_HUB_BUTTON_CUSTOM_61,款待盛宴
,
,
,
SCHEDULED_EVENTS_HUB_BUTTON_CUSTOM_7,款待盛宴
,
,
,
SCHEDULED_EVENTS_HUB_BUTTON_CUSTOM_77,新年快乐
,
,
,
SCHEDULED_EVENTS_HUB_BUTTON_CUSTOM_78,新年快乐
,
,
,
SCHEDULED_EVENTS_HUB_BUTTON_CUSTOM_79,新年快乐
,
,
,
SCHEDULED_EVENTS_HUB_BUTTON_CUSTOM_8,款待盛宴
,
,
,
SCHEDULED_EVENTS_HUB_BUTTON_CUSTOM_80,新年快乐
,
,
,
SCHEDULED_EVENTS_HUB_BUTTON_CUSTOM_81,新年快乐
,
,
,
SCHEDULED_EVENTS_HUB_BUTTON_CUSTOM_83,每周活动
,
,
,
SCHEDULED_EVENTS_HUB_BUTTON_CUSTOM_84,每周活动
,
,
,
SCHEDULED_EVENTS_HUB_BUTTON_CUSTOM_85,每周活动
,
,
,
SCHEDULED_EVENTS_HUB_BUTTON_CUSTOM_86,每周活动
,
,
,
SCHEDULED_EVENTS_HUB_BUTTON_CUSTOM_87,每周活动
,
,
,
SCHEDULED_EVENTS_HUB_BUTTON_CUSTOM_88,每周活动
,
,
,
SCHEDULED_EVENTS_HUB_BUTTON_CUSTOM_89,每周活动
,
,
,
SCHEDULED_EVENTS_HUB_BUTTON_CUSTOM_9,款待盛宴
,
,
,
SCHEDULED_EVENTS_HUB_BUTTON_CUSTOM_90,每周活动
,
,
,
SCHEDULED_EVENTS_HUB_BUTTON_CUSTOM_91,每周活动
,
,
,
SCHEDULED_EVENTS_HUB_BUTTON_CUSTOM_92,每周活动
,
,
,
SCHEDULED_EVENTS_HUB_BUTTON_CUSTOM_93,农历新年
,
,
,
SCHEDULED_EVENTS_HUB_BUTTON_CUSTOM_94,农历新年
,
,
,
SCHEDULED_EVENTS_HUB_BUTTON_CUSTOM_95,农历新年
,
,
,
SCHEDULED_EVENTS_HUB_BUTTON_CUSTOM_96,农历新年
,
,
,
SCHEDULED_EVENTS_HUB_BUTTON_CUSTOM_97,农历新年
,
,
,
SCHEDULED_EVENTS_HUB_BUTTON_CUSTOM_98,后院脑子碗
,
,
,
SCHEDULED_EVENTS_HUB_BUTTON_CUSTOM_99,后院脑子碗
,
,
,
SCHEDULED_EVENTS_HUB_BUTTON_CUSTOM1,款待盛宴
,
,
,
SCHEDULED_EVENTS_REWARD_BUYOUT,或者你可以使用宝石立刻获得1张卡牌：
,
,
,
SCHEDULED_EVENTS_REWARD_BUYOUT_FOR_OLD_EVENT,趁它还没消失，您可以马上使用宝石来获取它：
,
,
,
SCHEDULED_EVENTS_REWARD_BUYOUT_LASTCHANCE,最后的机会！
,
,
,
SCHEDULED_EVENTS_REWARD_CAPTION,集齐全部4张！
,
,
,
SCHEDULED_EVENTS_REWARD_CAPTION_COMPLETE,已获得最多数量的卡牌！
,
,
,
SCHEDULED_EVENTS_REWARD_HEADER,在游戏中取胜，赢得票券，获得卡牌！
,
,
,
SCHEDULED_EVENTS_REWARD_HEADER_COMPLETE,打得不错！享受您的新卡牌吧！
,
,
,
SCHEDULED_EVENTS_REWARD_HEADER_EXPIRED,本次每周活动已结束！
,
,
,
SCHEDULED_EVENTS_REWARD_MAX,恭喜！你获得了最多数量的卡牌！
,
,
,
SCHEDULED_EVENTS_REWARD_MAX_LABEL,最多
,
,
,
SCHEDULED_EVENTS_TICKET,票券
,
,
,
SCHEDULED_EVENTS_TICKETS,票券
,
,
,
SCHEDULED_EVENTS_TIMER_EXPIRED,活动已结束。
,
,
,
SCHEDULED_EVENTS_TIMER_FORMAT,{0}内结束
,
,
,
SCHEDULED_EVENTS_TIP_TEXT,提示：使用带有两种属性的英雄获胜即可获得最多数量的票券！提升每4小时将会恢复！
,
,
,
Scortchwood,火爆队长能带领爆花和猛长队友参战。\n\n
,
,
,
Scortchwood_0,点击任意位置继续！
,
,
,
Scortchwood_0_PC,点击任意位置继续！
,
,
,
Screen Door Zombie_flavorText,鲜为人知的事实：他带着一扇门使自己免受太阳辐射的影响。
,
,
,
Screen Door Zombie_longDesc,[gravestone]\n现身：这名队友在本回合不会受到伤害。
,
,
,
Screen Door Zombie_name,纱门僵尸
,
,
,
Screen Door Zombie_shortDesc,[gravestone]。现身：这名队友在本回合不会受到伤害。
,
,
,
SEARCHING_FOR_ADVENTURE,完成更多的任务\n看看接下来会发生什么！
,
,
,
SEARCHING_FOR_MATCH,正在搜寻对手
,
,
,
SEASON_COUNTDOWN_LABEL,赛季将在{0}后结束
,
,
,
SEASONALRESET_ACTIVATEBUTTON,确定
,
,
,
SEASONALRESET_BADGEBRONZE_REWARD,青铜联赛徽章！
,
,
,
SEASONALRESET_BADGEDIAMOND_REWARD,钻石联赛徽章！
,
,
,
SEASONALRESET_BADGEGOLD_REWARD,黄金联赛徽章！
,
,
,
SEASONALRESET_BADGESILVER_REWARD,白银联赛徽章！
,
,
,
SEASONALRESET_BADGETACO_REWARD,墨西哥联赛徽章！
,
,
,
SEASONALRESET_BADGEULTIMATE_REWARD,终极联赛徽章！
,
,
,
SEASONALRESET_BADGEWOOD_REWARD,木头联赛徽章！
,
,
,
SEASONALRESET_BONUSRANK,+10奖励排名
,
,
,
SEASONALRESET_CLAIMREWARDS_BUTTON,领取奖励！
,
,
,
SEASONALRESET_PINATABRONZE_REWARD,青铜联赛彩罐！
,
,
,
SEASONALRESET_PINATADIAMOND_REWARD,钻石联赛彩罐！
,
,
,
SEASONALRESET_PINATAGOLD_REWARD,黄金联赛彩罐！
,
,
,
SEASONALRESET_PINATASILVER_REWARD,白银联赛彩罐！
,
,
,
SEASONALRESET_PINATATACO_REWARD,墨西哥联赛彩罐！
,
,
,
SEASONALRESET_PINATAULTIMATE_REWARD,终极联赛彩罐！
,
,
,
SEASONALRESET_PINATAWOOD_REWARD,木头联赛彩罐！
,
,
,
SEASONALRESET_PVPBUTTON,上吧！
,
,
,
SEASONALRESET_REWARD_TITLE,达到最高联赛，夺取最好的彩罐吧！
,
,
,
SEASONALRESET_REWARDTIER1,木头，青铜，白银，黄金
,
,
,
SEASONALRESET_REWARDTIER2,钻石，墨西哥
,
,
,
SEASONALRESET_REWARDTIER3,终极
,
,
,
SEASONALRESET_SEASON1_TITLE,第1季
,
,
,
SEASONALRESET_SEASON1_TITLE01,初始排名：
,
,
,
SEASONALRESET_SEASON2_CTA,在赛季结束前取得高排名！
,
,
,
SEASONALRESET_SEASON2_TITLE,第2季
,
,
,
SEASONALRESET_SEASON2_TITLE01,以第1名进入第2季
,
,
,
SEASONALRESET_TAP,点击开启
,
,
,
SEASONALRESET_TAP_PC,点击打开
,
,
,
SEASONALRESET_YOUEARNED,赢得的联赛奖励：
,
,
,
SECOND_COPY,第2<sup></sup>张
,
,
,
Secret Agent_flavorText,他比较喜欢清蒸，而不是红烧。
,
,
,
Secret Agent_longDesc,[bounce]一只僵尸，并获得[+3a]/[+3h]。
,
,
,
Secret Agent_name,秘密特工
,
,
,
Secret Agent_shortDesc,[bounce]一只僵尸，并获得[+3a]/[+3h]。
,
,
,
SELECT_TEAM,更换队伍
,
,
,
set2_name,银河花园
,
,
,
set3_name,巨大化石
,
,
,
set4_name,三叠纪的胜利
,
,
,
SETTINGS_PLAYERTARGETING_DISABLE,禁用营销内容
,
,
,
SETTINGS_PLAYERTARGETING_ENABLE,启用营销内容
,
,
,
SETTINGS_PLAYERTARGETING_TITLE,玩家营销内容
,
,
,
SF_AVAIL,太阳风暴、打僵尸和超稀有牌双生向日葵现已加入限时耀斑花盟友包！
,
,
,
SF_EXPIRE,限时耀斑花即将下架！是不是有点热？
,
,
,
SFD,包含太阳风暴、打僵尸和超稀有牌双生向日葵，完美适合耀斑花！
,
,
,
SFD_V2,最适合耀斑花。限购4包！\n*<indent=5%>包含1张太阳风暴、打僵尸和超稀有牌双生向日葵</indent>\n*<indent=5%>3张高级套牌中的罕见牌</indent>
,
,
,
SFH,耀斑花盟友包
,
,
,
SG,多重组合包\n保证包含超稀有！
,
,
,
SG_V2,保证包含超稀有牌！
,
,
,
Shamrocket_flavorText,个子越高，摔得越疼。
,
,
,
Shamrocket_longDesc,消灭一只[4a]或以上的僵尸。
,
,
,
Shamrocket_name,三叶草火箭
,
,
,
Shamrocket_shortDesc,消灭一只[4a]或以上的僵尸。
,
,
,
Shelf Mushroom_flavorText,空心地球的传奇有说道，如果你积攒了足够硫磺菇，就能最终抵达表层世界。
,
,
,
Shelf Mushroom_longDesc,[springboard]：造成2点伤害。
,
,
,
Shelf Mushroom_name,硫磺菌跳板
,
,
,
Shelf Mushroom_shortDesc,[springboard]：造成2点伤害。
,
,
,
Shelf Mushroom_Targeting,造成2点伤害。
,
,
,
Shooting Starfruit_flavorText,当你看见一颗流星果时，就许个愿，任何愿望都行！只要是关于打败僵尸的愿望都行。
,
,
,
Shooting Starfruit_longDesc,这张牌将攻击所有五条线。
,
,
,
Shooting Starfruit_name,流星果
,
,
,
Shooting Starfruit_shortDesc,攻击所有五条线。
,
,
,
Shrinking Ultraviolet_flavorText,她可爱还是可怕？是的。
,
,
,
Shrinking Ultraviolet_longDesc,自己和相邻线上的僵尸获得[-2a]。然后消灭任意拥有[0a]的僵尸。
,
,
,
Shrinking Ultraviolet_name,畏缩紫罗兰
,
,
,
Shrinking Ultraviolet_shortDesc,自己和相邻线上的僵尸获得[-2a]。然后消灭任意拥有[0a]的僵尸。
,
,
,
SILVER_TUTORIAL_1,你有足够的银币来购买基础组合包了！
,
,
,
SILVER_TUTORIAL_2,购买基础组合包！
,
,
,
SILVER_TUTORIAL_3,Placeholder
,
,
,
SILVER_TUTORIAL_4,Placeholder
,
,
,
SILVER_TUTORIAL_5,Placeholder
,
,
,
SIN,1包
,
,
,
SIN150S,<color=#C30000>33%折扣！</color> 1个组合包 
,
,
,
SIN200S,<color=#C30000>降价25%！</color> 1个组合包 
,
,
,
SIN200S_V2,1个组合包 - <color=#C30000>降价25%！</color>
,
,
,
Skunk Punk_flavorText,你知道吗？唯一和他惺惺相惜的只有臭臭僵尸。
,
,
,
Skunk Punk_longDesc,
,
,
,
Skunk Punk_name,臭鼬僵尸
,
,
,
Skunk Punk_shortDesc,
,
,
,
SL_AVAIL,保证包含传说卡牌的传说同捆包现已在商店中推出！
,
,
,
SL_EXPIRE,保证包含传说卡牌的传说同捆包即将下架！
,
,
,
Small-Nut_flavorText,小坚果可是个小提琴行家，他还在果壳里的时候，就开始上小提琴课了。 
,
,
,
Small-Nut_longDesc,
,
,
,
Small-Nut_name,小坚果
,
,
,
Small-Nut_shortDesc,
,
,
,
SMARTY,<u>聪明</u>\n他们能依靠弹射、冻结和两栖来智胜对手！\n\n带“聪明”属性的英雄可以使用聪明牌。
,
,
,
Snake Grass_flavorText,“蛇！为什么非得是蛇？”
,
,
,
Snake Grass_heraldFighter,由蛇草创造
,
,
,
Snake Grass_longDesc,[aquatic]\n回合开始： 在右边相邻线上召唤另一株蛇草。
,
,
,
Snake Grass_name,蛇草
,
,
,
Snake Grass_shortDesc,[aquatic]。回合开始：在右边相邻线上召唤另一株蛇草。
,
,
,
SNEAKY,<u>狡猾</u>\n他们可以靠移动、两栖和藏进墓碑里来避开正面战斗！\n\n带“狡猾”属性的英雄可以使用狡猾牌。
,
,
,
Sneezing Zombie_flavorText,花朵们让她产生严重的过敏和让人恶心的喷嚏。这就是她头上戴着一朵花的原因吗？
,
,
,
Sneezing Zombie_longDesc,植物和植物英雄不能被治疗。\n打出：所有植物获得[-1a]/[-1h]。
,
,
,
Sneezing Zombie_name,感冒僵尸
,
,
,
Sneezing Zombie_shortDesc,植物和植物英雄不能被治疗。所有植物获得[-1a]/[-1h]。
,
,
,
Sneezing Zombie_Targeting,选择一株植物。该植物的所有复制获得[-2a]/[-2h]。
,
,
,
SOCIAL_ADD_FRIEND_BUTTON,发送邀请
,
,
,
SOCIAL_ADD_FRIEND_NOT_FOUND,未找到玩家。
,
,
,
SOCIAL_ADD_FRIEND_SENT,好友邀请已发送！
,
,
,
SOCIAL_ADD_FRIEND_TITLE,添加好友
,
,
,
SOCIAL_REMOVE_FRIEND_BODY,这位玩家将被移出你的好友列表。他将无法看到你的在线情况
,
,
,
SOCIAL_REMOVE_FRIEND_TITLE,移出好友列表？
,
,
,
SOLAR,<u>光能</u>\n他们能产生额外阳光、施展治疗，还能穿透敌人！\n\n带“光能”属性的英雄可以使用光能牌。
,
,
,
Sonic Bloom_flavorText,胜利来得比声音还快。
,
,
,
Sonic Bloom_longDesc,打出：场上每有一株植物，便对僵尸英雄造成1点伤害。
,
,
,
Sonic Bloom_name,音速盛放
,
,
,
Sonic Bloom_shortDesc,场上每有一株植物，便对僵尸英雄造成1点伤害。
,
,
,
Sow_Magic_Beans_flavorText,魔法豆子，绝对值得用奶牛来换。
,
,
,
Sow_Magic_Beans_longDesc,将五个魔法豆茎洗入你的牌库。
,
,
,
Sow_Magic_Beans_name,播种魔法豆
,
,
,
Sow_Magic_Beans_shortDesc,将五个魔法豆茎洗入你的牌库。
,
,
,
SP_AVAIL,限时土豆仔盟友包就要爆炸啦！内含三张火爆好牌，包括超稀有牌愤怒的葡萄！
,
,
,
SP_EXPIRE,限时土豆仔盟友包即将下架！快来看大爆炸吧！
,
,
,
Space Cowboy_flavorText,只有在宽广的天空中他才能找到宁静。
,
,
,
Space Cowboy_longDesc,[aquatic]，[strikethrough]\n当这只僵尸对植物英雄造成伤害时，他将向右侧移动。
,
,
,
Space Cowboy_name,太空牛仔
,
,
,
Space Cowboy_shortDesc,[aquatic]，[strikethrough]。当这只僵尸对植物英雄造成伤害时，他将向右侧移动。
,
,
,
Space Explorer_flavorText,那对于僵尸来说是一小口，对于僵尸族来说是一大口。
,
,
,
Space Explorer_longDesc,在高地或环境中打出：这张牌获得[+2a]/[+2h]。
,
,
,
Space Explorer_name,月行者
,
,
,
Space Explorer_shortDesc,在高地或环境中打出：这张牌获得[+2a]/[+2h]。
,
,
,
Space Janitor_flavorText,别叫他“太空打杂的”。他是一个“苍穹监护者”，而且非常以此自豪。
,
,
,
Space Janitor_longDesc,在环境中打出时：摧毁力量为3或以下的植物。
,
,
,
Space Janitor_name,苍穹监护者
,
,
,
Space Janitor_shortDesc,在环境中打出时：摧毁力量为3或以下的植物。
,
,
,
Space Janitor_Targeting,选择一株[2a]或以下的植物，然后将其消灭。
,
,
,
Space Mentor_flavorText,你可以把他简称为星巫。
,
,
,
Space Mentor_heraldFighter,由星巫召唤
,
,
,
Space Mentor_heraldTrick,由星巫召唤
,
,
,
Space Mentor_longDesc,在一只僵尸的相邻线上打出：[conjure]一个超能力。
,
,
,
Space Mentor_name,类星体巫师
,
,
,
Space Mentor_shortDesc,在一只僵尸的相邻线上打出：[conjure]一个超能力。
,
,
,
Space Ninja_flavorText,在真空中你永远不会听到他杀到的声音。
,
,
,
Space Ninja_longDesc,在环境中： 这张牌每回合第一次造成伤害时，对每株植物造成1点伤害。
,
,
,
Space Ninja_name,太空忍者
,
,
,
Space Ninja_shortDesc,在环境中：这张牌每回合第一次造成伤害时，对每株植物造成1点伤害。
,
,
,
Space Pirate_flavorText,起初太空海盗行为对他来说只是玩牌，但后来他就迷上干这个了。
,
,
,
Space Pirate_longDesc,[ambush=2]\n当植物在这里被打出时，这名队友会随机移动至一条线。
,
,
,
Space Pirate_name,太空海盗
,
,
,
Space Pirate_shortDesc,[ambush=2]。当植物在这里被打出时，这名队友会随机移动至一条线。
,
,
,
SPD,包含海蘑菇、墓碑克星和超稀有牌愤怒的葡萄，完美适合土豆仔！
,
,
,
SPD_V2,最适合土豆仔。限购4包！\n*<indent=5%>包含1张海蘑菇、墓碑克星和超稀有牌愤怒的葡萄</indent>\n*<indent=5%>3张高级套牌中的罕见牌</indent>
,
,
,
SPH,土豆仔盟友包
,
,
,
Spike Weed_flavorText,与被称为波基省的地区非常相似。
,
,
,
Spike Weed_longDesc,在自己线上的战斗之前：对自己线上的一只僵尸造成2点伤害。
,
,
,
Spike Weed_name,地刺防区
,
,
,
Spike Weed_shortDesc,在自己线上的战斗之前：对自己线上的一只僵尸造成2点伤害。
,
,
,
SPLASHSCREEN_PLAY,闯关
,
,
,
Split Pea_flavorText,‘我这辈子总想带头领先，不过好像有点太较真了。该如何面对将来呢？我现在有两个想法。’
,
,
,
Split Pea_longDesc,在自己线上的战斗之前：这张牌对植物英雄造成1点伤害。
,
,
,
Split Pea_name,分裂射手
,
,
,
Split Pea_shortDesc,在自己线上的战斗之前：这张牌对植物英雄造成1点伤害。
,
,
,
SPLIT_DOWNLOAD_MESSAGE,糟糕，您已经离线！请连接网络以下载所需的资产和继续玩游戏！
,
,
,
Spore Shooter_flavorText,他相信，君子报仇，随时动手。
,
,
,
Spore Shooter_longDesc,有蘑菇被消灭时，随机对一只僵尸或僵尸英雄造成2点伤害。
,
,
,
Spore Shooter_name,复仇菇
,
,
,
Spore Shooter_shortDesc,有蘑菇被消灭时，随机对一只僵尸或僵尸英雄造成2点伤害。
,
,
,
Sportacus_flavorText,"""我是斯巴达孢子！"""
,
,
,
Sportacus_longDesc,当僵尸打出锦囊牌时，对僵尸英雄造成2点伤害。
,
,
,
Sportacus_name,斯巴达克斯孢
,
,
,
Sportacus_shortDesc,当僵尸打出锦囊牌时，对僵尸英雄造成2点伤害。
,
,
,
Sprouting Expansion_flavorText,最好的环境保护论。
,
,
,
Sprouting Expansion_longDesc,所有在高地或环境中的植物获得[+2a]/[+2h]。
,
,
,
Sprouting Expansion_name,草木变异
,
,
,
Sprouting Expansion_shortDesc,所有在高地或环境中的植物获得[+2a]/[+2h]。
,
,
,
Spudow,土豆仔能带领爆花和守卫队友参战。\n\n
,
,
,
Spudow_0,点击任意位置继续！
,
,
,
Spudow_0_PC,点击任意位置继续！
,
,
,
Spudow_1,不久之前，他还是颗不起眼的土豆地雷。 
,
,
,
Spudow_2,就在那一天，一切都变了。 
,
,
,
Spudow_3,而他也成了……土豆仔！ 
,
,
,
Spyris_flavorText,什么都逃不过她的眼睛。想都不要想。她能窥探你的脑袋。
,
,
,
Spyris_longDesc,[aquatic]\n你可点击墓碑来查看哪只僵尸藏在里面。
,
,
,
Spyris_name,特务鸢尾
,
,
,
Spyris_shortDesc,[aquatic]\n你可点击墓碑来查看哪只僵尸藏在里面。
,
,
,
SS_AVAIL,限时新手同捆包现已推出，其中包含一名能打得敌人满脸桃花开的新英雄！
,
,
,
SS_EXPIRE,包含一名新英雄的限时新手同捆包即将下架！
,
,
,
Starch Lord_flavorText,淀粉上写着他的命运。
,
,
,
Starch Lord_heraldFighter,由淀粉领主召唤
,
,
,
Starch Lord_heraldTrick,由淀粉领主召唤
,
,
,
Starch Lord_longDesc,当你打出根茎时，两株根茎都将获得[+1a]/[+1h]。\n回合开始：[conjure]一株根茎。
,
,
,
Starch Lord_name,淀粉领主
,
,
,
Starch Lord_shortDesc,当你打出根茎时，两株根茎都将获得[+1a]/[+1h]。回合开始：[conjure]一株根茎。
,
,
,
STD,保证包含新英雄和两张高级套牌中的罕见牌！
,
,
,
STD_V2,保证包含一名新英雄和高级套牌中的两张牌！
,
,
,
Stegosaurus Rider_flavorText,它的小脑有坚果墙那么大，最擅长以小小的脑袋驾驭大大的身体。
,
,
,
Stegosaurus Rider_longDesc,[dinoroar]：你手牌中的所有僵尸获得[+1a]/[+1h]。
,
,
,
Stegosaurus Rider_name,霸脚龙骑士
,
,
,
Stegosaurus Rider_shortDesc,[dinoroar]：你手牌中的所有僵尸获得[+1a]/[+1h]。
,
,
,
STH,新手包
,
,
,
Stinky Mist_flavorText,僵尸们最爱日蚀了。他们通常会吃植物来庆祝。还有脑子。
,
,
,
Stinky Mist_longDesc,自己线上的植物获得[-1a]/[-1h]。
,
,
,
Stinky Mist_name,全蚀
,
,
,
Stinky Mist_shortDesc,自己线上的植物获得[-1a]/[-1h]。
,
,
,
Stone Gargantuar_flavorText,空心地球里有些失落的神庙看上去神秘莫测、引人好奇。直到它们开始动起来。
,
,
,
Stone Gargantuar_longDesc,墓碑。揭示时：从植物英雄的超级格挡计量槽中偷走2格。回合结束时：所有巨人僵尸都躲入墓碑。
,
,
,
Stone Gargantuar_name,诅咒巨石尸
,
,
,
Stone Gargantuar_shortDesc,墓碑。揭示时：从植物英雄的超级格挡计量槽中偷走2格。回合结束时：所有巨人僵尸都躲入墓碑。
,
,
,
STORE_1000GEM_FLASH SALE,1000宝石限时闪电特卖
,
,
,
STORE_10DAYOFHEROES,英雄的第10天
,
,
,
STORE_10XBOOST,10X提升
,
,
,
STORE_10XBOOSTHERO,10X提升英雄
,
,
,
STORE_10XCLASSBOOST,10X属性提升
,
,
,
STORE_10XEVENTBOOST,10X活动提升
,
,
,
STORE_10XEVENTBOOSTHERO,10X活动提升英雄
,
,
,
STORE_10XEVENTCLASSBOOST,10X活动属性提升
,
,
,
STORE_10XEVENTTICKETBOOST,10X活动票券提升
,
,
,
STORE_10XTICKETS,10X票券提升
,
,
,
STORE_10XTICKETSHERO,10X票券提升英雄
,
,
,
STORE_11DAYOFHEROES,英雄的第11天
,
,
,
STORE_12DAYOFHEROES,英雄的第12天
,
,
,
STORE_12DAYSOFHEROES,英雄的12天
,
,
,
STORE_1BUNDLE,1个同捆包
,
,
,
STORE_1CARD,1张牌
,
,
,
STORE_1DAYOFHEROES,英雄的第1天
,
,
,
STORE_23_PLUS_3_FREE,买23包送<color=#C30000>3包！</color>
,
,
,
STORE_23PACKS,23个组合包
,
,
,
STORE_25PERCENT_OFF,降价25%！
,
,
,
STORE_25PERCENT_OFF_SALE,1个组合包：<s>200颗宝石</s> <color=#C30000>150颗宝石！</color>\n10个组合包+1份奖励：<s>2000颗宝石</s> <color=#C30000>1500颗宝石！</color>
,
,
,
STORE_25PERCENT_OFF_V2,降价25%
,
,
,
STORE_25PERCENT_OFF_V3,降价25%
,
,
,
STORE_25PERCENT_SAVINGS,节省25%
,
,
,
STORE_25PERCENT_SAVINGS_V2,节省\n25%
,
,
,
STORE_2DAYOFHEROES,英雄的第2天
,
,
,
STORE_2NDBESTTACOOFALLTIME_DESCRIPTION,*<indent=5%>1张史上第二的玉米卷</indent>\n*<indent=5%>霸王大嘴花、玫瑰、耀斑花和坚果骑士可用</indent>
,
,
,
STORE_2NDBESTTACOOFALLTIME_TITLE,史上第二的玉米卷
,
,
,
STORE_2XBONUS,2x奖励！
,
,
,
STORE_2XBONUS_V2,双倍奖励！
,
,
,
STORE_33PERCENT_OFF,33%折扣！
,
,
,
STORE_3DAYOFHEROES,英雄的第3天
,
,
,
STORE_400GEM_FLASH SALE,400宝石限时闪电特卖
,
,
,
STORE_4BUNDLE,4个同捆包送<color=#C30000>奖励卡牌</color>
,
,
,
STORE_4BUNDLE_V2,4个同捆包+奖励卡牌！
,
,
,
STORE_4BUNDLE_V3,4个同捆包
,
,
,
STORE_4BUNDLE_V4,4个同捆包+奖励！
,
,
,
STORE_4BUNDLE_V5,4个同捆包+奖励！
,
,
,
STORE_4DAYOFHEROES,英雄的第4天
,
,
,
STORE_4PACKS,4个组合包
,
,
,
STORE_4PACKSBONUS,4个组合包+奖励卡牌！
,
,
,
STORE_50PERCENT_SAVINGS,节省50%
,
,
,
STORE_5DAYOFHEROES,英雄的第5天
,
,
,
STORE_5XBOOST,5X提升
,
,
,
STORE_5XBOOSTHERO,5X提升英雄
,
,
,
STORE_5XCLASSBOOST,5X属性提升
,
,
,
STORE_5XEVENTBOOST,5X活动提升
,
,
,
STORE_5XEVENTBOOSTHERO,5X活动提升英雄
,
,
,
STORE_5XEVENTCLASSBOOST,5X活动属性提升
,
,
,
STORE_5XEVENTTICKETBOOST,5X活动票券提升
,
,
,
STORE_5XTICKETS,5X票券提升
,
,
,
STORE_5XTICKETSHERO,5X票券提升英雄
,
,
,
STORE_60_PLUS_10_FREE,买60包送<color=#C30000>10包！</color>
,
,
,
STORE_60PACK_GUARANTEE1,50个组合包中包含至少3张传说，另送10包\n20个组合包中至少包含1张传说，另送3包
,
,
,
STORE_60PACK_GUARANTEE2,60个组合包包含至少3张传说\n23个组合包包含至少1张传说
,
,
,
STORE_60PACK_GUARANTEE3,50个组合包包含至少3张传说\n20个组合包包含至少1张传说
,
,
,
STORE_60PACKS,60个组合包
,
,
,
STORE_6DAYOFHEROES,英雄的第6天
,
,
,
STORE_7DAYOFHEROES,英雄的第7天
,
,
,
STORE_8DAYOFHEROES,英雄的第8天
,
,
,
STORE_8PACKSBONUS,8个组合包+奖励卡牌！
,
,
,
STORE_9DAYOFHEROES,英雄的第9天
,
,
,
STORE_ABRACADAVER_DESCRIPTION,*<indent=5%>1张魔咒僵尸</indent>\n*<indent=5%>霹雳舞王、无穷小子、僵点子教授和Z机甲可用</indent>
,
,
,
STORE_ABRACADAVER_TITLE,魔咒僵尸
,
,
,
STORE_ALLNEW,全新
,
,
,
STORE_ALLY_BRAINFREEZE_DESCRIPTION,获得僵尸鸡、猫夫人和超稀有牌僵尸雪人！
,
,
,
STORE_ALLY_BRAINFREEZE_HEADING,急冻魔盟友包
,
,
,
STORE_ALLY_CAPTAINCOMBUSTIBLE_DESCRIPTION,获得野草莓、黑眼豌豆和超稀有牌咖啡豆狂欢！
,
,
,
STORE_ALLY_CAPTAINCOMBUSTIBLE_HEADING,火爆队长\n盟友包
,
,
,
STORE_ALLY_CHOMPZILLA_DESCRIPTION,获得鞭藤、史上第二的玉米卷和超稀有牌大嘴花！
,
,
,
STORE_ALLY_CHOMPZILLA_HEADING,霸王大嘴花盟友包
,
,
,
STORE_ALLY_CITRON_DESCRIPTION,获得跳跳豆、刺梨和超稀有牌食脑蕉！
,
,
,
STORE_ALLY_CITRON_HEADING,香橼猎手盟友包
,
,
,
STORE_ALLY_ELECTRICBOOGALOO_DESCRIPTION,获得降B调、有氧运动教练和超稀有的3000型劲舞机！
,
,
,
STORE_ALLY_ELECTRICBOOGALOO_HEADING,霹雳舞王\n盟友包
,
,
,
STORE_ALLY_GRASSKNUCKLES_DESCRIPTION,获得海蘑菇、植物养料和超稀有牌茂盛盆栽！
,
,
,
STORE_ALLY_GRASSKNUCKLES_HEADING,拳王菜盟友包
,
,
,
STORE_ALLY_GREENSHADOW_DESCRIPTION,获得雪豆射手、豆荚教父和超稀有牌骁龙草，完美适合绿影侠！
,
,
,
STORE_ALLY_GREENSHADOW_HEADING,绿影侠盟友包
,
,
,
STORE_ALLY_IMMORTICIA_DESCRIPTION,获得闹鬼僵尸、吸血僵尸和超稀有牌传送！
,
,
,
STORE_ALLY_IMMORTICIA_HEADING,不死女妖盟友包
,
,
,
STORE_ALLY_IMPFINITY_DESCRIPTION,获得康加舞僵尸、毒物小鬼和超稀有牌小丑僵尸，完美适合无穷小子！
,
,
,
STORE_ALLY_IMPFINITY_HEADING,无穷小子盟友包
,
,
,
STORE_ALLY_NEPTUNA_DESCRIPTION,获得园艺僵尸、剑客僵尸和超稀有牌糊涂掘墓人！
,
,
,
STORE_ALLY_NEPTUNA_HEADING,海妖盟友包
,
,
,
STORE_ALLY_NIGHTCAP_DESCRIPTION,获得毒蘑菇、闪电芦苇和超稀有牌复制松果！
,
,
,
STORE_ALLY_NIGHTCAP_HEADING,暗夜菇盟友包
,
,
,
STORE_ALLY_PROFESSORBRAINSTORM_DESCRIPTION,获得蛋糕炸弹、僵尸无人机工程师和超稀有牌疯狂化学家！
,
,
,
STORE_ALLY_PROFESSORBRAINSTORM_HEADING,僵点子教授\n盟友包
,
,
,
STORE_ALLY_ROSE_DESCRIPTION,获得牵牛花、大炮萝卜和超稀有牌野玫瑰！
,
,
,
STORE_ALLY_ROSE_HEADING,玫瑰盟友包
,
,
,
STORE_ALLY_RUSTBOLT_DESCRIPTION,获得垃圾桶僵尸、电工僵尸和超稀有牌咖啡僵尸！
,
,
,
STORE_ALLY_RUSTBOLT_HEADING,锈铁侠盟友包
,
,
,
STORE_ALLY_SOLARFLARE_DESCRIPTION,获得太阳风暴、打僵尸和超稀有牌双生向日葵！
,
,
,
STORE_ALLY_SOLARFLARE_HEADING,耀斑花盟友包
,
,
,
STORE_ALLY_SPUDOW_DESCRIPTION,获得海蘑菇、墓碑克星和超稀有牌愤怒的葡萄！
,
,
,
STORE_ALLY_SPUDOW_HEADING,土豆仔盟友包
,
,
,
STORE_ALLY_SUPERBRAINZ_DESCRIPTION,获得僵尸鸡、毒物小鬼和超稀有牌传送门技尸！
,
,
,
STORE_ALLY_SUPERBRAINZ_HEADING,超尸盟友包
,
,
,
STORE_ALLY_THESMASH_DESCRIPTION,获得掰腕僵尸、深海巨尸，还有超稀有牌护士巨尸！
,
,
,
STORE_ALLY_THESMASH_HEADING,摔跤狂盟友包
,
,
,
STORE_ALLY_WALLKNIGHT_DESCRIPTION,获得金属向日葵、无畏坚果和超稀有牌反射坚果！
,
,
,
STORE_ALLY_WALLKNIGHT_HEADING,坚果骑士盟友包
,
,
,
STORE_ALLY_ZMECH_DESCRIPTION,获得焰火僵尸、牛仔巨尸和超稀有牌全明星僵尸！
,
,
,
STORE_ALLY_ZMECH_HEADING,Z机甲盟友包
,
,
,
STORE_AMPHIBIOUSPACK_DESCRIPTION,*<indent=5%>6张两栖卡牌</indent>\n<u>掉落几率：</u>稀有：保证包含 ； 超稀有：30% ； 传说：10%
,
,
,
STORE_AMPHIBIOUSPACK_HEADING,两栖组合包
,
,
,
STORE_ARMOREDPACK_DESCRIPTION,*<indent=5%>6张装甲卡牌</indent>\n<u>掉落几率：</u>稀有：保证包含 ； 超稀有：30% ； 传说：10%
,
,
,
STORE_ARMOREDPACK_HEADING,装甲组合包
,
,
,
STORE_AUTUMNGIFT_DESCRIPTION,*<indent=5%>6张玉米、窝瓜或豆子植物卡牌</indent>\n*<indent=5%>每位玩家限购1次</indent>\n<u>掉落几率：</u>稀有：保证包含 ； 超稀有：30% ； 传说：10%
,
,
,
STORE_AUTUMNGIFT_HEADING,秋季礼物组合包
,
,
,
STORE_AUTUMNPACK_DESCRIPTION,*<indent=5%>6张玉米、窝瓜或豆子植物卡牌</indent>\n<u>掉落几率：</u>稀有：保证包含 ； 超稀有：30% ； 传说：10%
,
,
,
STORE_AUTUMNPACK_HEADING,秋季组合包
,
,
,
STORE_BACKYARDBRAINBOWL,后院脑子碗
,
,
,
STORE_BANANASAURUSREX_DESCRIPTION,*<indent=5%>1张霸王蕉</indent>\n*<indent=5%>霸王大嘴花、拳王菜、绿影侠和火爆队长可用</indent>
,
,
,
STORE_BANANASAURUSREX_TITLE,霸王蕉
,
,
,
STORE_BASICPACK_DESCRIPTION_V2,包含基础套牌中的三张常见牌！
,
,
,
STORE_BEATPACK_DESCRIPTION,*<indent=5%>1x超稀有排舞僵尸！1x有氧运动教练、1x降B调、3x卡牌</indent>\n\n**多重组合包奖励**：\n<indent=10%>保证包含1x3000型劲舞机！</indent>
,
,
,
STORE_BEATPACK_GUARANTEE,<color=#C30000>多重组合包内含3000型劲舞机</color>\n收集4x排舞僵尸
,
,
,
STORE_BEATPACK_HEADING,纵情起舞组合包
,
,
,
STORE_BEATPACK_HEADING2,舞动组合包
,
,
,
STORE_BEST_SELLER,畅销
,
,
,
STORE_BEST_SELLER_V2,畅销
,
,
,
STORE_BETA_PREM_DESCRIPTION,*<indent=5%>6张巨大、银河或高级套牌</indent>\n*<indent=5%>全部适合贝塔胡萝卜蒂娜！</indent>\n<u>掉落几率：</u>稀有：保证包含 ； 超稀有：30% ； 传说：10%
,
,
,
STORE_BETA_PREM_HEADING,贝塔胡萝卜蒂娜组合包
,
,
,
STORE_BETACARROTINA_DESCRIPTION,搜寻贝塔胡萝卜蒂娜！\n*<indent=5%>9张银河或高级套牌</indent>\n<u>掉落几率：</u>稀有：保证包含 ； 超稀有：45% ； 传说：10%； 英雄：5%
,
,
,
STORE_BETACARROTINA_HEADING,贝塔胡萝卜蒂娜组合包
,
,
,
STORE_BIRTHDAYZ_DESCRIPTION,*<indent=5%>3个组合包，包括1个投巨尸的小鬼！</indent>\n**巨无霸同捆包奖励**：\n<indent=10%>保证包含500颗宝石！</indent>\n<u>掉落几率：</u>稀有：保证包含 ； 超稀有：30% ； 传说：10%
,
,
,
STORE_BIRTHDAYZ_GUARANTEE,<color=#C30000>500颗宝石就在巨无霸同捆包！</color>\n收集4张活动卡牌
,
,
,
STORE_BIRTHDAYZ_HEADING,生日同捆包
,
,
,
STORE_BIRTHDAYZGIFT_DESCRIPTION,生日快乐！\n*<indent=5%>1张免费派对组合包</indent>\n*<indent=5%>每位玩家限购1次</indent>
,
,
,
STORE_BIRTHDAYZGIFT_HEADING,生日礼物
,
,
,
STORE_BONUS,奖励
,
,
,
STORE_BONUS_V2,奖励
,
,
,
STORE_BONUS10EVENTCARDS,10张每周活动卡牌！
,
,
,
STORE_BONUS20PACKS,20个组合包！
,
,
,
STORE_BONUS4LEGENDARYCARDS,4张传说卡牌！
,
,
,
STORE_BONUS5PACKS,5个组合包！
,
,
,
STORE_BONUS8LEGENDARYCARDS,8张传说卡牌！
,
,
,
STORE_BONUS8PACKS,8个组合包！
,
,
,
STORE_BONUSEVENTCARDS,奖励每周活动卡牌！
,
,
,
STORE_BONUSLEGENDARYCARDS,奖励传说卡牌！
,
,
,
STORE_BONUSPACKS,奖励组合包！
,
,
,
STORE_BONUSSALE,奖励特卖！
,
,
,
STORE_BOOSTEDHERO,提升了的英雄
,
,
,
STORE_BOXINGPACK_DESCRIPTION,包含拳击白菜、黑眼豌豆和超稀有牌肌肉甘蓝！
,
,
,
STORE_BOXINGPACK_DESCRIPTION_V2,举起你的拳头！\n*<indent=5%>包含1张拳击白菜、黑眼豌豆和超稀有牌肌肉甘蓝！</indent>
,
,
,
STORE_BOXINGPACK_DESCRIPTION_V3,举起你的拳头！限购4包！\n*<indent=5%>1张拳击白菜、黑眼豌豆和超稀有牌肌肉甘蓝！</indent>\n*<indent=5%>3张高级套牌中的牌</indent>
,
,
,
STORE_BOXINGPACK_HEADING,拳击包
,
,
,
STORE_BOXINGPACK_HEADING_V2,拳击植物包
,
,
,
STORE_BOXINGPACK_HEADING_V3,“举起拳头”包
,
,
,
STORE_BOXINGPACK_HEADING_V4,职业拳击家包
,
,
,
STORE_BRAINANA_DESCRIPTION,*<indent=5%>1个食脑蕉</indent>\n*<indent=5%>每名玩家仅限1份</indent>
,
,
,
STORE_BRAINANA_HEADING,食脑蕉
,
,
,
STORE_BRAINBOWL,后院脑子碗
,
,
,
STORE_BRAINBOWL_DESCRIPTION,*<indent=5%>1个超稀有全明星僵尸！1个僵尸教练、1个脑子商人和3张卡牌</indent>\n**多重组合包奖励**：\n<indent=10%>保证有1张超稀有咖啡僵尸！</indent>
,
,
,
STORE_BRAINBOWL_GUARANTEE,<color=#C30000>咖啡僵尸就在多重组合包！</color>\n收集4个全明星僵尸
,
,
,
STORE_BRAINBOWL_HEADING,后院脑子碗组合包
,
,
,
STORE_BRAINZSTARTER_DESCRIPTION,*<indent=5%>3个超尸高级组合包</indent>\n*<indent=5%>保证包含新英雄</indent>\n*<indent=5%>解锁一个新的英雄任务</indent>
,
,
,
STORE_BRAINZSTARTER_HEADER,脑子新手同捆包
,
,
,
STORE_BRONZELEAGUE_DESCRIPTION,*<indent=5%>550颗宝石</indent>\n*<indent=5%>奖励5个高级组合包</indent>\n*<indent=5%>每位玩家限购1次 </indent>\n<u>掉落几率：</u>稀有：保证包含 ； 超稀有：30% ； 传说：10%； 英雄：3%
,
,
,
STORE_BRONZELEAGUE_HEADING,青铜联赛同捆包
,
,
,
STORE_BUENFIN,结束得漂亮
,
,
,
STORE_BUILDDECKS,打造牌组！
,
,
,
STORE_BUILDGREATDECKS,打造绝佳牌组！
,
,
,
STORE_BUILDPOWERFULDECKS,打造强力牌组！
,
,
,
STORE_BULLSEYEPACK_DESCRIPTION,*<indent=5%>6张必中卡牌</indent>\n<u>掉落几率：</u>稀有：保证包含 ； 超稀有：30% ； 传说：10%
,
,
,
STORE_BULLSEYEPACK_HEADING,“必中”组合包
,
,
,
STORE_BUYAGAIN,再次购买
,
,
,
STORE_BUYUPTO4,限购4个
,
,
,
STORE_CARNIVAL_DESCRIPTION,"*<indent=5%>1,300颗宝石，并奖励1张咖啡豆狂欢、1张小丑僵尸、1张助兴僵尸、以及3张卡牌</indent>\n**巨无霸同捆包奖励**:\n<indent=10%>保证包含1张传说卡牌！</indent>"
,
,
,
STORE_CARNIVAL_GUARANTEE,"<color=#C30000>传奇卡牌就在巨无霸同捆包！</color>\n5,200颗宝石！"
,
,
,
STORE_CARNIVAL_HEADING,嘉年华同捆包
,
,
,
STORE_CHOMPER_DESCRIPTION,*<indent=5%>1张大嘴花</indent>\n*<indent=5%>霸王大嘴花、玫瑰、耀斑花和坚果骑士可用</indent>
,
,
,
STORE_CHOMPER_TITLE,大嘴花
,
,
,
STORE_CLASSPACK_BEASTLY_DESCRIPTION,包含维他命Z、深海巨尸和超稀有牌僵尸雪人，最适合猛兽英雄！
,
,
,
STORE_CLASSPACK_BEASTLY_HEADING,猛兽队友组合包
,
,
,
STORE_CLASSPACK_BRAINY_DESCRIPTION,包含召唤直升机、绅士僵尸和超稀有牌传送，最适合有脑英雄！
,
,
,
STORE_CLASSPACK_BRAINY_HEADING,有脑队友组合包
,
,
,
STORE_CLASSPACK_CRAZY_DESCRIPTION,包含康加舞僵尸、机器人之怒和超稀有牌3000型劲舞机，最适合疯狂英雄！
,
,
,
STORE_CLASSPACK_CRAZY_HEADING,疯狂队友组合包
,
,
,
STORE_CLASSPACK_GUARDIAN_DESCRIPTION,包含健泳菱角、刺梨和超稀有牌热舞罂粟，最适合守卫英雄！
,
,
,
STORE_CLASSPACK_GUARDIAN_HEADING,守卫队友组合包
,
,
,
STORE_CLASSPACK_HEARTY_DESCRIPTION,包含垃圾桶僵尸、牛仔巨尸和超稀有牌全明星僵尸，最适合健壮英雄！
,
,
,
STORE_CLASSPACK_HEARTY_HEADING,健壮队友组合包
,
,
,
STORE_CLASSPACK_KABLOOM_DESCRIPTION,包含太阳风暴、复仇菇和超稀有牌愤怒的葡萄，最适合爆花英雄！
,
,
,
STORE_CLASSPACK_KABLOOM_HEADING,爆花队友组合包
,
,
,
STORE_CLASSPACK_MEGAGROW_DESCRIPTION,包含鞭藤、植物养料和超稀有牌肌肉甘蓝，最适合猛长英雄！
,
,
,
STORE_CLASSPACK_MEGAGROW_HEADING,猛长队友组合包
,
,
,
STORE_CLASSPACK_SMARTY_DESCRIPTION,包含雪豆射手、闪电芦苇和超稀有牌骁龙草，最适合聪明英雄！
,
,
,
STORE_CLASSPACK_SMARTY_HEADING,聪明队友组合包
,
,
,
STORE_CLASSPACK_SNEAKY_DESCRIPTION,包含跳跳僵尸、剑客僵尸和超稀有牌排舞僵尸，最适合狡猾英雄！
,
,
,
STORE_CLASSPACK_SNEAKY_HEADING,狡猾队友组合包
,
,
,
STORE_CLASSPACK_SOLAR_DESCRIPTION,包含金属向日葵、放大草和超稀有牌双生向日葵，最适合耀斑花、霸王大嘴花、玫瑰和坚果骑士！
,
,
,
STORE_CLASSPACK_SOLAR_DESCRIPTION_V2,包含金属向日葵、放大草和超稀有牌双生向日葵，最适合光能英雄！
,
,
,
STORE_CLASSPACK_SOLAR_DESCRIPTION_V3,最适合光能英雄的卡牌。限购4包！\n*<indent=5%>包含1张金属向日葵、放大草和超稀有牌双生向日葵</indent>\n*<indent=5%>3张高级套牌中的罕见牌</indent>
,
,
,
STORE_CLASSPACK_SOLAR_DESCRIPTION_V4,最适合光能英雄的卡牌。限购4包！\n*<indent=5%>包含1张金属向日葵、放大草和超稀有牌双生向日葵</indent>\n*<indent=5%>3张高级套牌中的牌</indent>
,
,
,
STORE_CLASSPACK_SOLAR_HEADING,光能队友组合包
,
,
,
STORE_COLOSSALWELCOME_DESCRIPTION,欢迎来到全新的巨大化石套牌！\n*<indent=5%>2x免费巨大组合包</indent>\n*<indent=5%>每位玩家限购一次</indent>
,
,
,
STORE_COLOSSALWELCOME_HEADING,巨大迎新组合包
,
,
,
STORE_CONNECTPACK_HEADING,连接组合包
,
,
,
STORE_COSMIC_DESCRIPTION,*<indent=5%>6张银河套牌</indent>\n<u>掉落几率：</u>稀有：保证包含；超稀有：30%；传说：10%
,
,
,
STORE_COSMIC_HEADING,银河组合包
,
,
,
STORE_COSMICMULTI_DESCRIPTION,每个组合包含有：\n*<indent=5%>6张银河套牌</indent>\n<u>掉落几率：</u>稀有：保证包含；超稀有：30%；传说：10%
,
,
,
STORE_COSMICMULTI_HEADING,银河多重组合包
,
,
,
STORE_COSMICWELCOME_DESCRIPTION,欢迎来到全新的银河花园套牌！\n*<indent=5%>2x免费银河组合包</indent>\n*<indent=5%>每位玩家限购一次</indent>
,
,
,
STORE_COSMICWELCOME_HEADING,银河迎新组合包
,
,
,
STORE_DAILYDISCOUNT,每日折扣
,
,
,
STORE_DAILYOFFER,每日优惠
,
,
,
STORE_DAILYOFFER_V2,每日优惠
,
,
,
STORE_DANCINGPACK_DESCRIPTION,*<indent=5%>6张跳舞僵尸卡牌</indent>\n<u>掉落几率：</u>稀有：保证包含 ； 超稀有：30% ； 传说：10%
,
,
,
STORE_DANCINGPACK_HEADING,舞动组合包
,
,
,
STORE_DAVE_SPEECH_1,嗨！我是疯狂戴夫！但你可以叫我疯狂戴夫！
,
,
,
STORE_DAVE_SPEECH_2,看来你搞到些宝石！赶快用它们买点东西吧！
,
,
,
STORE_DIAMONDLEAGUE_DESCRIPTION,"恭喜你进入钻石联赛！\n*<indent=5%>2,800颗宝石</indent>\n*<indent=5%>奖励4张传说卡牌</indent>\n*<indent=5%>每名玩家仅限1份</indent>"
,
,
,
STORE_DIAMONDLEAGUE_HEADING,钻石联赛同捆包
,
,
,
STORE_DRAGONPACK_DESCRIPTION,*<indent=5%>1张超稀有牌骁龙草！</indent>\n*<indent=5%>14张高级套牌中的罕见牌</indent>\n*<indent=5%>2张稀有牌和1张超稀有牌</indent>
,
,
,
STORE_DRAGONPACK_HEADING,三星巨龙同捆包
,
,
,
STORE_EARLYACCESS,提前获得活动卡牌！
,
,
,
STORE_EARLYACCESSBUNDLE,提前获得同捆包
,
,
,
STORE_ELITE,精英
,
,
,
STORE_ELITE_V2,精英
,
,
,
STORE_ELITEPACK_DESCRIPTION,*<indent=5%>6张高级套牌</indent>\n*<indent=5%>包含至少3张稀有、超稀有、传说或新英雄卡牌！</indent>
,
,
,
STORE_ELITEPACK_HEADING,英雄精英包
,
,
,
STORE_ENDING_SOON,即将下架
,
,
,
STORE_ENDING_SOON_V2,即将下架
,
,
,
STORE_ENDS_SOON,即将结束
,
,
,
STORE_ENDS_SOON_V2,即将结束
,
,
,
STORE_ENVIRONMENTPACK_DESCRIPTION,*<indent=5%>3张环境卡牌</indent>\n<u>掉落几率：</u>超稀有：保证包含
,
,
,
STORE_ENVIRONMENTPACK_HEADING,环境组合包
,
,
,
STORE_EVENT,活动
,
,
,
STORE_EVENTBOOST,活动强化
,
,
,
STORE_EVENTBOOSTHERO,活动强化英雄
,
,
,
STORE_EVENTBOOSTPACK,活动强化包
,
,
,
STORE_EVENTCARD,特别活动卡牌！
,
,
,
STORE_EVENTCARD_V2,新活动卡牌！
,
,
,
STORE_EVENTCLASSBOOST,活动属性提升
,
,
,
STORE_EVENTOFFER,活动特惠
,
,
,
STORE_EVENTPOINTBOOST,活动点数提升
,
,
,
STORE_EVENTREWIND_DESCRIPTION,*<indent=5%>3张每周活动卡牌与3张卡牌</indent>\n**巨无霸同捆包奖励**：\n<indent=10%>保证包含1张传说卡牌！</indent>\n<u>掉落几率：</u>稀有：保证包含；超稀有：30%；传说：5%；活动：保证包含
,
,
,
STORE_EVENTREWIND_GUARANTEE,<color=#C30000>传说卡牌就出现在巨无霸同捆包！</color>\n12张每周活动卡牌
,
,
,
STORE_EVENTREWIND_HEADING,活动倒转同捆包
,
,
,
STORE_EXPANSION_PACK_DESCRIPTION,一堆全新的卡牌和英雄！
,
,
,
STORE_EXPANSION_PACK_HEADING,扩展包
,
,
,
STORE_EXPIRING_SOON,即将过期
,
,
,
STORE_EXPIRING_SOON_V2,即将过期
,
,
,
STORE_FANFAVORITE_DESCRIPTION,《植物大战僵尸》的最爱回来了。限购4包！\n*<indent=5%>包含1张拳击白菜、樱桃炸弹和太阳神僵尸</indent>\n*<indent=5%>3张高级套牌中的罕见牌</indent>
,
,
,
STORE_FANFAVORITE_DESCRIPTION2,《植物大战僵尸》的最爱回来了。限购4包！\n*<indent=5%>包含1张拳击白菜、樱桃炸弹和太阳神僵尸</indent>\n*<indent=5%>3张高级套牌中的牌</indent>
,
,
,
STORE_FANFAVORITE_HEADING,粉丝最爱组合包
,
,
,
STORE_FEASTIVUS,款待盛宴
,
,
,
STORE_FEASTIVUSKICKOFF_DESCRIPTION,节省67%！\n*<indent=5%>1套高级组合包、1套银河组合包和1套巨大组合包</indent>\n*<indent=5%>每位玩家限购1次</indent>\n<u>组合包掉落几率：</u>稀有：保证包含 ； 超稀有：30% ； 传说：10%
,
,
,
STORE_FEASTIVUSKICKOFF_HEADING,款待盛宴揭幕组合包
,
,
,
STORE_FEASTIVUSPACK_DESCRIPTION,*<indent=5%>1张活动卡牌，快乐的冬青！ 1张女武神僵尸、1张冬窝瓜和15张卡牌</indent>\n\n**巨无霸同捆包奖励**：\n<indent=10%>保证有1张传说玉米上校！</indent>
,
,
,
STORE_FEASTIVUSPACK_GUARANTEE,<color=#C30000>玉米上校就在巨无霸同捆包！</color>\n收集4个快乐的冬青
,
,
,
STORE_FEASTIVUSPACK_HEADING,款待盛宴同捆包
,
,
,
STORE_FEATURED_BUTTON,献给您
,
,
,
STORE_FERTILIZERSTARTER_DESCRIPTION,*<indent=5%>3个施肥高级组合包</indent>\n*<indent=5%>保证包含新英雄</indent>\n*<indent=5%>解锁一个新的英雄任务</indent>
,
,
,
STORE_FERTILIZERSTARTER_HEADER,施肥新手同捆包
,
,
,
STORE_FIFTY_PLUS_10_PACK_FREE,买50包送10包！
,
,
,
STORE_FIFTY_PLUS_10_PACK_FREE_V2,买50包送10包！
,
,
,
STORE_FIFTY_PLUS_20_PACK_FREE,50包送<color=#C30000>20包！</color>
,
,
,
STORE_FLASHSALE,限时特卖
,
,
,
STORE_FLASHSALE_V2,限时特卖！
,
,
,
STORE_FLASHSALE_V3,限时特卖
,
,
,
STORE_FLASHSALE_V4,限时特卖！
,
,
,
STORE_FLOWERPACK_DESCRIPTION,*<indent=5%>6张花朵植物卡牌</indent>\n<u>掉落几率：</u>稀有：保证包含 ； 超稀有：30% ； 传说：10%
,
,
,
STORE_FLOWERPACK_HEADING,花朵组合包
,
,
,
STORE_FOODFIGHTPACK_DESCRIPTION,*<indent=5%>1张活动卡牌，火鸡骑手！1张僵尸雪人，1张冬眠熊莓以及15张卡牌</indent>\n\n**巨无霸同捆包奖励**：\n<indent=10%>保证包含1张传说丰饶玉米角！</indent>
,
,
,
STORE_FOODFIGHTPACK_GUARANTEE,<color=#C30000>丰饶玉米角就在巨无霸同捆包！</color>\n收集4个火鸡骑手
,
,
,
STORE_FOODFIGHTPACK_HEADING,食物大战同捆包
,
,
,
STORE_FREE,免费
,
,
,
STORE_FREE_V2,获取
,
,
,
STORE_FREEZEPEASDECK_COMBINE,结合火炬树桩、小雪花、雪豆射手、双发射手和三重射手使用
,
,
,
STORE_FREEZEPEASDECK_DESCRIPTION,*<indent=5%>1张冬瓜、双倍薄荷、咖啡豆狂欢、植物养料</indent>\n*<indent=5%>2张骁龙草、茂盛盆栽、飞天射手</indent>\n*<indent=5%>3张黑眼豌豆、豆荚教父、冬窝瓜、冻辣椒、冰冻生菜</indent>
,
,
,
STORE_FREEZEPEASDECK_HEADING,冰冻豌豆牌组装备包
,
,
,
STORE_FRENZYPACK_DESCRIPTION,*<indent=5%>6张狂热僵尸卡牌</indent>\n<u>掉落几率：</u>稀有：保证包含 ； 超稀有：30% ； 传说：10%
,
,
,
STORE_FRENZYPACK_HEADING,狂热组合包
,
,
,
STORE_FRUITCAKE_DESCRIPTION,*<indent=5%>3个组合包，包括1张爆炸水果蛋糕</indent>\n**巨无霸同捆包奖励**：\n<indent=10%>保证包含500颗宝石！</indent>\n<u>组合包掉落几率：</u>稀有：保证包含 ； 超稀有：30% ； 传说：10%
,
,
,
STORE_FRUITCAKE_GUARANTEE,<color=#C30000>500颗宝石就在巨无霸同捆包！</color>\n收集4张活动卡牌
,
,
,
STORE_FRUITCAKE_HEADING,款待盛宴同捆包
,
,
,
STORE_FRUITPACK_DESCRIPTION,*<indent=5%>6张水果植物卡牌</indent>\n<u>掉落几率：</u>稀有：保证包含 ； 超稀有：30% ； 传说：10%
,
,
,
STORE_FRUITPACK_HEADING,水果组合包
,
,
,
STORE_GARGANTUARPACK_DESCRIPTION,*<indent=5%>6x巨尸卡牌，包含4x稀有卡牌</indent>\n\n**多重组合包奖励**：\n<indent=10%>保证包含1x僵尸机器人1000型！</indent>
,
,
,
STORE_GARGANTUARPACK_GUARANTEE,<color=#C30000>僵尸机器人1000型的多重组合包！</color>
,
,
,
STORE_GARGANTUARPACK_HEADING,巨尸组合包
,
,
,
STORE_GARGANTUARPACK_HEADING2,大家伙组合包
,
,
,
STORE_GARGANTUARPACK_HEADING3,巨无霸怪物组合包
,
,
,
STORE_GARGANTUARPACK_HEADING4,超级庞大组合包
,
,
,
STORE_GARGANTUARPACK2_DESCRIPTION,*<indent=5%>6张“巨尸”僵尸银河卡牌或高级卡牌</indent>\n*<indent=5%>至少包含1张稀有或更高品质的卡牌！</indent>
,
,
,
STORE_GARGANTUARPACK2_HEADING,巨尸组合包
,
,
,
STORE_GARGANTUARWEEK,巨尸周
,
,
,
STORE_GEM_FLASH SALE,宝石限时闪电特卖
,
,
,
STORE_GEMS_BUTTON,宝石
,
,
,
STORE_GEMS_FLASH SALE,宝石限时闪电特卖
,
,
,
STORE_GEMS_L_HEADING,不少宝石！
,
,
,
STORE_GEMS_M_HEADING,好多宝石（热门推荐）
,
,
,
STORE_GEMS_S_HEADING,宝石丰收！
,
,
,
STORE_GEMS_XL_HEADING,成吨宝石！
,
,
,
STORE_GEMS_XS_HEADING,小宝石新手包
,
,
,
STORE_GEMS_XXS_HEADING,一些宝石！
,
,
,
STORE_GENTLEMANZOMBIE_DESCRIPTION,*<indent=5%>1张绅士僵尸</indent>\n*<indent=5%>超尸、锈铁侠、僵点子教授和不死女妖可用</indent>
,
,
,
STORE_GENTLEMANZOMBIE_TITLE,绅士僵尸
,
,
,
STORE_GIGANTACUS_PREM_DESCRIPTION,*<indent=5%>6张巨大、银河或高级套牌</indent>\n*<indent=5%>全部适合至尊大王！</indent>\n<u>掉落几率：</u>稀有：保证包含 ； 超稀有：30% ； 传说：10%
,
,
,
STORE_GIGANTACUS_PREM_HEADING,至尊大王组合包
,
,
,
STORE_GOLD_PACK_DESCRIPTION,获得高级套牌中的2张罕见卡牌，外加1张稀有、超稀有、传说或新英雄卡牌！
,
,
,
STORE_GOLD_PACK_HEADING,高级组合包
,
,
,
STORE_GOLD_STARTER_PACK_DESCRIPTION,获得高级套牌中的2张罕见卡牌，外加1张稀有、超稀有、传说或新英雄卡牌！
,
,
,
STORE_GOLD_STARTER_PACK_HEADING,高级组合包
,
,
,
STORE_GOLDLEAGUE_DESCRIPTION,"恭喜你进入黄金联赛！\n*<indent=5%>2,000颗宝石</indent>\n*<indent=5%>奖励10张每周活动卡牌</indent>\n*<indent=5%>每名玩家仅限1份</indent>"
,
,
,
STORE_GOLDLEAGUE_HEADING,黄金联赛同捆包
,
,
,
STORE_GOLDMEDAL_GUARANTEE,保证出现全明星僵尸\n就在多重组合包！
,
,
,
STORE_GOLDMEDALPACK_DESCRIPTION,*<indent=5%>1个高级组合包</indent>\n*<indent=5%>保证包含运动员僵尸</indent>
,
,
,
STORE_GOLDMEDALPACK_HEADING,黄金勋章礼包
,
,
,
STORE_GOURMETPACK_DESCRIPTION,*<indent=5%>6张美食家僵尸卡牌</indent>\n<u>掉落几率：</u>稀有：保证包含 ； 超稀有：30% ； 传说：10%
,
,
,
STORE_GOURMETPACK_HEADING,美食家组合包
,
,
,
STORE_GRAVESTONEPACK_DESCRIPTION,*<indent=5%>6张墓碑僵尸卡牌</indent>\n<u>掉落几率：</u>稀有：保证包含 ； 超稀有：30% ； 传说：10%
,
,
,
STORE_GRAVESTONEPACK_HEADING,墓碑组合包
,
,
,
STORE_GW2FROSTYGIFT_DESCRIPTION,热烈庆祝《花园战争2：冰封版》推出！\n*<indent=5%>1套GW2冰封组合包</indent>\n*<indent=5%>每位玩家限购一次</indent>
,
,
,
STORE_GW2FROSTYGIFT_HEADING,GW2冰封礼物
,
,
,
STORE_GW2FROSTYPACK_DESCRIPTION,*<indent=5%>6张GW2卡牌</indent>\n<u>掉落几率：</u>稀有：保证包含 ； 超稀有：30% ； 传说：10%
,
,
,
STORE_GW2FROSTYPACK_HEADING,GW2组合包
,
,
,
STORE_GWPACK_HEADING_V1,花园战争组合包
,
,
,
STORE_GWPACK_HEADING_V2,GW组合包
,
,
,
STORE_GWPACK_HEADING_V3,花园战争2组合包
,
,
,
STORE_GWPACK_HEADING_V4,GW 2组合包
,
,
,
STORE_HAPPYNEWYEAR,新年快乐！
,
,
,
STORE_HEALPACK_DESCRIPTION,*<indent=5%>6张治疗卡牌</indent>\n<u>掉落几率：</u>稀有：保证包含 ； 超稀有：30% ； 传说：10%
,
,
,
STORE_HEALPACK_HEADING,治疗组合包
,
,
,
STORE_HERO_BRAINFREEZE_DESCRIPTION,他或许内心冰冷，但他热爱他的宠物们！\n*<indent=5%>3张罕见卡牌和1张僵尸鸡、猫夫人以及僵尸英雄急冻魔！</indent>\n*<indent=5%>解锁急冻魔的英雄任务</indent>
,
,
,
STORE_HERO_BRAINFREEZE_DESCRIPTION2,*<indent=5%>3张罕见卡牌和1张僵尸鸡、猫夫人以及僵尸英雄急冻魔！</indent>\n*<indent=5%>解锁急冻魔的英雄任务</indent>
,
,
,
STORE_HERO_BRAINFREEZE_HEADING,急冻魔英雄包
,
,
,
STORE_HERO_CAPTAINCOMBUSTIBLE_DESCRIPTION,这位英雄火力全开，他的伙伴们也一样！\n*<indent=5%>3张罕见卡牌和1张派对百里香、毒橡树以及植物英雄火爆队长！</indent>\n*<indent=5%>解锁火爆队长的英雄任务</indent>
,
,
,
STORE_HERO_CAPTAINCOMBUSTIBLE_DESCRIPTION2,*<indent=5%>3张罕见卡牌和1张派对百里香、毒橡树以及植物英雄火爆队长！</indent>\n*<indent=5%>解锁火爆队长的英雄任务</indent>
,
,
,
STORE_HERO_CAPTAINCOMBUSTIBLE_HEADING,火爆队长英雄包
,
,
,
STORE_HERO_CHOMPZILLA_DESCRIPTION,对这个巨大的英雄来说，巨人只不过是开胃小菜！\n*<indent=5%>3张罕见卡牌和1张飞天射手、打僵尸以及植物英雄霸王大嘴花！</indent>\n*<indent=5%>解锁霸王大嘴花的英雄任务</indent>
,
,
,
STORE_HERO_CHOMPZILLA_DESCRIPTION2,*<indent=5%>3张罕见卡牌和1张飞天射手、打僵尸以及植物英雄霸王大嘴花！</indent>\n*<indent=5%>解锁霸王大嘴花的英雄任务</indent>
,
,
,
STORE_HERO_CHOMPZILLA_HEADING,霸王大嘴花英雄包
,
,
,
STORE_HERO_CITRON_DESCRIPTION,这株植物擅长防御，他的橘皮护盾坚不可摧！\n*<indent=5%>3张罕见卡牌和1张墓碑克星、跳跳豆以及植物英雄香橼猎手！</indent>\n*<indent=5%>解锁香橼猎手的英雄任务</indent>
,
,
,
STORE_HERO_CITRON_DESCRIPTION2,*<indent=5%>3张罕见卡牌和1张墓碑克星、跳跳豆以及植物英雄香橼猎手！</indent>\n*<indent=5%>解锁香橼猎手的英雄任务</indent>
,
,
,
STORE_HERO_CITRON_HEADING,香橼猎手英雄包
,
,
,
STORE_HERO_ELECTRICBOOGALOO_DESCRIPTION,他一跳舞，植物就要遭殃！\n*<indent=5%>3张罕见卡牌和1张降B调、有氧运动教练以及僵尸英雄霹雳舞王！</indent>\n*<indent=5%>解锁霹雳舞王的英雄任务</indent>
,
,
,
STORE_HERO_ELECTRICBOOGALOO_DESCRIPTION2,*<indent=5%>3张罕见卡牌和1张降B调、有氧运动教练以及僵尸英雄霹雳舞王！</indent>\n*<indent=5%>解锁霹雳舞王的英雄任务</indent>
,
,
,
STORE_HERO_ELECTRICBOOGALOO_HEADING,霹雳舞王英雄包
,
,
,
STORE_HERO_GRASSKNUCKLES_DESCRIPTION,他的每一拳都直击对方痛处！\n*<indent=5%>3张罕见卡牌和1张拳击白菜、混混甜菜以及植物英雄拳王菜！</indent>\n*<indent=5%>解锁拳王菜的英雄任务</indent>
,
,
,
STORE_HERO_GRASSKNUCKLES_DESCRIPTION2,*<indent=5%>3张罕见卡牌和1张拳击白菜、混混甜菜以及植物英雄拳王菜！</indent>\n*<indent=5%>解锁拳王菜的英雄任务</indent>
,
,
,
STORE_HERO_GRASSKNUCKLES_HEADING,拳王菜英雄包
,
,
,
STORE_HERO_GREENSHADOW_DESCRIPTION,
,
,
,
STORE_HERO_GREENSHADOW_HEADING,绿影侠英雄包
,
,
,
STORE_HERO_GUARANTEE,保证包含新英雄
,
,
,
STORE_HERO_IMMORTICIA_DESCRIPTION,包含一位吓人的厉害女巫！\n*<indent=5%>3张罕见卡牌和1张闹鬼僵尸、巫师巨人以及僵尸英雄不死女妖！</indent>\n*<indent=5%>解锁不死女妖的英雄任务</indent>
,
,
,
STORE_HERO_IMMORTICIA_DESCRIPTION2,*<indent=5%>3张罕见卡牌和1张闹鬼僵尸、巫师巨尸以及僵尸英雄不死女妖！</indent>\n*<indent=5%>解锁不死女妖的英雄任务</indent>
,
,
,
STORE_HERO_IMMORTICIA_HEADING,不死女妖英雄包
,
,
,
STORE_HERO_IMPFINITY_DESCRIPTION,准备迎接小鬼们吧，大堆小鬼！\n*<indent=5%>3张罕见卡牌和1张助兴僵尸、毒物小鬼以及僵尸英雄无穷小子！</indent>\n*<indent=5%>解锁无穷小子的英雄任务</indent>
,
,
,
STORE_HERO_IMPFINITY_DESCRIPTION2,*<indent=5%>3张罕见卡牌和1张助兴僵尸、毒物小鬼以及僵尸英雄无穷小子！</indent>\n*<indent=5%>解锁无穷小子的英雄任务</indent>
,
,
,
STORE_HERO_IMPFINITY_HEADING,无穷小子英雄包
,
,
,
STORE_HERO_NEPTUNA_DESCRIPTION,她的深海大军又致命又潮湿！\n*<indent=5%>3张罕见卡牌和1张园艺僵尸、海象骑手以及僵尸英雄海妖！</indent>\n*<indent=5%>解锁海妖的英雄任务</indent>
,
,
,
STORE_HERO_NEPTUNA_DESCRIPTION2,*<indent=5%>3张罕见卡牌和1张园艺僵尸、海象骑手以及僵尸英雄海妖！</indent>\n*<indent=5%>解锁海妖的英雄任务</indent>
,
,
,
STORE_HERO_NEPTUNA_HEADING,海妖英雄包
,
,
,
STORE_HERO_NIGHTCAP_DESCRIPTION,他和他的蘑菇伙伴们随时“蘑”拳擦掌准备战斗！\n*<indent=5%>3张罕见卡牌和1张炮弹芹、复仇菇以及植物英雄暗夜菇！</indent>\n*<indent=5%>解锁暗夜菇的英雄任务</indent>
,
,
,
STORE_HERO_NIGHTCAP_DESCRIPTION2,*<indent=5%>3张罕见卡牌和1张炮弹芹、复仇菇以及植物英雄暗夜菇！</indent>\n*<indent=5%>解锁暗夜菇的英雄任务</indent>
,
,
,
STORE_HERO_NIGHTCAP_HEADING,暗夜菇英雄包
,
,
,
STORE_HERO_PROFESSORBRAINSTORM_DESCRIPTION,他在击败植物领域可有博士学位！\n*<indent=5%>3张罕见卡牌和1张传我上飞船、机器人之怒以及僵尸英雄僵点子教授！</indent>\n*<indent=5%>解锁僵点子教授的英雄任务</indent>
,
,
,
STORE_HERO_PROFESSORBRAINSTORM_DESCRIPTION2,*<indent=5%>3张罕见卡牌和1张传我上飞船、机器人之怒以及僵尸英雄僵点子教授！</indent>\n*<indent=5%>解锁僵点子教授的英雄任务</indent>
,
,
,
STORE_HERO_PROFESSORBRAINSTORM_HEADING,僵点子教授英雄包
,
,
,
STORE_HERO_ROSE_DESCRIPTION,她是你见过味道最香甜的女术士啦！\n*<indent=5%>3张罕见卡牌和1张冻辣椒、史上第二的玉米卷以及植物英雄玫瑰！</indent>\n*<indent=5%>解锁玫瑰的英雄任务</indent>
,
,
,
STORE_HERO_ROSE_DESCRIPTION2,*<indent=5%>3张罕见卡牌和1张冻辣椒、史上第二的玉米卷以及植物英雄玫瑰！</indent>\n*<indent=5%>解锁玫瑰的英雄任务</indent>
,
,
,
STORE_HERO_ROSE_HEADING,玫瑰英雄包
,
,
,
STORE_HERO_RUSTBOLT_DESCRIPTION,这个金属祸害是使用防御锦囊牌的大师！\n*<indent=5%>3张罕见卡牌和1张铁桶僵尸、道具发明家以及僵尸英雄锈铁侠！</indent>\n*<indent=5%>解锁锈铁侠的英雄任务</indent>
,
,
,
STORE_HERO_RUSTBOLT_DESCRIPTION2,*<indent=5%>3张罕见卡牌和1张铁桶僵尸、道具发明家以及僵尸英雄锈铁侠！</indent>\n*<indent=5%>解锁锈铁侠的英雄任务</indent>
,
,
,
STORE_HERO_RUSTBOLT_HEADING,锈铁侠英雄包
,
,
,
STORE_HERO_SOLARFLARE_DESCRIPTION,她的阳光好心情，到哪都能让僵尸熊熊燃烧！\n*<indent=5%>3张罕见卡牌和1张太阳风暴、激光豆以及植物英雄耀斑花！</indent>\n*<indent=5%>解锁耀斑花的英雄任务</indent>
,
,
,
STORE_HERO_SOLARFLARE_DESCRIPTION2,*<indent=5%>3张罕见卡牌和1张太阳风暴、激光豆以及植物英雄耀斑花！</indent>\n*<indent=5%>解锁耀斑花的英雄任务</indent>
,
,
,
STORE_HERO_SOLARFLARE_HEADING,耀斑花英雄包
,
,
,
STORE_HERO_SPUDOW_DESCRIPTION,一碰到僵尸，他的脾气就火爆得不行！\n*<indent=5%>3张罕见卡牌和1张鳄梨、樱桃炸弹以及植物英雄土豆仔！</indent>\n*<indent=5%>解锁土豆仔的英雄任务</indent>
,
,
,
STORE_HERO_SPUDOW_DESCRIPTION2,*<indent=5%>3张罕见卡牌和1张鳄梨、樱桃炸弹以及植物英雄土豆仔！</indent>\n*<indent=5%>解锁土豆仔的英雄任务</indent>
,
,
,
STORE_HERO_SPUDOW_HEADING,土豆仔英雄包
,
,
,
STORE_HERO_SUPERBRAINZ_DESCRIPTION,
,
,
,
STORE_HERO_SUPERBRAINZ_HEADING,超尸英雄包
,
,
,
STORE_HERO_THESMASH_DESCRIPTION,他这个大家伙可一点也不温柔，不信问问植物就知道了。\n*<indent=5%>3张罕见卡牌和1张掰腕僵尸、深海巨尸以及僵尸英雄摔跤狂！</indent>\n*<indent=5%>解锁摔跤狂的英雄任务</indent>
,
,
,
STORE_HERO_THESMASH_DESCRIPTION2,*<indent=5%>3张罕见卡牌和1张掰腕僵尸、深海巨尸以及僵尸英雄摔跤狂！</indent>\n*<indent=5%>解锁摔跤狂的英雄任务</indent>
,
,
,
STORE_HERO_THESMASH_HEADING,摔跤狂英雄包
,
,
,
STORE_HERO_WALLKNIGHT_DESCRIPTION,真理、正义和全天下植物的保卫者！\n*<indent=5%>3张罕见卡牌和1张金属向日葵、无畏坚果以及植物英雄坚果骑士！</indent>\n*<indent=5%>解锁坚果骑士的英雄任务</indent>
,
,
,
STORE_HERO_WALLKNIGHT_DESCRIPTION2,*<indent=5%>3张罕见卡牌和1张金属向日葵、无畏坚果以及植物英雄坚果骑士！</indent>\n*<indent=5%>解锁坚果骑士的英雄任务</indent>
,
,
,
STORE_HERO_WALLKNIGHT_HEADING,坚果骑士英雄包
,
,
,
STORE_HERO_ZMECH_DESCRIPTION,小鬼+大机甲=更大的麻烦。\n*<indent=5%>3张罕见卡牌和1张步兵僵尸、僵尸教练以及僵尸英雄Z机甲！</indent>\n*<indent=5%>解锁Z机甲的英雄任务</indent>
,
,
,
STORE_HERO_ZMECH_DESCRIPTION2,*<indent=5%>3张罕见卡牌和1张步兵僵尸、僵尸教练以及僵尸英雄Z机甲！</indent>\n*<indent=5%>解锁Z机甲的英雄任务</indent>
,
,
,
STORE_HERO_ZMECH_HEADING,Z机甲英雄包
,
,
,
STORE_HEROALLYPACK,英雄+盟友组合包
,
,
,
STORE_HEROALLYPACK_V2,英雄+盟友组合包
,
,
,
STORE_HEROALLYPACK_V3,英雄+盟友组合包
,
,
,
STORE_HEROALLYPACK_V4,英雄+盟友组合包
,
,
,
STORE_HEROESELITE,英雄精英
,
,
,
STORE_HEROESELITE_V2,英雄精英
,
,
,
STORE_HEROESELITE_V3,英雄精英
,
,
,
STORE_HEROPACK,英雄包
,
,
,
STORE_HEROPACK_V2,英雄包
,
,
,
STORE_HEROQUEST,英雄任务
,
,
,
STORE_HEROQUEST_V2,英雄任务
,
,
,
STORE_HEROQUESTS,英雄任务
,
,
,
STORE_HEROQUESTS_V2,英雄任务
,
,
,
STORE_HISTORYPACK_DESCRIPTION,*<indent=5%>6张历史僵尸卡牌</indent>\n<u>掉落几率：</u>稀有：保证包含 ； 超稀有：30% ； 传说：10%
,
,
,
STORE_HISTORYPACK_HEADING,历史组合包
,
,
,
STORE_HUGEGIGANTACUS_DESCRIPTION,搜寻至尊大王！\n*<indent=5%>9张银河或高级套牌</indent>\n<u>掉落几率：</u>稀有：保证包含 ； 超稀有：45% ； 传说：10%； 英雄：5%
,
,
,
STORE_HUGEGIGANTACUS_HEADING,至尊大王组合包
,
,
,
STORE_HUGEGIGANTICUS_HEADING,至尊大王组合包
,
,
,
STORE_IMAGE_ADORNMENT_PERCENT_MORE,节省{0}%
,
,
,
STORE_IMPPACK_DESCRIPTION,*<indent=5%>3只稀有小鬼--可购买多达四套！</indent>\n*<indent=5%>吸血僵尸、海象骑手、以及毒物小鬼！</indent>
,
,
,
STORE_IMPPACK_HEADING,小鬼组合包
,
,
,
STORE_IMPPACK_HEADING_V2,一桶子小鬼组合包
,
,
,
STORE_IMPPACK_HEADING_V3,小鬼团结包
,
,
,
STORE_IMPPACK2_DESCRIPTION,*<indent=5%>6张小鬼僵尸卡牌</indent>\n<u>掉落几率：</u>稀有：保证包含 ； 超稀有：30% ； 传说：10%
,
,
,
STORE_IMPPACK2_HEADING,小鬼组合包
,
,
,
STORE_IMPWEEK,小鬼周
,
,
,
STORE_KITCHENSINK_DESCRIPTION,*<indent=5%>3个组合包，包括1个洗碗池僵尸</indent>\n**巨无霸同捆包奖励**：\n<indent=10%>保证包含500颗宝石！</indent>\n<u>组合包掉落几率：</u>稀有：保证包含 ； 超稀有：30% ； 传说：10%
,
,
,
STORE_KITCHENSINK_GUARANTEE,<color=#C30000>500颗宝石就在巨无霸同捆包！</color>\n收集4张活动卡牌
,
,
,
STORE_KITCHENSINK_HEADING,洗碗池同捆包
,
,
,
STORE_LANDING_TUTORIAL_1,不错！有宝石了！\n不断完成任务，你就能发大财！\n去买东西吧！
,
,
,
STORE_LANDING_TUTORIAL_2,-
,
,
,
STORE_LAWNOFDOOM,末日草坪
,
,
,
STORE_LAWNOFDOOMPACK_DESCRIPTION,*<indent=5%>1张活动卡牌，南瓜灯！</indent>\n*<indent=5%>包含1张吸血僵尸和超稀有末日菇</indent>\n*<indent=5%>13张高级套牌中的罕见牌和2张稀有牌</indent>
,
,
,
STORE_LAWNOFDOOMPACK_DESCRIPTIONV2,*<indent=5%>1张活动卡牌，南瓜灯！1张吸血僵尸、1张末日菇和15张卡牌</indent>\n\n**巨无霸同捆包奖励**：\n<indent=10%>保证有1张传说英雄脑残粉！</indent>
,
,
,
STORE_LAWNOFDOOMPACK_GUARANTEE,<color=#C30000>英雄脑残粉就在巨无霸同捆包！</color>\n收集4个南瓜灯
,
,
,
STORE_LAWNOFDOOMPACK_HEADING,末日草坪同捆包
,
,
,
STORE_LEAFYPACK_DESCRIPTION,*<indent=5%>6张绿叶植物卡牌</indent>\n<u>掉落几率：</u>稀有：保证包含 ； 超稀有：30% ； 传说：10%
,
,
,
STORE_LEAFYPACK_HEADING,绿叶组合包
,
,
,
STORE_LEGENDARY,传说
,
,
,
STORE_LEGENDARY_GUARANTEE,保证出现传说卡牌！
,
,
,
STORE_LEGENDARYBUNDLE_DESCRIPTION,*<indent=5%>3个高级组合包</indent>\n*<indent=5%>保证包含传说卡牌</indent>
,
,
,
STORE_LEGENDARYBUNDLE_DESCRIPTION_V2,*<indent=5%>3个高级组合包</indent>\n*<indent=5%>保证包含2张传说卡牌</indent>
,
,
,
STORE_LEGENDARYBUNDLE_DESCRIPTION_V3,*<indent=5%>3个高级组合包</indent>\n*<indent=5%>保证包含3张传说卡牌</indent>\n<u>组合包掉落几率：</u>稀有：保证包含 ； 超稀有：30% ； 传说：保证包含
,
,
,
STORE_LEGENDARYBUNDLE_HEADING,传说同捆包
,
,
,
STORE_LEGENDARYPACK_DESCRIPTION,*<indent=5%>6张卡牌</indent>\n*<indent=5%>保证包含传说卡牌！</indent>\n*<indent=5%>每位玩家限购1次</indent>\n<u>掉落几率：</u>稀有：保证包含 ； 超稀有：30% ； 传说：保证包含
,
,
,
STORE_LEGENDARYPACK_HEADING,传说组合包
,
,
,
STORE_LEGENDARYPACK2_HEADING,传说组合包2
,
,
,
STORE_LIGHTNINGREED_DESCRIPTION,*<indent=5%>1张闪电芦苇</indent>\n*<indent=5%>香橼猎手、暗夜菇、绿影侠和玫瑰可用</indent>
,
,
,
STORE_LIGHTNINGREED_TITLE,闪电芦苇
,
,
,
STORE_LIGHTTHETORCHWOOD_HEADING,“点燃火炬树桩”组合包
,
,
,
STORE_LIMIT_TIME,限时
,
,
,
STORE_LIMIT_TIME_OFF,限时优惠
,
,
,
STORE_LIMIT_TIME_V2,限时
,
,
,
STORE_LIMIT1,限购1个
,
,
,
STORE_LIMIT1_V2,限购1个
,
,
,
STORE_LUCKOZOMBIE_DESCRIPTION,*<indent=5%>3个组合包，包括1个小妖精小鬼</indent>\n**巨无霸同捆包奖励**：\n<indent=10%>保证包含500颗宝石！</indent>\n<u>组合包掉落几率：</u>稀有：保证包含 ； 超稀有：30% ； 传说：10%
,
,
,
STORE_LUCKOZOMBIE_GUARANTEE,<color=#C30000>500颗宝石就在巨无霸同捆包！</color>\n收集4张小妖精小鬼
,
,
,
STORE_LUCKOZOMBIE_HEADING,僵尸幸运同捆包
,
,
,
STORE_LUNARNEWYEAR,农历新年
,
,
,
STORE_MANYGEMSBUNDLE_DESCRIPTION,*<indent=5%>2800颗宝石</indent>\n*<indent=5%>1个高级组合包</indent>\n*<indent=5%>每位玩家限购1次</indent>\n<u>掉落几率：</u>稀有：保证包含 ； 超稀有：30% ； 传说：10%； 英雄：3%
,
,
,
STORE_MANYGEMSBUNDLE_HEADING,好多宝石！同捆包
,
,
,
STORE_MANYGEMSBUNDLE_HEADING_V2,好多宝石同捆包
,
,
,
STORE_MAYFLOWER_DESCRIPTION,*<indent=5%>1张活动卡牌，五月花！</indent>\n*<indent=5%>1张双生向日葵和播种魔法豆</indent>\n*<indent=5%>3张高级套牌中的罕见牌</indent>
,
,
,
STORE_MAYFLOWER_HEADING,五月花组合包
,
,
,
STORE_MEGA4BUNDLE,4个巨无霸同捆包
,
,
,
STORE_MEGABUNDLE,巨无霸同捆包
,
,
,
STORE_MEGAHEROPACK_DESCRIPTION,*<indent=5%>10个高级组合包</indent>\n*<indent=5%>保证包含香橼猎手、拳王菜、暗夜菇、玫瑰、火爆队长、急冻魔、僵点子教授、不死女妖、Z机甲以及海妖！</indent>\n*<indent=5%>如果已经拥有英雄，则获得一张超稀有牌</indent>
,
,
,
STORE_MEGAHEROPACK_DESCRIPTION_V2,增加您的英雄收藏！\n*<indent=5%>10个高级组合包，保证包含香橼猎手、拳王菜、暗夜菇、玫瑰、火爆队长、急冻魔、僵点子教授、不死女妖、Z机甲以及海妖！</indent>\n*<indent=5%>如果已经拥有英雄，则获得一张超稀有牌</indent>
,
,
,
STORE_MEGAHEROPACK_DESCRIPTION_V3,招募新英雄！\n*<indent=5%>10个高级组合包，保证包含香橼猎手、拳王菜、暗夜菇、玫瑰、火爆队长、急冻魔、僵点子教授、不死女妖、Z机甲以及海妖！</indent>\n*<indent=5%>如果已经拥有英雄，则获得一张超稀有牌</indent>
,
,
,
STORE_MEGAHEROPACK_DESCRIPTION_V4,*<indent=5%>10个高级组合包，保证包含香橼猎手、拳王菜、暗夜菇、玫瑰、火爆队长、急冻魔、僵点子教授、不死女妖、Z机甲以及海妖！</indent>\n*<indent=5%>如果已经拥有英雄，则获得一张超稀有牌</indent>
,
,
,
STORE_MEGAHEROPACK_DESCRIPTION_V5,*<indent=5%>快壮大英雄队伍！10个高级组合包，保证包含香橼猎手、拳王菜、暗夜菇、玫瑰、火爆队长、急冻魔、僵点子教授、不死女妖、Z机甲以及海妖！</indent>\n*<indent=5%>如果已经拥有英雄，则获得一张超稀有牌</indent>
,
,
,
STORE_MEGAHEROPACK_HEADING,巨无霸英雄同捆包
,
,
,
STORE_MEGAHEROPACK_HEADING_V2,史诗英雄同捆包
,
,
,
STORE_MEGAHEROPACK_HEADING_V3,超级英雄同捆包
,
,
,
STORE_MEGALEGENDPACK_DESCRIPTION,*<indent=5%>8个高级组合包</indent>\n*<indent=5%>每个组合包均保证包含传说卡牌！</indent>
,
,
,
STORE_MEGALEGENDPACK_DESCRIPTION_V2,*<indent=5%>10个高级组合包</indent>\n*<indent=5%>每个组合包均保证包含传说卡牌！</indent>
,
,
,
STORE_MEGALEGENDPACK_DESCRIPTION_V3,成为传奇！\n*<indent=5%>8个高级组合包</indent>\n*<indent=5%>每个组合包均保证包含传说卡牌！</indent>
,
,
,
STORE_MEGALEGENDPACK_DESCRIPTION_V4,成为传奇\n*<indent=5%>10个高级组合包</indent>\n*<indent=5%>每个组合包均保证包含传说卡牌！</indent>
,
,
,
STORE_MEGALEGENDPACK_DESCRIPTION_V5,成为传奇\n*<indent=5%>12个高级组合包</indent>\n*<indent=5%>每个组合包均保证包含传说卡牌！</indent>
,
,
,
STORE_MEGALEGENDPACK_DESCRIPTION_V6,成为传奇\n*<indent=5%>15个高级组合包</indent>\n*<indent=5%>每个组合包均保证包含传说卡牌！</indent>
,
,
,
STORE_MEGALEGENDPACK_HEADING,巨无霸传说同捆包
,
,
,
STORE_MEGALEGENDPACK_HEADING_V2,史诗传说同捆包
,
,
,
STORE_MEGALEGENDPACK_HEADING_V3,超级传说同捆包
,
,
,
STORE_MEGALEGENDPACK_HEADING_V4,草坪传说同捆包
,
,
,
STORE_MIRRORNUT_DESCRIPTION,*<indent=5%>1张反射坚果</indent>\n*<indent=5%>香橼猎手、拳王菜、土豆仔和坚果骑士可用</indent>
,
,
,
STORE_MIRRORNUT_TITLE,反射坚果
,
,
,
STORE_MONSTERPACK_DESCRIPTION,*<indent=5%>6张怪物僵尸卡牌</indent>\n<u>掉落几率：</u>稀有：保证包含 ； 超稀有：30% ； 传说：10%
,
,
,
STORE_MONSTERPACK_HEADING,怪物组合包
,
,
,
STORE_MOONBEAN_DESCRIPTION,*<indent=5%>1个月亮豆</indent>\n*<indent=5%>每名玩家仅限1份</indent>
,
,
,
STORE_MOONBEAN_HEADING,月亮豆
,
,
,
STORE_MOST_POP,热卖
,
,
,
STORE_MOST_POP_V2,热卖
,
,
,
STORE_MULTIPACK_25PERCENTOFF,<color=#C30000>多重组合包节省25%！</color>\n收集4个五月花
,
,
,
STORE_MUSHROOMPACK_DESCRIPTION,*<indent=5%>6张蘑菇植物卡牌</indent>\n<u>掉落几率：</u>稀有：保证包含 ； 超稀有：30% ； 传说：10%
,
,
,
STORE_MUSHROOMPACK_HEADING,蘑菇组合包
,
,
,
STORE_MUSTACHEPACK_DESCRIPTION,*<indent=5%>6张胡须僵尸卡牌</indent>\n<u>掉落几率：</u>稀有：保证包含 ； 超稀有：30% ； 传说：10%
,
,
,
STORE_MUSTACHEPACK_HEADING,胡须组合包
,
,
,
STORE_NEUTRONIMP_DESCRIPTION,*<indent=5%>1个中子小鬼</indent>\n*<indent=5%>每名玩家仅限1份</indent>
,
,
,
STORE_NEUTRONIMP_HEADING,中子小鬼
,
,
,
STORE_NEWCARDS,新卡牌
,
,
,
STORE_NEWCONTENTS,新内容
,
,
,
STORE_NEWYEARPACK_DESCRIPTION,*<indent=5%>1张反射坚果、焰火僵尸和助兴僵尸</indent>\n*<indent=5%>3张高级套牌</indent>\n*<indent=5%>限购4个！</indent>
,
,
,
STORE_NEWYEARPACK_HEADING,新年组合包
,
,
,
STORE_NEWYEARSALE,新年特卖！
,
,
,
STORE_NEWYEARSPECIAL,新年特惠！
,
,
,
STORE_NO_FEATURED_OFFERS_MESSAGE,请稍后再回来查看您的专属超值优惠！
,
,
,
STORE_NOW_AVAIL,现已推出
,
,
,
STORE_NOW_AVAIL_V2,现已推出
,
,
,
STORE_NUTPACK_DESCRIPTION,*<indent=5%>6张坚果植物卡牌</indent>\n<u>掉落几率：</u>稀有：保证包含 ； 超稀有：30% ； 传说：10%
,
,
,
STORE_NUTPACK_HEADING,坚果组合包
,
,
,
STORE_OFFER_BEST_VALUE,绝对超值
,
,
,
STORE_OFFER_COOL_OFF,距离下次优惠：{0}
,
,
,
STORE_OFFER_EXPIRATION,还剩{0}！
,
,
,
STORE_OFFER_FREE,免费
,
,
,
STORE_OFFLINE,无法连接至商店。检查一下网络连接？
,
,
,
STORE_OFFLINE_PC,无法连接至商店。检查一下网络连接？
,
,
,
STORE_PACKS_BUTTON,组合包
,
,
,
STORE_PARTYPACK_DESCRIPTION,*<indent=5%>6张派对僵尸卡牌</indent>\n<u>掉落几率：</u>稀有：保证包含 ； 超稀有：30% ； 传说：10%
,
,
,
STORE_PARTYPACK_HEADING,派对组合包
,
,
,
STORE_PEAPACK_DESCRIPTION,*<indent=5%>6张豌豆植物卡牌</indent>\n<u>掉落几率：</u>稀有：保证包含 ； 超稀有：30% ； 传说：10%
,
,
,
STORE_PEAPACK_HEADING,豌豆组合包
,
,
,
STORE_PETPACK_DESCRIPTION,*<indent=5%>6张宠物僵尸卡牌</indent>\n<u>掉落几率：</u>稀有：保证包含 ； 超稀有：30% ； 传说：10%
,
,
,
STORE_PETPACK_HEADING,宠物组合包
,
,
,
STORE_PIRATEPACK_DESCRIPTION,*<indent=5%>6张海盗僵尸卡牌</indent>\n<u>掉落几率：</u>稀有：保证包含 ； 超稀有：30% ； 传说：10%
,
,
,
STORE_PIRATEPACK_HEADING,海盗组合包
,
,
,
STORE_POP,热门
,
,
,
STORE_POP_V2,热门！
,
,
,
STORE_POP_V3,热门
,
,
,
STORE_POP_V4,热门！
,
,
,
STORE_POWERUPDECKS,强化牌组！
,
,
,
STORE_PREMIUM_BRAINFREEZE_DESCRIPTION,*<indent=5%>6张巨大、银河或高级套牌</indent>\n*<indent=5%>全部适合急冻魔！</indent>\n<u>掉落几率：</u>稀有：保证包含 ； 超稀有：30% ； 传说：10%
,
,
,
STORE_PREMIUM_BRAINFREEZE_HEADING,急冻魔组合包
,
,
,
STORE_PREMIUM_CAPTAINCOMBUSTIBLE_DESCRIPTION,*<indent=5%>6张巨大、银河或高级套牌</indent>\n*<indent=5%>全部适合火爆队长！</indent>\n<u>掉落几率：</u>稀有：保证包含 ； 超稀有：30% ； 传说：10%
,
,
,
STORE_PREMIUM_CAPTAINCOMBUSTIBLE_HEADING,火爆队长组合包
,
,
,
STORE_PREMIUM_CAPTAINCOMBUSTIBLE_HEADING_V2,火爆队长高级组合包
,
,
,
STORE_PREMIUM_CAPTAINCOMBUSTIBLE_HEADING_V3,火爆队长组合包
,
,
,
STORE_PREMIUM_CAPTAINCOMBUSTIBLE_HEADING_V4,火爆队长高级组合包
,
,
,
STORE_PREMIUM_CHOMPZILLA_DESCRIPTION,*<indent=5%>6张巨大、银河或高级套牌</indent>\n*<indent=5%>全部适合霸王大嘴花！</indent>\n<u>掉落几率：</u>稀有：保证包含 ； 超稀有：30% ； 传说：10%
,
,
,
STORE_PREMIUM_CHOMPZILLA_HEADING,霸王大嘴花组合包
,
,
,
STORE_PREMIUM_CITRON_DESCRIPTION,*<indent=5%>6张巨大、银河或高级套牌</indent>\n*<indent=5%>全部适合香橼猎手！</indent>\n<u>掉落几率：</u>稀有：保证包含 ； 超稀有：30% ； 传说：10%
,
,
,
STORE_PREMIUM_CITRON_HEADING,香橼猎手组合包
,
,
,
STORE_PREMIUM_ELECTRICBOOGALOO_DESCRIPTION,*<indent=5%>6张巨大、银河或高级套牌</indent>\n*<indent=5%>全部适合霹雳舞王！</indent>\n<u>掉落几率：</u>稀有：保证包含 ； 超稀有：30% ； 传说：10%
,
,
,
STORE_PREMIUM_ELECTRICBOOGALOO_HEADING,霹雳舞王组合包
,
,
,
STORE_PREMIUM_ELECTRICBOOGALOO_HEADING_V2,霹雳舞王高级组合包
,
,
,
STORE_PREMIUM_ELECTRICBOOGALOO_HEADING_V3,霹雳舞王组合包
,
,
,
STORE_PREMIUM_ELECTRICBOOGALOO_HEADING_V4,霹雳舞王高级组合包
,
,
,
STORE_PREMIUM_GRASSKNUCKLES_DESCRIPTION,*<indent=5%>6张巨大、银河或高级套牌</indent>\n*<indent=5%>全部适合拳王菜！</indent>\n<u>掉落几率：</u>稀有：保证包含 ； 超稀有：30% ； 传说：10%
,
,
,
STORE_PREMIUM_GRASSKNUCKLES_HEADING,拳王菜组合包
,
,
,
STORE_PREMIUM_GREENSHADOW_DESCRIPTION,*<indent=5%>6张巨大、银河或高级套牌</indent>\n*<indent=5%>全部适合绿影侠！</indent>\n<u>掉落几率：</u>稀有：保证包含 ； 超稀有：30% ； 传说：10%
,
,
,
STORE_PREMIUM_GREENSHADOW_HEADING,绿影侠组合包
,
,
,
STORE_PREMIUM_IMMORTICIA_DESCRIPTION,*<indent=5%>6张巨大、银河或高级套牌</indent>\n*<indent=5%>全部适合不死女妖！</indent>\n<u>掉落几率：</u>稀有：保证包含 ； 超稀有：30% ； 传说：10%
,
,
,
STORE_PREMIUM_IMMORTICIA_HEADING,不死女妖组合包
,
,
,
STORE_PREMIUM_IMPFINITY_DESCRIPTION,*<indent=5%>6张巨大、银河或高级套牌</indent>\n*<indent=5%>全部适合无穷小子！</indent>\n<u>掉落几率：</u>稀有：保证包含 ； 超稀有：30% ； 传说：10%
,
,
,
STORE_PREMIUM_IMPFINITY_HEADING,无穷小子组合包
,
,
,
STORE_PREMIUM_NEPTUNA_DESCRIPTION,*<indent=5%>6张巨大、银河或高级套牌</indent>\n*<indent=5%>全部适合海妖！</indent>\n<u>掉落几率：</u>稀有：保证包含 ； 超稀有：30% ； 传说：10%
,
,
,
STORE_PREMIUM_NEPTUNA_HEADING,海妖组合包
,
,
,
STORE_PREMIUM_NIGHTCAP_DESCRIPTION,*<indent=5%>6张巨大、银河或高级套牌</indent>\n*<indent=5%>全部适合暗夜菇！</indent>\n<u>掉落几率：</u>稀有：保证包含 ； 超稀有：30% ； 传说：10%
,
,
,
STORE_PREMIUM_NIGHTCAP_HEADING,暗夜菇组合包
,
,
,
STORE_PREMIUM_PROFESSORBRAINSTORM_DESCRIPTION,*<indent=5%>6张巨大、银河或高级套牌</indent>\n*<indent=5%>全部适合僵点子教授！</indent>\n<u>掉落几率：</u>稀有：保证包含 ； 超稀有：30% ； 传说：10%
,
,
,
STORE_PREMIUM_PROFESSORBRAINSTORM_HEADING,僵点子教授组合包
,
,
,
STORE_PREMIUM_PROFESSORBRAINSTORM_HEADING_V2,僵点子教授组合包
,
,
,
STORE_PREMIUM_PROFESSORBRAINSTORM_HEADING_V3,僵点子教授高级组合包
,
,
,
STORE_PREMIUM_PROFESSORBRAINSTORM_HEADING_V4,僵点子教授高级组合包
,
,
,
STORE_PREMIUM_ROSE_DESCRIPTION,*<indent=5%>6张巨大、银河或高级套牌</indent>\n*<indent=5%>全部适合玫瑰！</indent>\n<u>掉落几率：</u>稀有：保证包含 ； 超稀有：30% ； 传说：10%
,
,
,
STORE_PREMIUM_ROSE_HEADING,玫瑰组合包
,
,
,
STORE_PREMIUM_RUSTBOLT_DESCRIPTION,*<indent=5%>6张巨大、银河或高级套牌</indent>\n*<indent=5%>全部适合锈铁侠！</indent>\n<u>掉落几率：</u>稀有：保证包含 ； 超稀有：30% ； 传说：10%
,
,
,
STORE_PREMIUM_RUSTBOLT_HEADING,锈铁侠组合包
,
,
,
STORE_PREMIUM_SOLARFLARE_DESCRIPTION,*<indent=5%>6张巨大、银河或高级套牌</indent>\n*<indent=5%>全部适合耀斑花！</indent>\n<u>掉落几率：</u>稀有：保证包含 ； 超稀有：30% ； 传说：10%
,
,
,
STORE_PREMIUM_SOLARFLARE_HEADING,耀斑花组合包
,
,
,
STORE_PREMIUM_SPUDOW_DESCRIPTION,*<indent=5%>6张巨大、银河或高级套牌</indent>\n*<indent=5%>全部适合土豆仔！</indent>\n<u>掉落几率：</u>稀有：保证包含 ； 超稀有：30% ； 传说：10%
,
,
,
STORE_PREMIUM_SPUDOW_HEADING,土豆仔组合包
,
,
,
STORE_PREMIUM_SUPERBRAINZ_DESCRIPTION,*<indent=5%>6张巨大、银河或高级套牌</indent>\n*<indent=5%>全部适合超尸！</indent>\n<u>掉落几率：</u>稀有：保证包含 ； 超稀有：30% ； 传说：10%
,
,
,
STORE_PREMIUM_SUPERBRAINZ_HEADING,超尸组合包
,
,
,
STORE_PREMIUM_THESMASH_DESCRIPTION,*<indent=5%>6张巨大、银河或高级套牌</indent>\n*<indent=5%>全部适合摔跤狂！</indent>\n<u>掉落几率：</u>稀有：保证包含 ； 超稀有：30% ； 传说：10%
,
,
,
STORE_PREMIUM_THESMASH_HEADING,摔跤狂组合包
,
,
,
STORE_PREMIUM_WALLKNIGHT_DESCRIPTION,*<indent=5%>6张巨大、银河或高级套牌</indent>\n*<indent=5%>全部适合坚果骑士！</indent>\n<u>掉落几率：</u>稀有：保证包含 ； 超稀有：30% ； 传说：10%
,
,
,
STORE_PREMIUM_WALLKNIGHT_HEADING,坚果骑士组合包
,
,
,
STORE_PREMIUM_ZMECH_DESCRIPTION,*<indent=5%>6张巨大、银河或高级套牌</indent>\n*<indent=5%>全部适合Z机甲！</indent>\n<u>掉落几率：</u>稀有：保证包含 ； 超稀有：30% ； 传说：10%
,
,
,
STORE_PREMIUM_ZMECH_HEADING,Z机甲组合包
,
,
,
STORE_PREMIUMBUNDLE_TITLE,高级同捆包
,
,
,
STORE_PREMIUMBUNDLE_TITLE_V2,高级组合同捆包
,
,
,
STORE_PREMIUMMULTI_60_DESCRIPTION,60个高级组合包，每包均包含高级套牌中的2张罕见卡牌，外加1张稀有、超稀有、传说或新英雄卡牌！
,
,
,
STORE_PREMIUMMULTI_DESCRIPTION,每个组合包均包含高级套牌中的2张罕见卡牌，外加1张稀有、超稀有、传说或新英雄卡牌！
,
,
,
STORE_PREMIUMMULTI_DESCRIPTION_6C,每个组合包：\n*<indent=5%>4张高级套牌中的罕见卡牌</indent>\n*<indent=5%>2张稀有、超稀有、传说或新英雄卡牌！</indent>
,
,
,
STORE_PREMIUMMULTI_DESCRIPTION_V2,每个组合包均包含高级套牌中的2张罕见卡牌，外加1张稀有、超稀有、传说或新英雄卡牌！保证含有超稀有卡牌！
,
,
,
STORE_PREMIUMMULTI_DESCRIPTION_V3,每个组合包均包含高级套牌中的2张罕见卡牌，外加1张稀有或更好品质的卡牌！保证含有超稀有卡牌！
,
,
,
STORE_PREMIUMMULTI_DESCRIPTION_V4,每个组合包含有：\n*<indent=5%>6张高级套牌</indent>\n<u>掉落几率：</u>稀有：保证包含；超稀有：30%；传说：10%；英雄：3%
,
,
,
STORE_PREMIUMMULTI_HEADING,高级组合套包
,
,
,
STORE_PREMIUMMULTI_HEADING_V2,高级组合套包
,
,
,
STORE_PREMIUMMULTI_PLANT_DESCRIPTION,20个组合包送3包！\n每个组合包内含：\n*<indent=5%>6张高级套牌，全都来自植物阵营！</indent>
,
,
,
STORE_PREMIUMMULTI_PLANT_GUARANTEE,"<color=#C30000>节省33%！</color>\n<s>3,000</s> <color=#C30000>2,000宝石</color>"
,
,
,
STORE_PREMIUMMULTI_PLANT_HEADING,施肥多重组合包
,
,
,
STORE_PREMIUMMULTI_ZOMBIE_DESCRIPTION,20个组合包送3包！\n每个组合包内含：\n*<indent=5%>6张高级套牌，全都来自僵尸阵营！</indent>
,
,
,
STORE_PREMIUMMULTI_ZOMBIE_HEADING,脑子组合套包
,
,
,
STORE_PREMIUMPACK_PLANT_DESCRIPTION,*<indent=5%>6张高级套牌</indent>\n*<indent=5%>至少1张稀有、超稀有、传说或新英雄卡牌！</indent>\n*<indent=5%>全都来自植物阵营！</indent>
,
,
,
STORE_PREMIUMPACK_PLANT_DESCRIPTION_6C,*<indent=5%>4张高级套牌中的罕见卡牌</indent>\n*<indent=5%>2张稀有、超稀有、传说或新英雄卡牌！</indent>\n*<indent=5%>全都来自植物阵营！</indent>
,
,
,
STORE_PREMIUMPACK_PLANT_HEADING,植物高级组合包
,
,
,
STORE_PREMIUMPACK_PLANT_HEADING_V2,施肥高级组合包
,
,
,
STORE_PREMIUMPACK_PLANT_HEADING_V3,施肥组合包
,
,
,
STORE_PREMIUMPACK_VIP_DESCRIPTION,包含高级套牌中的2张稀有卡牌，外加1张稀有、超稀有、传说或新英雄卡牌！
,
,
,
STORE_PREMIUMPACK_VIP_DESCRIPTION_V2,包含高级套牌中的1张罕见卡牌，外加2张稀有或更好品质的卡牌！
,
,
,
STORE_PREMIUMPACK_VIP_DESCRIPTION_V3,包含高级套牌中的2张稀有卡牌，外加1张稀有或更好品质的卡牌！
,
,
,
STORE_PREMIUMPACK_VIP_HEADING,VIP高级组合包
,
,
,
STORE_PREMIUMPACK_VIP_HEADING_V2,威猛高级组合包
,
,
,
STORE_PREMIUMPACK_VIP_HEADING_V3,英勇高级组合包
,
,
,
STORE_PREMIUMPACK_VIP_HEADING_V4,巨无霸高级组合包
,
,
,
STORE_PREMIUMPACK_ZOMBIE_DESCRIPTION,*<indent=5%>6张高级套牌</indent>\n*<indent=5%>至少1张稀有、超稀有、传说或新英雄卡牌！</indent>\n*<indent=5%>全都来自僵尸阵营！</indent>
,
,
,
STORE_PREMIUMPACK_ZOMBIE_DESCRIPTION_6C,*<indent=5%>4张高级套牌中的罕见卡牌</indent>\n*<indent=5%>2张稀有、超稀有、传说或新英雄卡牌！</indent>\n*<indent=5%>全都来自僵尸阵营！</indent>
,
,
,
STORE_PREMIUMPACK_ZOMBIE_HEADING,僵尸高级组合包
,
,
,
STORE_PREMIUMPACK_ZOMBIE_HEADING_V2,脑子高级组合包
,
,
,
STORE_PREMIUMPACK_ZOMBIE_HEADING_V3,脑子组合包
,
,
,
STORE_PROFESSIONALPACK_DESCRIPTION,*<indent=5%>6张职业僵尸卡牌</indent>\n<u>掉落几率：</u>稀有：保证包含 ； 超稀有：30% ； 传说：10%
,
,
,
STORE_PROFESSIONALPACK_HEADING,职业组合包
,
,
,
STORE_PUNISHSHROOM_DESCRIPTION,*<indent=5%>1张复仇菇</indent>\n*<indent=5%>暗夜菇、火爆队长、土豆仔和耀斑花可用</indent>
,
,
,
STORE_PUNISHSHROOM_TITLE,复仇菇
,
,
,
STORE_PVZ2FEASTIVUSGIFT_DESCRIPTION,欢庆《植物大战僵尸2》推出“款待盛宴”！\n*<indent=5%>1套PvZ 2组合包</indent>\n*<indent=5%>每位玩家限购1次</indent>
,
,
,
STORE_PVZ2FEASTIVUSGIFT_HEADING,PVZ 2款待盛宴礼物
,
,
,
STORE_PVZ2FEASTIVUSPACK_DESCRIPTION,*<indent=5%>6张PvZ 2植物卡牌</indent>\n<u>掉落几率：</u>稀有：保证包含 ； 超稀有：30% ； 传说：10%
,
,
,
STORE_PVZ2FEASTIVUSPACK_HEADING,PVZ 2组合包
,
,
,
STORE_RARE,稀有
,
,
,
STORE_RARE_TEAMMATE_GUARANTEE,保证包含稀有牌
,
,
,
STORE_RECAPSALE,返场特卖！
,
,
,
STORE_RECAPSALEV2,英雄返场特卖！
,
,
,
STORE_REDBUNDLE_DESCRIPTION,*<indent=5%>1张活动卡牌，红针花！</indent>\n*<indent=5%>1张超稀有牌全明星僵尸、超稀有牌野玫瑰、樱桃炸弹和深海巨尸</indent>\n*<indent=5%>18张高级套牌中的罕见牌和7张稀有牌</indent>
,
,
,
STORE_REDBUNDLE_HEADER,(超级同捆包)<sup>RED</sup>
,
,
,
STORE_REDENVELOPE_DESCRIPTION,"*<indent=5%>1,300颗宝石，并奖励1张热舞罂粟、1张花瓣变身、1张僵尸鸡和3张卡牌</indent>\n**巨无霸同捆包奖励**：\n<indent=10%>保证有1张传说丹迪狮子王！</indent>"
,
,
,
STORE_REDENVELOPE_GUARANTEE,"<color=#C30000>丹迪狮子王就在巨无霸同捆包！</color>\n5,200颗宝石！"
,
,
,
STORE_REDENVELOPE_HEADING,红信封同捆包
,
,
,
STORE_REDSTINGER_DESCRIPTION,*<indent=5%>1张活动卡牌、红针花和17张卡牌</indent>\n**巨无霸同捆包奖励**：\n<indent=10%>保证包含1个活动倒转同捆包！</indent>
,
,
,
STORE_REDSTINGER_GUARANTEE,<color=#C30000>巨无霸同捆包</color>\nin 巨无霸同捆包！
,
,
,
STORE_REDSTINGER_HEADING,红针花同捆包
,
,
,
STORE_REVOLVINGOFFER,优惠转盘
,
,
,
STORE_REWINDSAMPLE_DESCRIPTION,*<indent=5%>3张每周活动卡牌再加3张卡牌</indent>\n*<indent=5%>每位玩家限购1次</indent>\n<u>掉落几率：</u>稀有：保证包含 ； 超稀有：30% ； 传说：5% ； 活动：保证包含
,
,
,
STORE_REWINDSAMPLE_HEADING,活动倒转体验组合包
,
,
,
STORE_ROOTPACK_DESCRIPTION,*<indent=5%>6张根茎植物卡牌</indent>\n<u>掉落几率：</u>稀有：保证包含 ； 超稀有：30% ； 传说：10%
,
,
,
STORE_ROOTPACK_HEADING,根茎组合包
,
,
,
STORE_ROTATINGOFFER,优惠转盘
,
,
,
STORE_ROYALCOURT_DESCRIPTION,*<indent=5%>1x超稀有国王僵尸！1x小丑僵尸、1x巫师巨尸、3x卡牌</indent>\n\n**多重组合包奖励**：\n<indent=10%>保证包含1x超稀有阴险大笑尸！</indent>
,
,
,
STORE_ROYALCOURT_GUARANTEE,<color=#C30000>多重组合包内含疯狂大笑尸</color>\n收集4x国王僵尸
,
,
,
STORE_ROYALCOURT_HEADING,皇家庭院组合包
,
,
,
STORE_ROYALCOURT_HEADING2,国王僵尸组合包
,
,
,
STORE_SALE,特卖
,
,
,
STORE_SALE_V2,特卖
,
,
,
STORE_SCHOOL_DESCRIPTION,*<indent=5%>3个组合包，包括1个僵尸学讲师</indent>\n**巨无霸同捆包奖励**：\n<indent=10%>保证包含500颗宝石！</indent>\n<u>组合包掉落几率：</u>稀有：保证包含 ； 超稀有：30% ； 传说：10%
,
,
,
STORE_SCHOOL_GUARANTEE,<color=#C30000>500颗宝石就在巨无霸同捆包！</color>\n收集4张活动卡牌
,
,
,
STORE_SCHOOL_HEADING,返校同捆包
,
,
,
STORE_SCIENCEDECK_COMBINE,结合人鱼小鬼、饥肠辘辘、忍者小鬼和臭臭僵尸使用
,
,
,
STORE_SCIENCEDECK_DESCRIPTION,*<indent=5%>1张魔术僵尸、机器陆行船、机械僵鲨</indent>\n*<indent=5%>2张疯狂化学家</indent>\n*<indent=5%>3张道具发明家、腐烂克林尸、火箭发射</indent>\n*<indent=5%>4张传我上飞船、电工、僵尸鸡</indent>
,
,
,
STORE_SCIENCEDECK_HEADING,科学实验牌组装备包
,
,
,
STORE_SCIENCEPACK_DESCRIPTION,*<indent=5%>6张科学家僵尸卡牌</indent>\n<u>掉落几率：</u>稀有：保证包含 ； 超稀有：30% ； 传说：10%
,
,
,
STORE_SCIENCEPACK_HEADING,科学家组合包
,
,
,
STORE_SECOND_PACK_DESCRIPTION,获得三张卡牌，包含一张传说卡牌！
,
,
,
STORE_SECOND_PACK_HEADING,传说组合包
,
,
,
STORE_SET2_HEADING,银河花园
,
,
,
STORE_SET3_DESCRIPTION,*<indent=5%>6张巨大套牌</indent>\n<u>掉落几率：</u>稀有：保证包含；超稀有：30%；传说：10%
,
,
,
STORE_SET3_HEADING,巨大化石
,
,
,
STORE_SET3MULTI_DESCRIPTION,每个组合包含有：\n*<indent=5%>6张巨大套牌</indent>\n<u>掉落几率：</u>稀有：保证包含；超稀有：30%；传说：10%
,
,
,
STORE_SET3MULTI_HEADING,巨大组合套包
,
,
,
STORE_SET4_DESCRIPTION,*<indent=5%>6张三叠纪套牌</indent>\n<u>掉落几率：</u>稀有：保证包含 ； 超稀有：30% ； 传说：10%
,
,
,
STORE_SET4_HEADING,三叠纪的胜利
,
,
,
STORE_SET4MULTI_DESCRIPTION,每个组合包含有：\n*<indent=5%>6张三叠纪套牌</indent>\n<u>掉落几率：</u>稀有：保证包含 ； 超稀有：30% ； 传说：10%
,
,
,
STORE_SET4MULTI_HEADING,三叠纪多重组合包
,
,
,
STORE_SHOOTINGSTAR_DESCRIPTION,*<indent=5%>1个流星果</indent>\n*<indent=5%>每名玩家仅限1份</indent>
,
,
,
STORE_SHOOTINGSTAR_HEADING,流星果
,
,
,
STORE_SILVER_PACK_DESCRIPTION,获得基础套牌中的3张常见卡牌！
,
,
,
STORE_SILVER_PACK_HEADING,基础组合包
,
,
,
STORE_SILVERLEAGUE_DESCRIPTION,"*<indent=5%>1,300颗宝石</indent>\n*<indent=5%>奖励8个银河组合包</indent>\n*<indent=5%>每位玩家限购1次</indent>\n<u>组合包掉落几率：</u>稀有：保证包含 ； 超稀有：30% ； 传说：10%"
,
,
,
STORE_SILVERLEAGUE_HEADING,白银联赛同捆包
,
,
,
STORE_SINGLE,1包
,
,
,
STORE_SINGLE_PACK,1包
,
,
,
STORE_SPECIALEVENT,特别活动
,
,
,
STORE_SPRINGENING_DESCRIPTION,*<indent=5%>3个组合包和1个蹦跳巨尸</indent>\n**巨无霸同捆包奖励**：\n<indent=10%>保证包含500颗宝石！</indent>\n<u>组合包掉落几率：</u>稀有：保证包含 ； 超稀有：30% ； 传说：10%
,
,
,
STORE_SPRINGENING_GUARANTEE,<color=#C30000>500颗宝石就在巨无霸同捆包！</color>\n收集4张活动卡牌
,
,
,
STORE_SPRINGENING_HEADING,春日生机同捆包
,
,
,
STORE_SQUADHUNGRY_DESCRIPTION,获得喇叭小鬼、僵尸雪人和超稀有牌巨尸医生！
,
,
,
STORE_SQUADHUNGRY_HEADING,猛兽小队
,
,
,
STORE_SQUADKABLOOM_DESCRIPTION,获得蓝调莓、毒橡树和超稀有牌强莓中士！
,
,
,
STORE_SQUADKABLOOM_HEADING,爆花小队
,
,
,
STORE_SQUADPEASHOOTER_DESCRIPTION,获得雪豆射手、飞天射手和超稀有牌豆荚教父！
,
,
,
STORE_SQUADPEASHOOTER_HEADING,豌豆射手小队
,
,
,
STORE_SQUADSNEAKY_DESCRIPTION,获取跳跳僵尸、僵尸鸡和超稀有牌墓碑雕刻家！ 
,
,
,
STORE_SQUADSNEAKY_HEADING,狡猾小队
,
,
,
STORE_STARTER_PACK_DESCRIPTION,保证获得1名新英雄和2张高级牌！
,
,
,
STORE_STARTER_PACK_HEADING,新手包
,
,
,
STORE_STARTERBUNDLE_DESCRIPTION,*<indent=5%>3个高级组合包</indent>\n*<indent=5%>保证包含新英雄</indent>\n*<indent=5%>解锁一个新的英雄任务</indent>\n<u>组合包掉落几率：</u>稀有：保证包含 ； 超稀有：30% ； 传说：10%
,
,
,
STORE_STARTERBUNDLE_DESCRIPTION_V2,包含两个高级组合包，保证出现新英雄！
,
,
,
STORE_STARTERBUNDLE_HEADING,新手同捆包
,
,
,
STORE_STARTERGEMBUNDLE_DESCRIPTION,*<indent=5%>400颗宝石</indent>\n*<indent=5%>1个高级组合包</indent>\n*<indent=5%>每位玩家限购1次</indent>\n<u>掉落几率：</u>稀有：保证包含 ； 超稀有：30% ； 传说：10%； 英雄：3%
,
,
,
STORE_STARTERGEMBUNDLE_HEADING,新手宝石同捆包
,
,
,
STORE_STARTERPACK_PLANT_DESCRIPTION,保证包含1名新英雄和2张高级套牌中的罕见卡牌，全都来自植物阵营！
,
,
,
STORE_STARTERPACK_PLANT_HEADING,植物新手组合包
,
,
,
STORE_STARTERPACK_PLANT_HEADING_V2,施肥新手组合包
,
,
,
STORE_STARTERPACK_ZOMBIE_DESCRIPTION,保证包含1名新英雄和2张高级套牌中的罕见卡牌，全都来自僵尸阵营！
,
,
,
STORE_STARTERPACK_ZOMBIE_HEADING,僵尸新手组合包
,
,
,
STORE_STARTERPACK_ZOMBIE_HEADING_V2,脑子新手组合包
,
,
,
STORE_STARTERPACK2_HEADING,新手组合包2
,
,
,
STORE_SUMMER_DESCRIPTION,*<indent=5%>3个组合包和1个烤架之王</indent>\n**巨无霸同捆包奖励**：\n<indent=10%>保证包含500颗宝石！</indent>\n<u>组合包掉落几率：</u>稀有：保证包含 ； 超稀有：30% ； 传说：10%
,
,
,
STORE_SUMMER_GUARANTEE,<color=#C30000>500颗宝石就在巨无霸同捆包！</color>\n收集4张活动卡牌
,
,
,
STORE_SUMMER_HEADING,夏夜同捆包
,
,
,
STORE_SUPER_RARE_TEAMMATE_GUARANTEE,保证包含超稀有牌
,
,
,
STORE_SUPER_RARE_TEAMMATE_GUARANTEE_MULTI,多重组合包\n保证包含超稀有牌！
,
,
,
STORE_SUPERBRAINZDECK_COMBINE,结合忍者小鬼、人鱼小鬼、小鬼队长、烟雾弹和饥肠辘辘使用
,
,
,
STORE_SUPERBRAINZDECK_DESCRIPTION,*<indent=5%>1张碎盾维京僵尸、机械僵鲨、糊涂掘墓人、巫师巨尸</indent>\n*<indent=5%>2张排舞僵尸、传送、海象骑手、电工</indent>\n*<indent=5%>3张绅士僵尸、跳跳僵尸、传我上飞船；4张毒物小鬼</indent>
,
,
,
STORE_SUPERBRAINZDECK_HEADING,狡猾惊喜牌组装备包
,
,
,
STORE_SUPERGEMBUNDLE_DESCRIPTION,*<indent=5%>2600颗宝石</indent>\n*<indent=5%>2个高级组合包</indent>\n*<indent=5%>每位玩家限购1次 </indent>\n<u>组合包掉落几率：</u>稀有：保证包含 ； 超稀有：30% ； 传说：10%； 英雄：3%
,
,
,
STORE_SUPERGEMBUNDLE_HEADING,超级宝石同捆包
,
,
,
STORE_SUPERNOVA_DESCRIPTION,*<indent=5%>1个超新星巨尸</indent>\n*<indent=5%>每名玩家仅限1份</indent>
,
,
,
STORE_SUPERNOVA_HEADING,超新星巨尸
,
,
,
STORE_SUPERPACK_HEADING,超级组合包
,
,
,
STORE_SUPERPACK_HEADING_V2,超级无敌组合包
,
,
,
STORE_SUPERRARE,超稀有
,
,
,
STORE_SUPERRAREPACK_DESCRIPTION,*<indent=5%>6张卡牌</indent>\n*<indent=5%>保证包含超稀有卡牌！</indent>\n<u>掉落几率：</u>稀有：保证包含 ； 超稀有：保证包含 ； 传说：10%
,
,
,
STORE_SUPERRAREPACK_HEADING,超稀有组合包
,
,
,
STORE_SUPERRARESALE_DESCRIPTION,*<indent=5%>6张卡牌</indent>\n*<indent=5%>保证包含超稀有卡牌！</indent>\n*<indent=5%>每位玩家限购1次</indent>\n<u>掉落几率：</u>稀有：保证包含 ； 超稀有：保证包含 ； 传说：10%
,
,
,
STORE_SUPERSALE,超级特卖！
,
,
,
STORE_SUPERSALE_GUARANTEE,双倍奖励组合包的\n多重组合包！
,
,
,
STORE_SUPERSALE_GUARANTEE_V2,买10包<s>送1包</s>\n<color=#C30000>额外送2包！</color>
,
,
,
STORE_SUPERSALE_GUARANTEE_V3,买20包<s>送3包</s><color=#C30000>额外送6包！</color>\n买50包<s>送10包</s><color=#C30000>额外送20包！</color>
,
,
,
STORE_SUPPORTRED,所有收益均将用于\n抗击艾滋病
,
,
,
STORE_TACOLEAGUE_DESCRIPTION,"*<indent=5%>3,500颗宝石</indent>\n*<indent=5%>奖励10个银河组合包 + 10个高级组合包</indent>\n*<indent=5%>每位玩家限购1次</indent>\n<u>组合包掉落几率：</u>稀有：保证包含 ； 超稀有：30% ； 传说：10%"
,
,
,
STORE_TACOLEAGUE_HEADING,墨西哥联赛同捆包
,
,
,
STORE_TEAMUP_GUARANTEE,保证出现热舞罂粟\n就在多重组合包！
,
,
,
STORE_TEAMUPPACK_DESCRIPTION,*<indent=5%>1个高级组合包</indent>\n*<indent=5%>保证包含组队植物</indent>
,
,
,
STORE_TEAMUPPACK_HEADING,组队包
,
,
,
STORE_TEAMUPPACK2_DESCRIPTION,*<indent=5%>6张组队植物卡牌</indent>\n<u>掉落几率：</u>稀有：保证包含 ； 超稀有：30% ； 传说：10%
,
,
,
STORE_TEAMUPPACK2_HEADING,组队包
,
,
,
STORE_TELEPORT_DESCRIPTION,*<indent=5%>1张传送</indent>\n*<indent=5%>超尸、锈铁侠、僵点子教授和不死女妖可用</indent>
,
,
,
STORE_TELEPORT_TITLE,传送
,
,
,
STORE_TEN_PLUS_2_PACK_FREE,买10包送<color=#C30000>2包！</color>
,
,
,
STORE_TEN_PLUS_ONE_PACK_FREE,买10包送1包！
,
,
,
STORE_TENPLUSONE,买10包送1包！
,
,
,
STORE_THEPODFATHER_DESCRIPTION,*<indent=5%>1张豆荚教父</indent>\n*<indent=5%>霸王大嘴花、拳王菜、绿影侠和火爆队长可用</indent>
,
,
,
STORE_THEPODFATHER_TITLE,豆荚教父
,
,
,
STORE_TICKETBOOST,票券提升
,
,
,
STORE_TICKETBOOSTHERO,票券提升英雄
,
,
,
STORE_TIMETRAVEL_DESCRIPTION_A,每周活动提前开启！\n*<indent=5%>1张“弗兰肯巨尸”活动卡牌和17张卡牌</indent>\n**巨无霸同捆包奖励**：\n<indent=10%>保证包含1张传说卡牌！</indent>
,
,
,
STORE_TIMETRAVEL_DESCRIPTION_B,每周活动提前开启！\n*<indent=5%>1张“感冒僵尸”活动卡牌和17张卡牌</indent>\n**巨无霸同捆包奖励**：\n<indent=10%>保证包含1张传说卡牌！</indent>
,
,
,
STORE_TIMETRAVEL_DESCRIPTION_C,每周活动提前开启！\n*<indent=5%>1张“意外礼物”活动卡牌和17张卡牌</indent>\n**巨无霸同捆包奖励**：\n<indent=10%>保证包含1张传说卡牌！</indent>
,
,
,
STORE_TIMETRAVEL_DESCRIPTION_D,提前参与每周活动！\n*<indent=5%>1张“胆小猫”活动卡牌和17张银河或高级卡牌</indent>\n**巨无霸同捆包奖励**：\n<indent=10%>保证包含1张传说卡牌！</indent>
,
,
,
STORE_TIMETRAVEL_DESCRIPTION_E,提前参与每周活动！\n*<indent=5%>1张“闹鬼南瓜皇”活动卡牌和17张银河或高级卡牌</indent>\n**巨无霸同捆包奖励**：\n<indent=10%>保证包含1张传说卡牌！</indent>
,
,
,
STORE_TIMETRAVEL_DESCRIPTION_F,提前参与每周活动！\n*<indent=5%>1张“投小鬼的小鬼”活动卡牌和17张高级卡牌</indent>\n**巨无霸同捆包奖励**：\n<indent=10%>保证包含1张传说卡牌！</indent>
,
,
,
STORE_TIMETRAVEL_DESCRIPTION_G,提前参与每周活动！\n*<indent=5%>1张“思考尸”活动卡牌和17张银河或高级卡牌</indent>\n**巨无霸同捆包奖励**：\n<indent=10%>保证包含1张传说卡牌！</indent>
,
,
,
STORE_TIMETRAVEL_GUARANTEE_A,<color=#C30000>传说卡牌就在巨无霸同捆包！</color>\n收集4张弗兰肯巨尸
,
,
,
STORE_TIMETRAVEL_GUARANTEE_B,<color=#C30000>传说卡牌就在巨无霸同捆包！</color>\n收集4张活动卡牌
,
,
,
STORE_TIMETRAVEL_GUARANTEE_C,<color=#C30000>传说卡牌就在巨无霸同捆包！</color>\n收集4张活动卡牌
,
,
,
STORE_TIMETRAVEL_GUARANTEE_D,<color=#C30000>传说卡牌就在巨无霸同捆包！</color>\n收集4张活动卡牌
,
,
,
STORE_TIMETRAVEL_GUARANTEE_E,<color=#C30000>传说卡牌就在巨无霸同捆包！</color>\n收集4张活动卡牌
,
,
,
STORE_TIMETRAVEL_GUARANTEE_F,<color=#C30000>传说卡牌就在巨无霸同捆包！</color>\n收集4张活动卡牌
,
,
,
STORE_TIMETRAVEL_GUARANTEE_G,<color=#C30000>传说卡牌就在巨无霸同捆包！</color>\n收集4张活动卡牌
,
,
,
STORE_TIMETRAVEL_HEADING,活动时空旅行同捆包
,
,
,
STORE_TIMETRAVEL_HEADING_V2,时间旅行同捆包
,
,
,
STORE_TITLE,商店
,
,
,
STORE_TOXICWASTEIMP_DESCRIPTION,*<indent=5%>1张毒物小鬼</indent>\n*<indent=5%>急冻魔、超尸、无穷小子和海妖可用</indent>
,
,
,
STORE_TOXICWASTEIMP_TITLE,毒物小鬼
,
,
,
STORE_TRANSFIG_DESCRIPTION,*<indent=5%>3个组合包和1个变形无花果</indent>\n**巨无霸同捆包奖励**：\n<indent=10%>保证包含500颗宝石！</indent>\n<u>组合包掉落几率：</u>稀有：保证包含 ； 超稀有：30% ； 传说：10%
,
,
,
STORE_TRANSFIG_GUARANTEE,<color=#C30000>500颗宝石就在巨无霸同捆包！</color>\n收集4张活动卡牌
,
,
,
STORE_TRANSFIG_HEADING,食物大战同捆包
,
,
,
STORE_TRIASSICWELCOME_DESCRIPTION,欢迎来到全新的三叠纪的胜利套牌！\n*<indent=5%>2套免费三叠纪组合包</indent>\n*<indent=5%>每位玩家限购1次</indent>
,
,
,
STORE_TRIASSICWELCOME_HEADING,三叠纪迎新组合包
,
,
,
STORE_TRIBE_BERRY_DESCRIPTION,使用爆炸伤害能力利用浆果埋葬对手！\n*<indent=5%>包含1张蓝调莓、野草莓以及帮派首领强莓中士</indent>\n*<indent=5%>3张高级套牌中的罕见牌</indent>
,
,
,
STORE_TRIBE_BERRY_DESCRIPTION2,*<indent=5%>包含1张蓝调莓、野草莓以及帮派首领强莓中士</indent>\n*<indent=5%>3张高级套牌中的罕见牌</indent>
,
,
,
STORE_TRIBE_BERRY_DESCRIPTION3,*<indent=5%>1张蓝调莓、野草莓和帮派首领强莓中士</indent>\n*<indent=5%>3张高级套牌中的牌</indent>\n*<indent=5%>限购4个！</indent>
,
,
,
STORE_TRIBE_BERRY_HEADING,莓果帮派包
,
,
,
STORE_TRIBE_MUSHROOM_DESCRIPTION,用成群的小植物淹没你的对手！\n*<indent=5%>包含1张毒蘑菇、蘑菇头目以及帮派首领复仇菇</indent>\n*<indent=5%>3张高级套牌中的罕见牌</indent>
,
,
,
STORE_TRIBE_MUSHROOM_DESCRIPTION2,*<indent=5%>包含1张毒蘑菇、蘑菇头目以及帮派首领复仇菇</indent>\n*<indent=5%>3张高级套牌中的罕见牌</indent>
,
,
,
STORE_TRIBE_MUSHROOM_DESCRIPTION3,*<indent=5%>1张毒蘑菇、蘑菇头目、复制松果和复仇菇</indent>\n*<indent=5%>2张高级套牌中的牌</indent>\n*<indent=5%>限购4个！</indent>
,
,
,
STORE_TRIBE_MUSHROOM_HEADING,蘑菇帮派包
,
,
,
STORE_TRIBE_NUT_DESCRIPTION,从坚不可摧的坚果堡垒炮轰你的敌人！\n*<indent=5%>包含1张健泳菱角、无畏坚果以及帮派首领反射坚果</indent>\n*<indent=5%>3张高级套牌中的罕见牌</indent>
,
,
,
STORE_TRIBE_NUT_DESCRIPTION2,*<indent=5%>包含1张健泳菱角、无畏坚果以及帮派首领反射坚果</indent>\n*<indent=5%>3张高级套牌中的罕见牌</indent>
,
,
,
STORE_TRIBE_NUT_DESCRIPTION3,*<indent=5%>1张健泳菱角、无畏坚果和帮派首领反射坚果</indent>\n*<indent=5%>3张高级套牌中的牌</indent>\n*<indent=5%>限购4个！</indent>
,
,
,
STORE_TRIBE_NUT_HEADING,坚果帮派包
,
,
,
STORE_TRIBEPACK_PEA_HEADING,豌豆组合包
,
,
,
STORE_TRIBEPACK_PEA_HEADING_V2,豌豆帮组合包
,
,
,
STORE_TRICKORTREAT_25PERCENTOFF,<color=#C30000>多重组合包节省25%！</color>\n收集4个万圣节达人
,
,
,
STORE_TRICKORTREAT_DESCRIPTION,*<indent=5%>1张活动卡牌，万圣节达人！</indent>\n*<indent=5%>1张闹鬼僵尸和超稀有牌护士巨尸</indent>\n*<indent=5%>3张高级套牌中的罕见牌</indent>
,
,
,
STORE_TRICKORTREAT_DESCRIPTIONV2,*<indent=5%>1张活动卡牌，万圣节达人！</indent>\n*<indent=5%>1张闹鬼僵尸和护士巨尸</indent>\n*<indent=5%>3张高级套牌中的罕见牌</indent>
,
,
,
STORE_TRICKORTREAT_HEADING,万圣节组合包
,
,
,
STORE_TRICKORTREATPACK_DESCRIPTION,*<indent=5%>1张邪月当空、1张闹鬼南瓜皇、1张万圣节达人，外加3张卡牌！</indent>\n*<indent=5%>\n<u>掉落几率：</u>稀有：保证包含 ； 超稀有：30% ； 传说：5%
,
,
,
STORE_TUTORIAL_1,花费宝石打开\n高级组合包。
,
,
,
STORE_TUTORIAL_2,每次打开高级组合包，你都能获得\n1张稀有或更棒的牌。\n这一包里有1张能让你乐翻天的牌！
,
,
,
STORE_TUTORIAL_TEXT,买一包！
,
,
,
STORE_TUTORIALPACK_DESCRIPTION,*<indent=5%>6张高级套牌</indent>
,
,
,
STORE_TWENTY_PLUS_20_PACK_FREE,买20包送<color=#C30000>6包！</color>
,
,
,
STORE_TWENTY_PLUS_3_PACK_FREE,买20包送3包！
,
,
,
STORE_TWENTY_PLUS_3_PACK_FREE_V2,买20包送3包！
,
,
,
STORE_ULTIMATELEAGUE_DESCRIPTION,"恭喜你进入终极联赛！\n*<indent=5%>4,200颗宝石</indent>\n*<indent=5%>奖励8张传说卡牌</indent>\n*<indent=5%>每名玩家仅限1份</indent>"
,
,
,
STORE_ULTIMATELEAGUE_HEADING,终极联赛同捆包
,
,
,
STORE_UPDATED,已更新
,
,
,
STORE_UPDATEDCONTENTS,已更新内容
,
,
,
STORE_UPGRADEDECKS,升级牌组！
,
,
,
STORE_VALENBRAINZ_DESCRIPTION,*<indent=5%>1张热辣约会、1张野玫瑰、1张甜土豆和15张罕见卡牌</indent>\n**巨无霸同捆包奖励**：\n<indent=10%>保证包含1张传说卡牌！</indent>
,
,
,
STORE_VALENBRAINZ_GUARANTEE,<color=#C30000>传说卡牌就在巨无霸同捆包！</color>\n收集4张热辣约会
,
,
,
STORE_VALENBRAINZ_HEADING,情人脑子同捆包
,
,
,
STORE_WEEDSPRAY_DESCRIPTION,*<indent=5%>1张除草剂</indent>\n*<indent=5%>锈铁侠、摔跤狂、海妖和Z机甲可用</indent>
,
,
,
STORE_WEEDSPRAY_TITLE,除草剂
,
,
,
STORE_WEEKENDOFFER,周末优惠
,
,
,
STORE_WEEKENDOFFER_V2,周末优惠
,
,
,
STORE_WEEKLYEVENT,每周活动
,
,
,
STORE_WEEKLYEVENTCLASSBOOST,每周活动属性提升
,
,
,
STORE_WEEKLYEVENTHERO,每周活动英雄
,
,
,
STORE_WEEKLYOFFER,每周优惠
,
,
,
STORE_WEEKLYOFFER_V2,每周优惠
,
,
,
STORE_WELCOME_DESCRIPTION,欢迎来到《植物大战僵尸：英雄》，来享受世界级盛宴吧！\n*<indent=5%>包含5张高级套牌中的罕见牌</indent>\n*<indent=5%>包含1张稀有牌</indent>
,
,
,
STORE_WELCOME_DESCRIPTION_V2,*2张高级套牌中的罕见牌\n*1张稀有牌
,
,
,
STORE_WELCOME_HEADING,迎新组合包
,
,
,
STORE_WITCHHAZEL_DESCRIPTION,*<indent=5%>3个组合包和1个女巫榛子</indent>\n**巨无霸同捆包奖励**：\n<indent=10%>保证包含500颗宝石！</indent>\n<u>组合包掉落几率：</u>稀有：保证包含 ； 超稀有：30% ； 传说：10%
,
,
,
STORE_WITCHHAZEL_GUARANTEE,<color=#C30000>500颗宝石就在巨无霸同捆包！</color>\n收集4张活动卡牌
,
,
,
STORE_WITCHHAZEL_HEADING,末日草坪同捆包
,
,
,
STORE_X2VALUE,双倍超值！
,
,
,
STORE_ZOMBOTSHARKTRONICSUB_DESCRIPTION,*<indent=5%>1张机械僵鲨</indent>\n*<indent=5%>急冻魔、超尸、无穷小子和海妖可用</indent>
,
,
,
STORE_ZOMBOTSHARKTRONICSUB_TITLE,机械僵鲨
,
,
,
STORE_ZOMBOTSWRATH_DESCRIPTION,*<indent=5%>1张机器人之怒</indent>\n*<indent=5%>霹雳舞王、无穷小子、僵点子教授和Z机甲可用</indent>
,
,
,
STORE_ZOMBOTSWRATH_TITLE,机器人之怒
,
,
,
Strawberrian_flavorText,每到开始战斗的时候，他就动力十足。
,
,
,
Strawberrian_heraldFighter,由蛮族草莓召唤
,
,
,
Strawberrian_heraldTrick,由蛮族草莓召唤
,
,
,
Strawberrian_longDesc,当你打出莓果时，对蛮族草莓相邻线上的僵尸造成1点伤害。\n[berryevolution]：获得一张莓果轰击。
,
,
,
Strawberrian_name,蛮族草莓
,
,
,
Strawberrian_shortDesc,当你打出莓果时，对蛮族草莓相邻线上的僵尸造成1点伤害。[berryevolution]：获得一张莓果轰击。
,
,
,
STREAK_BONUS_TITLE,连胜奖励！
,
,
,
Strength Land_flavorText,至尊大王将流星Z驱向地球深处，创造出一条隧道，通往充满奇怪生物的隐藏世界……但是那里究竟有什么？
,
,
,
Strength Land_longDesc,自己线上的僵尸获得[+2a]。
,
,
,
Strength Land_name,流星Z
,
,
,
Strength Land_shortDesc,自己线上的僵尸获得[+2a]。
,
,
,
Stupid Cupid_flavorText,爱是什么？老实讲，他也不知道。
,
,
,
Stupid Cupid_longDesc,打出：对一株植物造成1点伤害。该植物本回合拥有[0a]。
,
,
,
Stupid Cupid_name,愚蠢爱神
,
,
,
Stupid Cupid_shortDesc,对一株植物造成1点伤害。该植物本回合拥有[0a]。
,
,
,
Stupid Cupid_Targeting,对一株植物造成1点伤害。该植物本回合拥有[0a]。
,
,
,
subtype_Animal,动物
,
,
,
subtype_Banana,香蕉
,
,
,
subtype_Barrel,木桶
,
,
,
subtype_Bean,豆子
,
,
,
subtype_Berry,莓果
,
,
,
subtype_Cactus,仙人掌
,
,
,
subtype_Clock,钟表
,
,
,
subtype_Corn,玉米
,
,
,
subtype_Dancing,跳舞
,
,
,
subtype_Dragon,巨龙
,
,
,
subtype_Flower,花朵
,
,
,
subtype_Flytrap,捕蝇草
,
,
,
subtype_Foodie,吃货
,
,
,
subtype_Fruit,水果
,
,
,
subtype_Garbage,垃圾
,
,
,
subtype_Gargantuar,巨尸
,
,
,
subtype_Ghost,幽灵
,
,
,
subtype_Gourmet,美食家
,
,
,
subtype_History,历史
,
,
,
subtype_Imp,小鬼
,
,
,
subtype_Knight,骑士
,
,
,
subtype_Leafy,绿叶
,
,
,
subtype_Mime,哑剧
,
,
,
subtype_Monster,怪物
,
,
,
subtype_Moss,苔藓
,
,
,
subtype_Mushroom,蘑菇
,
,
,
subtype_Mustache,胡须
,
,
,
subtype_Nut,坚果
,
,
,
subtype_Onion,洋葱
,
,
,
subtype_Party,派对
,
,
,
subtype_Peashooter,豌豆
,
,
,
subtype_Pepper,辣椒
,
,
,
subtype_Pet,宠物
,
,
,
subtype_Pinecone,松果
,
,
,
subtype_Pirate,海盗
,
,
,
subtype_Professional,职业
,
,
,
subtype_Root,根茎
,
,
,
subtype_Science,科学家
,
,
,
subtype_Seed,种子
,
,
,
subtype_Sports,运动员
,
,
,
subtype_Sporty,运动员
,
,
,
subtype_Squash,窝瓜
,
,
,
subtype_Tree,树木
,
,
,
subtype_Vacation,度假
,
,
,
subtype_Vine,藤蔓
,
,
,
Sugary Treat_flavorText,对僵尸来说，蛀牙并不是什么大不了的事情。
,
,
,
Sugary Treat_longDesc,一只僵尸获[+3a]/[+1h]。
,
,
,
Sugary Treat_name,甜蜜糖果
,
,
,
Sugary Treat_shortDesc,一只僵尸获[+3a]/[+1h]。
,
,
,
Sun Shroom_flavorText,“在太阳下的乐趣？那是给其他植物享受的。我只是提供阳光。我并没有喜欢在太阳下待着。”
,
,
,
Sun Shroom_heraldFighter,由阳光菇变形而成
,
,
,
Sun Shroom_longDesc,[teamup]\n回合开始：你在本回合获得[+1s]，并把一株植物变为[linksunshroomier]。
,
,
,
Sun Shroom_name,阳光菇
,
,
,
Sun Shroom_shortDesc,[teamup]。回合开始：你在本回合获得[+1s]，并把一株植物变为[linksunshroomier]。
,
,
,
Sun Shroomier_flavorText,与他的弟弟相比，他是家中的阳光男孩。
,
,
,
Sun Shroomier_longDesc,[teamup]\n回合开始：你在本回合获得[+2s]。
,
,
,
Sun Shroomier_name,更大阳光菇
,
,
,
Sun Shroomier_shortDesc,[teamup]。回合开始：你在本回合获得[+2s]。
,
,
,
SunCost_TapToContinue,每回合阳光都会增加1点。
,
,
,
Sunflower,耀斑花能带领爆花和光能植物参战。\n\n
,
,
,
Sunflower Seed_flavorText,每一夜的结束都是新向日葵黎明的开始。
,
,
,
Sunflower Seed_heraldFighter,由向日葵种子创造
,
,
,
Sunflower Seed_longDesc,被消灭：在自己线上召唤一株[linksunflower]。
,
,
,
Sunflower Seed_name,向日葵种子
,
,
,
Sunflower Seed_shortDesc,被消灭：在自己线上召唤一株[linksunflower]。
,
,
,
Sunflower_0,帮个小忙吧，耀斑花！
,
,
,
Sunflower_1,太赞了！
,
,
,
Sunflower_2,点击任意位置继续！
,
,
,
Sunflower_2_PC,点击任意位置继续！
,
,
,
SUPERBLOCK_KEEP,拖到这里保留
,
,
,
SUPERBLOCK_PLAY,拖到这里打出
,
,
,
SUPERBLOCK_TUTORIAL_1,这是你的超能格挡槽！
,
,
,
SUPERBLOCK_TUTORIAL_2,当你的英雄受到伤害时，\n它便会随机充能……
,
,
,
SUPERBLOCK_TUTORIAL_3,英雄受到伤害：
,
,
,
SUPERBLOCK_TUTORIAL_CHARGE1,迷你\n充能
,
,
,
SUPERBLOCK_TUTORIAL_CHARGE2,普通\n充能！
,
,
,
SUPERBLOCK_TUTORIAL_CHARGE3,双倍\n充能！
,
,
,
SUPERBLOCK_TUTORIAL_CHARGE4,超级\n充能！
,
,
,
SUPERBLOCK_TUTORIAL_PERCENTAGE1,10%几率出现……
,
,
,
SUPERBLOCK_TUTORIAL_PERCENTAGE2,55%几率出现……
,
,
,
SUPERBLOCK_TUTORIAL_PERCENTAGE3,30%几率出现……
,
,
,
SUPERBLOCK_TUTORIAL_PERCENTAGE4,5%几率出现……
,
,
,
SUPERBLOCK_TUTORIAL1,你的英雄受到伤害时，\n超能格挡槽便会充能……
,
,
,
SUPERBLOCK_TUTORIAL2,它会在每次被攻击后随机填补1到3格。
,
,
,
SUPERBLOCK_TUTORIAL3,当充满时，你的英雄会格挡攻击并获得一张超能力！
,
,
,
SUPERBLOCK_TUTORIAL4,每场游戏你可以获得3次超能格挡！
,
,
,
Supernova Gargantaur_flavorText,这家伙的脾气很大。当他决定干掉一株植物时……会很残忍。真的很残忍。
,
,
,
Supernova Gargantaur_longDesc,[frenzy]\n当一个巨尸消灭一株植物时，消灭那株植物的所有复制。
,
,
,
Supernova Gargantaur_name,超新星巨尸
,
,
,
Supernova Gargantaur_shortDesc,[frenzy]。当一个巨尸消灭一株植物时，消灭那株植物的所有复制。
,
,
,
Superpower_Legendary,超能力 - 传说
,
,
,
SUPERPOWER_STACK_INFO,每次超能格挡时，你都能获得一张超能力，可以免费打出或者留到以后用。
,
,
,
Superpower_SuperRare,超稀有
,
,
,
Surfer Zombie_flavorText,他以前经常和他们一起做十趾吊，但自从鲨鱼咬掉他的一只脚趾， 他就最多只能做九趾吊了。
,
,
,
Surfer Zombie_longDesc,[aquatic]，[frenzy]
,
,
,
Surfer Zombie_name,冲浪僵尸
,
,
,
Surfer Zombie_shortDesc,[aquatic]，[frenzy]
,
,
,
Sweet Pea_flavorText,僵尸们也许只剩四颗牙，但其中的一颗爱吃甜食。
,
,
,
Sweet Pea_longDesc,打出：把一只僵尸移动到这条线上。
,
,
,
Sweet Pea_name,甜豌豆
,
,
,
Sweet Pea_shortDesc,把一只僵尸移动到这条线上。
,
,
,
Sweet Pea_Targeting,选择一只僵尸并将其移动到甜豌豆的线上。
,
,
,
SWITCH_DECKS,点击以更换牌组：
,
,
,
Synchronized Swimmer_flavorText,要花很多时间进行练习才能让两只僵尸的头同时掉下来。
,
,
,
Synchronized Swimmer_longDesc,[aquatic]\n打出： 这只僵尸将复制另一只僵尸的[a]和[h]。
,
,
,
Synchronized Swimmer_name,花样游泳运动员
,
,
,
Synchronized Swimmer_shortDesc,[aquatic]。这只僵尸将复制另一只僵尸的[a]和[h]。
,
,
,
Synchronized Swimmer_Targeting,选择要复制的僵尸。
,
,
,
Tactical Cuke_flavorText,他来自一长串非常精确的黄瓜。
,
,
,
Tactical Cuke_longDesc,消灭平地上的所有植物和僵尸。
,
,
,
Tactical Cuke_name,战术黄瓜弹
,
,
,
Tactical Cuke_shortDesc,消灭平地上的所有植物和僵尸。
,
,
,
Tactical Position_flavorText,这颗行星是怎么来的？这是另一个生命的葡萄之谜。 
,
,
,
Tactical Position_longDesc,当自己线上的植物对僵尸英雄造成伤害时，抽一张牌。
,
,
,
Tactical Position_name,葡萄星球
,
,
,
Tactical Position_shortDesc,当自己线上的植物对僵尸英雄造成伤害时，抽一张牌。
,
,
,
TAP_REWARDS,点击领奖！
,
,
,
TAP_REWARDS_PC,领取您的奖励！
,
,
,
TAP_TO_CONTINUE,点击继续
,
,
,
TAP_TO_CONTINUE_PC,点击任意位置继续！
,
,
,
TAP_TO_OPEN,点击开包！
,
,
,
TAP_TO_OPEN_PACKS,你得到了组合包！
,
,
,
TAP_TO_OPEN_PACKS_PC,点击收集组合包
,
,
,
TAP_TO_OPEN_PC,点击开包！
,
,
,
TEAM_BUILDER_ALL,全部显示
,
,
,
TEAM_BUILDER_AUTO,自动完成
,
,
,
TEAM_EDIT_BUTTON_TUTORIAL_1,你现在可以定制你的牌组了！
,
,
,
TEAM_EDIT_BUTTON_TUTORIAL_2,点击这里来挑选你最喜爱的植物，打造最强大的牌组！
,
,
,
TEAM_EDIT_BUTTON_TUTORIAL_2_PC,选择这里来挑选你最喜爱的植物，打造最强大的牌组！
,
,
,
TEAM_EDIT_TUTORIAL_1,在你的收藏中\n上下拖动植物\n来配置你的牌组。
,
,
,
TEAM_EDIT_TUTORIAL_2,加入最多4张相同的牌\n增加在战斗中抽到的几率！
,
,
,
TEAM_EDIT_TUTORIAL_3,记得均衡搭配低费牌以便前期使用，同时搭配一些伤害强劲的高费牌。
,
,
,
TEAM_EDIT_TUTORIAL_4,从商店的高级组合包里\n收集更多牌\n打造独一无二的强大牌组！
,
,
,
TEAMMATES,卡牌
,
,
,
Teleport_flavorText,感觉跟作弊一样。
,
,
,
Teleport_longDesc,在本回合中，你可以在应该打锦囊牌时打出一张僵尸。\n抽一张牌。
,
,
,
Teleport_name,传送
,
,
,
Teleport_shortDesc,在本回合中，你可以在应该打锦囊牌时打出一张僵尸。抽一张牌。
,
,
,
Teleportation Station_flavorText,传送是一项相对较新的技术。还有一些小问题要处理。对的，有时候事情会变得有点……搞混了。
,
,
,
Teleportation Station_longDesc,回合开始： 若自己线上有僵尸，则获得一个[linkteleport]。
,
,
,
Teleportation Station_name,传送站
,
,
,
Teleportation Station_shortDesc,回合开始：若自己线上有僵尸，则获得一个[linkteleport]。
,
,
,
Teleportation Zombie_flavorText,电话线延伸到了另一个维度。
,
,
,
Teleportation Zombie_longDesc,[gravestone]，[truestrike]\n你可以在能够打锦囊牌时打出僵尸。
,
,
,
Teleportation Zombie_name,传送僵尸
,
,
,
Teleportation Zombie_shortDesc,[gravestone]，[truestrike]。你可以在能够打锦囊牌时打出僵尸。
,
,
,
TEMP_STORE_TUTORIAL_1,瞧瞧这些闪闪\n发光的宝石哟！
,
,
,
TEMP_STORE_TUTORIAL_2,在商店里花费宝石购买组合包\n从而获取新卡牌！
,
,
,
TEMP_STRING_1,Placeholder
,
,
,
TEMP_STRING_10,Placeholder
,
,
,
TEMP_STRING_2,Placeholder
,
,
,
TEMP_STRING_3,Placeholder
,
,
,
TEMP_STRING_4,Placeholder
,
,
,
TEMP_STRING_5,Placeholder
,
,
,
TEMP_STRING_6,Placeholder
,
,
,
TEMP_STRING_7,Placeholder
,
,
,
TEMP_STRING_8,Placeholder
,
,
,
TEMP_STRING_9,Placeholder
,
,
,
TEN,买10包送1包！
,
,
,
TEN1500S,<color=#C30000>33%折扣！</color> 11个组合包
,
,
,
TEN2000S,<color=#C30000>降价25%！</color> 11个组合包
,
,
,
TEN2000S_V2,11个组合包 - <color=#C30000>降价25%！</color>
,
,
,
Terror-Former 2000_flavorText,这是至尊大王最伟大的发明。这也是他唯一的发明。但最好不要向他提醒这一点。
,
,
,
Terror-Former 2000_heraldFighter,由恐怖塑形者10000召唤
,
,
,
Terror-Former 2000_heraldTrick,由恐怖塑形者10000召唤
,
,
,
Terror-Former 2000_longDesc,创造一个环境和一个把戏。你手中的所有环境牌和戏法牌费用减少1。
,
,
,
Terror-Former 2000_name,恐怖塑形者10000
,
,
,
Terror-Former 2000_shortDesc,创造一个环境和一个把戏。你手中的所有环境牌和戏法牌费用减少1。
,
,
,
TEST_STRING,测试句段
,
,
,
Three-Nut_flavorText,人们说两个头比一个强。看来三头花生在进化上踏出了新的一大步。
,
,
,
Three-Nut_longDesc,当你打出植物时，将其[a]变为[3a]。
,
,
,
Three-Nut_name,三头花生
,
,
,
Three-Nut_shortDesc,当你打出植物时，将其[a]变为[3a]。
,
,
,
TIER_REWARDS_TITLE,新级别！
,
,
,
TIERUP_1,达到青铜级别了！
,
,
,
TIERUP_2,达到白银级别了！
,
,
,
TIERUP_3,达到黄金级别了！
,
,
,
TIERUP_4,达到钻石级别了！
,
,
,
TIERUP_5,达到墨西哥联赛了！
,
,
,
TIERUP_6,达到终极联赛了！
,
,
,
TIMESPAN_DAYS_ABBR,d
,
,
,
TIMESPAN_HOURS_ABBR,h
,
,
,
TIMESPAN_MINUTES_ABBR,m
,
,
,
TIMESPAN_SECONDS_ABBR,s
,
,
,
TITLE_TEXT_MISSIONS,任务
,
,
,
Toadstool_flavorText,毒菌受不了无所事事的日子。每当有工作要做，她总是一马当先。
,
,
,
Toadstool_longDesc,打出：消灭自己线上一只[4a]或以下的僵尸。\n回合开始：你在本回合获得[+1s]。
,
,
,
Toadstool_name,毒菌
,
,
,
Toadstool_shortDesc,消灭自己线上一只[4a]或以下的僵尸。回合开始：你在本回合获得[+1s]。
,
,
,
Token,令牌
,
,
,
Tough_Beets_flavorText,他的成长环境导致他性格貌似不太好。
,
,
,
Tough_Beets_longDesc,护甲1。打出时：每有一个其他植物和僵尸，这获得+1/+1。
,
,
,
Tough_Beets_name,混混甜菜
,
,
,
Tough_Beets_shortDesc,护甲1。打出时：每有一个其他植物和僵尸，这获得+1/+1。
,
,
,
Tractor Beam Technician_flavorText,他那强大的牵引光束直接离开了农场和这个世界。
,
,
,
Tractor Beam Technician_longDesc,两栖。打出时：移动另一株植物或僵尸。
,
,
,
Tractor Beam Technician_name,拔根旗
,
,
,
Tractor Beam Technician_shortDesc,两栖。打出时：移动另一株植物或僵尸。
,
,
,
Tractor Beam Technician_Targeting,移动其他植物或僵尸。
,
,
,
Trampoline Party_flavorText,别让它落脚！
,
,
,
Trampoline Party_longDesc,[bounce]平地上的所有植物。
,
,
,
Trampoline Party_name,机器人踩踏
,
,
,
Trampoline Party_shortDesc,[bounce]平地上的所有植物。
,
,
,
Trans-fig-uration_flavorText,“根据海森堡的测不准原理，如果你在非常近的距离观察一株植物，你实际上改变了植物的身份……”
,
,
,
Trans-fig-uration_heraldFighter,由变形无花果变形而成
,
,
,
Trans-fig-uration_longDesc,回合结束时：变成一个费用增加1的随机植物。保留此能力。
,
,
,
Trans-fig-uration_name,变形无花果
,
,
,
Trans-fig-uration_shortDesc,回合结束时：变成一个费用增加1的随机植物。保留此能力。
,
,
,
Transformation Lab_flavorText,根据变形站的宣传手册，每一个来访的僵尸离开时都将会感觉自己是一只全新的僵尸。
,
,
,
Transformation Lab_heraldFighter,由变形站变形而成
,
,
,
Transformation Lab_longDesc,回合开始：将自己线上的僵尸变形为一个随机的花费多[1b]的僵尸。
,
,
,
Transformation Lab_name,变形站
,
,
,
Transformation Lab_shortDesc,回合开始：将自己线上的僵尸变形为一个随机的花费多[1b]的僵尸。
,
,
,
Trapper Territory_flavorText,植物们不喜欢被困住的感觉。你能责怪它们吗？
,
,
,
Trapper Territory_longDesc,在自己线上的战斗之前：对自己线上的每株植物造成1点伤害。
,
,
,
Trapper Territory_name,捕兽者领地
,
,
,
Trapper Territory_shortDesc,在自己线上的战斗之前：对自己线上的每株植物造成1点伤害。
,
,
,
Trapper Zombie_flavorText,极品香蕉皮外套的供应商。 
,
,
,
Trapper Zombie_heraldFighter,由捕兽者僵尸创造
,
,
,
Trapper Zombie_heraldTrick,由捕兽者僵尸创造
,
,
,
Trapper Zombie_longDesc,[gravestone]\n现身：召唤一张[linktrapperterritory]。
,
,
,
Trapper Zombie_name,捕兽者僵尸
,
,
,
Trapper Zombie_shortDesc,[gravestone]。现身：召唤一张[linktrapperterritory]。
,
,
,
Trapper Zombie_Targeting,选择一个位置来召唤捕兽者领地。
,
,
,
Triassic_Legendary,三叠纪 - 传说
,
,
,
Triassic_Rare,三叠纪 - 稀有
,
,
,
Triassic_SuperRare,三叠纪 - 超稀有
,
,
,
Triassic_Uncommon,三叠纪 - 罕见
,
,
,
Tricarrotops_flavorText,贝塔胡萝卜蒂娜一路追踪至尊大王，深入Z号流星开出的隧道，到达了空心地球。那里的胡萝卜有着非常迥异的进化方向。
,
,
,
Tricarrotops_longDesc,[truestrike]\n[dinoroar]：这张牌获得[+1a]/[+1h]。
,
,
,
Tricarrotops_name,胡萝卜角龙
,
,
,
Tricarrotops_shortDesc,[truestrike]。[dinoroar]：这张牌获得[+1a]/[+1h]。
,
,
,
Trick or Treater_flavorText,不给糖就捣乱？他对这个问题困惑不已……而答案总是遥不可及。
,
,
,
Trick or Treater_heraldFighter,由万圣节达人召唤
,
,
,
Trick or Treater_heraldTrick,由万圣节达人召唤
,
,
,
Trick or Treater_longDesc,[gravestone]\n当你每回合第一次打出锦囊牌时，[conjure]一张[linktreat]。
,
,
,
Trick or Treater_name,万圣节达人
,
,
,
Trick or Treater_shortDesc,[gravestone]。当你每回合第一次打出锦囊牌时，[conjure]一张[linktreat]。
,
,
,
Tricorn_flavorText,“拼命努力，使你心中那称作‘良知’的天火之微弱火星永远闪耀。”——葫芦·瓜盛顿
,
,
,
Tricorn_longDesc,攻击自己和相邻线上的敌人。\n[plantevolution]：这张牌获得[+2a]。
,
,
,
Tricorn_name,三角帽松果
,
,
,
Tricorn_shortDesc,攻击自己和相邻线上的敌人。[plantevolution]：这张牌获得[+2a]。
,
,
,
Triplication_flavorText,一个小鬼，一只僵尸，和一个巨尸走进一家酒吧……
,
,
,
Triplication_heraldFighter,由三倍体召唤
,
,
,
Triplication_heraldTrick,由三倍体召唤
,
,
,
Triplication_longDesc,[conjure]一个小鬼，一只僵尸，和一个巨尸。
,
,
,
Triplication_name,三倍体
,
,
,
Triplication_shortDesc,[conjure]一个小鬼，一只僵尸，和一个巨尸。
,
,
,
TRUESTRIKE_FLOATER,<sprite=62>\n<color=green>必中</color>
,
,
,
TS_AVAIL,掰腕僵尸、深海巨尸以及超体贴超稀有的护士巨尸现已加入限时摔跤狂盟友包！
,
,
,
TS_EXPIRE,摔跤狂盟友包即将下架！
,
,
,
TSD,包含掰腕僵尸、深海巨尸，还有超稀有牌护士巨尸，完美适合摔跤狂！
,
,
,
TSD_V2,最适合摔跤狂。限购4包！\n*<indent=5%>包含1张掰腕僵尸、深海巨尸和超稀有牌护士巨尸</indent>\n*<indent=5%>3张高级套牌中的罕见牌</indent>
,
,
,
TSH,摔跤狂盟友包
,
,
,
Turkey Rider_flavorText,他坚持在交通方面，火鸡随时都胜过海豚、海象和袋鼠。
,
,
,
Turkey Rider_longDesc,被消灭：获得一块[linkleftovers]。
,
,
,
Turkey Rider_name,火鸡骑手
,
,
,
Turkey Rider_shortDesc,被消灭：获得一块[linkleftovers]。
,
,
,
Turquoise Skull Zombie_flavorText,神秘的绿松石骷髅盗走了太阳，点亮了通往胡须纪念碑的道路。
,
,
,
Turquoise Skull Zombie_longDesc,墓碑。回合开始时：植物玩家失去1阳光。这获得+1/+1。
,
,
,
Turquoise Skull Zombie_name,绿松石骷髅僵尸
,
,
,
Turquoise Skull Zombie_shortDesc,墓碑。回合开始时：植物玩家失去1阳光。这获得+1/+1。
,
,
,
type_environment,环境
,
,
,
type_environment_power,超能力环境
,
,
,
type_plant,植物
,
,
,
type_plant_power,超能力植物
,
,
,
type_superpower,超能力锦囊牌
,
,
,
type_trick,锦囊牌
,
,
,
type_zombie,僵尸
,
,
,
type_zombie_power,超能力僵尸
,
,
,
Typical Beanstalk_flavorText,“每个人的魔力都有自己的特点，没法面面俱到。除了我以外。”
,
,
,
Typical Beanstalk_longDesc,在叶植物旁边打出时：这获得+1力量并创造一张叶牌。
,
,
,
Typical Beanstalk_name,普通豆茎
,
,
,
Typical Beanstalk_shortDesc,在叶植物旁边打出时：这获得+1力量并创造一张叶牌。
,
,
,
Umbrella Leaf_flavorText,她实在不太喜欢淋雨。
,
,
,
Umbrella Leaf_longDesc,[teamup]\n自己和相邻线上的其他植物获得[untrickable]。
,
,
,
Umbrella Leaf_name,伞叶
,
,
,
Umbrella Leaf_shortDesc,[teamup]。自己和相邻线上的其他植物获得[untrickable]。
,
,
,
UNDO,撤销
,
,
,
Unexpected Gifts_flavorText,“为了Feastivus四日节，我的真爱给我的：1只火公鸡、1个打喷嚏的僵尸、1个月黑风高，还有一只梨树上的山鹑！”
,
,
,
Unexpected Gifts_heraldFighter,由意外礼物召唤
,
,
,
Unexpected Gifts_heraldTrick,由意外礼物召唤
,
,
,
Unexpected Gifts_longDesc,[conjure]三张活动卡牌。然后植物玩家[conjures]一张活动卡牌。
,
,
,
Unexpected Gifts_name,意外礼物
,
,
,
Unexpected Gifts_shortDesc,[conjure]三张活动卡牌。然后植物玩家[conjures]一张活动卡牌。
,
,
,
UNLOCK_STARTING_PLANT_HEROES,您已经解锁了所有的初始植物英雄！\n\n若想要获得更多的植物英雄，请购买高级组合包！
,
,
,
UPDATE_REQUIRED,有新更新可用！请从App Store更新。
,
,
,
USERNAME,用户名
,
,
,
Veloci-Radish Packmate_flavorText,
,
,
,
Veloci-Radish Packmate_longDesc,[teamup]\n[dinoroar]：这张牌获得[+1a]。
,
,
,
Veloci-Radish Packmate_name,迅猛萝伙伴
,
,
,
Veloci-Radish Packmate_shortDesc,[teamup]。[dinoroar]：获得[+1a]。
,
,
,
Veloci-Radish Solo_flavorText,所有史前生物的“根”。
,
,
,
Veloci-Radish Solo_longDesc,[dinoroar]：这张牌获得[+1a]。
,
,
,
Veloci-Radish Solo_name,迅猛萝幼苗
,
,
,
Veloci-Radish Solo_shortDesc,[dinoroar]：获得[+1a]。
,
,
,
Veloci-Radish_flavorText,专业的狩猎组合，其中一个发出吼叫干扰猎物，另一个则从侧面进行攻击。
,
,
,
Veloci-Radish_heraldFighter,由迅猛萝卜伙伴制造
,
,
,
Veloci-Radish_longDesc,打出时：在此处制作一个具有组队的此卡的副本。恐龙咆哮：这获得+1力量。
,
,
,
Veloci-Radish_name,迅猛萝卜伙伴
,
,
,
Veloci-Radish_shortDesc,打出时：在此处制作一个具有组队的此卡的副本。恐龙咆哮：这获得+1力量。
,
,
,
Vengeful Cyborg_flavorText,他的假发在战争的热火中不见了，从此他就一直对这件事感到愤怒。
,
,
,
Vengeful Cyborg_longDesc,[hunt]
,
,
,
Vengeful Cyborg_name,复仇生化人
,
,
,
Vengeful Cyborg_shortDesc,[hunt]
,
,
,
WAITING_ON_MULLIGANS,正在等待对手重抽开局牌……
,
,
,
WAITING_ON_OPPONENT,正在等待对手……
,
,
,
Wall-Knight,坚果骑士能带领守卫和光能队友参战。\n\n
,
,
,
WallKnight_0,点击任意位置继续！
,
,
,
WallKnight_0_PC,点击任意位置继续！
,
,
,
WATCH_AD_BUTTON,广告
,
,
,
WATCH_AD_OVERVIEW_DESCRIPTION,您将获得
,
,
,
WATCH_AD_OVERVIEW_TITLE,观看<u>广告</u>得宝石
,
,
,
WATCH_AD_REWARD_TITLE,你得到了
,
,
,
WATCH_ANOTHER_AD,观看另一段广告？
,
,
,
Weenie Beanie_flavorText,
,
,
,
Weenie Beanie_longDesc,
,
,
,
Weenie Beanie_shortDesc,
,
,
,
Weenie_Beanie_flavorText,为身高问题苦恼不已。
,
,
,
Weenie_Beanie_longDesc,
,
,
,
Weenie_Beanie_name,小豆丁
,
,
,
Weenie_Beanie_shortDesc,
,
,
,
Wilting Away_flavorText,有时候，进化之树在根源上就枯萎了。
,
,
,
Wilting Away_longDesc,一株植物获得[-2a]/[-2h]。该植物的所有复制也获得[-2a]/[-2h]。
,
,
,
Wilting Away_name,灭绝事件
,
,
,
Wilting Away_shortDesc,一株植物获得[-2a]/[-2h]。该植物的所有复制也获得[-2a]/[-2h]。
,
,
,
Wing Nut_flavorText,坚信猫王还活着，僵尸从来没有在月球上行走过，而僵王博士正在秘密研究22区的外星人。真是疯了！
,
,
,
Wing Nut_longDesc,僵尸无法额外攻击。
,
,
,
Wing Nut_name,螺帽坚果
,
,
,
Wing Nut_shortDesc,僵尸无法额外攻击。
,
,
,
Witch,不死女妖能带领有脑和饥饿队友参战。\n\n她以前在万圣节时就爱扮僵尸。
,
,
,
Witch Hazel_flavorText,僵尸们总是尝试拿她做一座桥。
,
,
,
Witch Hazel_heraldFighter,由女巫榛子创造
,
,
,
Witch Hazel_longDesc,回合结束：随机消灭一只僵尸，并在该条线上召唤一株[1a]/[1h]且带有[teamup]的小喷菇。
,
,
,
Witch Hazel_name,女巫榛子
,
,
,
Witch Hazel_shortDesc,回合结束：随机消灭一只僵尸，并在该条线上召唤一株[1a]/[1h]且带有[teamup]的小喷菇。
,
,
,
Witch_0,点击任意位置继续！
,
,
,
Witch_0_PC,点击任意位置继续！
,
,
,
Witches_Familiar_flavorText,和吉娃娃很像，只是有翅膀……和尖牙……还爱啃植物。
,
,
,
Witches_Familiar_longDesc,制造一个2/1僵尸蝙蝠，上面写着“两栖。当此牌伤害一株植物时：抽一张牌。”
,
,
,
Witches_Familiar_name,僵尸蝙蝠
,
,
,
Witches_Familiar_shortDesc,制造一个2/1僵尸蝙蝠，上面写着“两栖。当此牌伤害一株植物时：抽一张牌。”
,
,
,
WK_AVAIL,金属向日葵、无畏坚果和超稀有牌反射坚果现已加入限时坚果骑士盟友包！
,
,
,
WK_EXPIRE,限时坚果骑士盟友包即将下架！
,
,
,
WKD,包含金属向日葵、无畏坚果和超稀有牌反射坚果，完美适合坚果骑士！
,
,
,
WKD_V2,最适合坚果骑士。限购4包！\n*<indent=5%>包含1张金属向日葵、无畏坚果和超稀有牌反射坚果</indent>\n*<indent=5%>3张高级套牌中的罕见牌</indent>
,
,
,
WKH,坚果骑士盟友包
,
,
,
Wormhole Gatekeeper_flavorText,有人这样告诉她：“站在这里，用你的命守卫这座门”。而自此之后她也一直是这样做的。
,
,
,
Wormhole Gatekeeper_longDesc,双方玩家创造的卡牌费用减少1。回合开始时：每位玩家创造一张卡牌。
,
,
,
Wormhole Gatekeeper_name,虫洞守门者
,
,
,
Wormhole Gatekeeper_shortDesc,双方玩家创造的卡牌费用减少1。回合开始时：每位玩家创造一张卡牌。
,
,
,
Yeti_Lunchbox_flavorText,里边有什么？一块花生酱脑子三明治……面包皮还被切掉了。
,
,
,
Yeti_Lunchbox_longDesc,僵尸获得+1/+1。如果是宠物，改为获得+2/+1。
,
,
,
Yeti_Lunchbox_name,雪人午餐盒
,
,
,
Yeti_Lunchbox_shortDesc,僵尸获得+1/+1。如果是宠物，改为获得+2/+1。
,
,
,
YOU_HAVE_X_SUPERPOWERS,你有：{0}张超能力
,
,
,
YOU_HAVE_X_TEAMMATES,你有：{0}张牌
,
,
,
YOU_NEED_AT_LEAST_X_SUPERPOWERS,你需要{0}张超能力才能进行游戏。
,
,
,
YOU_NEED_AT_LEAST_X_TO_PLAY,你需要{0}-{1}张才能进行游戏。
,
,
,
Zen Garden_flavorText,风中有些什么东西。事实上是向日葵的籽。
,
,
,
Zen Garden_heraldFighter,由光能之风创造
,
,
,
Zen Garden_longDesc,回合结束：若自己线上没有僵尸，则在自己线上召唤一个[linksunflower]。
,
,
,
Zen Garden_name,光能之风
,
,
,
Zen Garden_shortDesc,回合结束：若自己线上没有僵尸，则在自己线上召唤一个[linksunflower]。
,
,
,
ZM_AVAIL,超稀有牌全明星僵尸会清除掉这些杂草！现已加入限时Z机甲盟友包！
,
,
,
ZM_EXPIRE,看上去眼熟……但又不大一样。限时Z机甲盟友包即将下架！
,
,
,
ZMD,包含焰火僵尸、牛仔巨尸和超稀有牌全明星僵尸，最适合Z机甲！
,
,
,
ZMD_V2,最适合Z机甲。限购4包！\n*<indent=5%>包含1张焰火僵尸、牛仔巨尸和超稀有牌全明星僵尸</indent>\n*<indent=5%>3张高级套牌中的罕见牌</indent>
,
,
,
ZMech,Z机甲能带领健壮和疯帽队友参战。\n\n
,
,
,
Zmech_0,点击任意位置继续！
,
,
,
Zmech_0_PC,点击任意位置继续！
,
,
,
ZMH,Z机甲盟友包
,
,
,
Zombie Board Clear_longDesc,消灭场上所有牌。
,
,
,
Zombie Board Clear_name,0 僵尸清场作弊 0
,
,
,
Zombie Board Clear_shortDesc,消灭场上所有牌。
,
,
,
Zombie High Diver_flavorText,他以前既怕高又怕水，真的。
,
,
,
Zombie High Diver_longDesc,[gravestone]\n在高地现身：移动至水里，并获得[+1a]/[+1h]。
,
,
,
Zombie High Diver_name,高台跳水僵尸
,
,
,
Zombie High Diver_shortDesc,[gravestone]。在高地现身：移动至水里，并获得[+1a]/[+1h]。
,
,
,
Zombie High Diver_Targeting,选择一个位置来移动这只僵尸。
,
,
,
Zombie Middle Manager_flavorText,和大多数经理一样，让员工痛不欲生是他的力量源泉。
,
,
,
Zombie Middle Manager_heraldFighter,由中层主管僵尸召唤
,
,
,
Zombie Middle Manager_heraldTrick,由中层主管僵尸召唤
,
,
,
Zombie Middle Manager_longDesc,当其他职业僵尸受到伤害时，这张牌获得[+1a]。\n打出：[conjure]一只职业僵尸。
,
,
,
Zombie Middle Manager_name,中层主管僵尸
,
,
,
Zombie Middle Manager_shortDesc,当其他职业僵尸受到伤害时，这张牌获得[+1a]。打出：[conjure]一只职业僵尸。
,
,
,
Zombie Nurse_flavorText,
,
,
,
Zombie Nurse_longDesc,锦囊牌回合开始：为所有僵尸和僵尸英雄治疗2点生命值。
,
,
,
Zombie Nurse_name,僵尸护士
,
,
,
Zombie Nurse_shortDesc,锦囊牌回合开始：为所有僵尸和僵尸英雄治疗2点生命值。
,
,
,
ZOMBIE_HQ_PLAY_AS_PLANTS,玩植物\n关卡
,
,
,
ZOMBIE_MAIN_PHASE,僵尸回合
,
,
,
ZOMBIE_MAIN_PHASE_LOWER,出牌
,
,
,
ZOMBIE_MAIN_PHASE_UPPER,僵尸
,
,
,
ZOMBIE_SURPRISE_PHASE,打出一张锦囊牌！
,
,
,
ZOMBIE_SURPRISE_PHASE_LOWER,锦囊牌
,
,
,
ZOMBIE_SURPRISE_PHASE_UPPER,僵尸
,
,
,
Zombie's Best Friend_flavorText,“战斗中重要的不是狗的大小，而是狗的战斗力。”——德怀特·爱脑豪威尔
,
,
,
Zombie's Best Friend_heraldFighter,由僵尸的好伙伴创造
,
,
,
Zombie's Best Friend_longDesc,在一只僵尸的相邻线上打出：随机召唤一只花费为[1b]的僵尸。
,
,
,
Zombie's Best Friend_name,僵尸好伙伴
,
,
,
Zombie's Best Friend_shortDesc,在一只僵尸的相邻线上打出：随机召唤一只花费为[1b]的僵尸。
,
,
,
Zombie's Best Friend_Targeting,选择位置来随机召唤一只花费为[1b]的僵尸。
,
,
,
ZombieTutorial_Brains,僵尸出牌需要用到\n脑子而不是阳光。
,
,
,
Zomblob_flavorText,和你说过原始汤是不能喝的啦。
,
,
,
Zomblob_longDesc,[zombieevolution]：你在本回合每获得一点脑子，这张牌获得[+1a]。
,
,
,
Zomblob_name,僵尸团
,
,
,
Zomblob_shortDesc,[zombieevolution]：你在本回合每获得一点脑子，这张牌获得[+1a]。
,
,
,
Zombology Teacher_flavorText,“要是你不好好听课，那就永远别想长脑子……”
,
,
,
Zombology Teacher_longDesc,僵尸锦囊牌少花费[1b]。
,
,
,
Zombology Teacher_name,僵尸学讲师
,
,
,
Zombology Teacher_shortDesc,僵尸锦囊牌少花费[1b]。
,
,
,
Zomboss Lab_flavorText,“外太空来的僵尸？多么荒唐的阴谋论啊！走开。这儿没什么好看的。” - 僵王博士
,
,
,
Zomboss Lab_longDesc,自己线上的僵尸获得[+2a]/[+2h]和[frenzy]。
,
,
,
Zomboss Lab_name,22区
,
,
,
Zomboss Lab_shortDesc,自己线上的僵尸获得[+2a]/[+2h]和[frenzy]。
,
,
,
Zombot Aerostatic Gondola_flavorText,这些海盗会猛烈进攻，然后以每小时3英里的速度逃跑。
,
,
,
Zombot Aerostatic Gondola_longDesc,[aquatic]\n这张牌对植物英雄造成伤害时，它会随机移至一条线上，并在原本位置留下一只随机僵尸。
,
,
,
Zombot Aerostatic Gondola_name,机器热气球
,
,
,
Zombot Aerostatic Gondola_shortDesc,[aquatic]。这张牌对植物英雄造成伤害时，它会随机移至一条线上，并在原本位置留下一只随机僵尸。
,
,
,
Zombot Battlecruiser_flavorText,在35个不同的银河中不合太空法。
,
,
,
Zombot Battlecruiser_longDesc,[gravestone]\n现身：僵尸在本回合无法受到伤害。
,
,
,
Zombot Battlecruiser_name,机械战斗巡洋舰5000型
,
,
,
Zombot Battlecruiser_shortDesc,[gravestone]。现身：僵尸在本回合无法受到伤害。
,
,
,
Zombot Dinotronic Mechasaur_flavorText,还有什么比一只恐龙更好？一只庞大、金属覆盖的激光怪物，能吞进四只恐龙那种。
,
,
,
Zombot Dinotronic Mechasaur_heraldFighter,由机器僵龙骑手创造
,
,
,
Zombot Dinotronic Mechasaur_longDesc,[truestrike]\n[dinoroar]：在一条随机线上召唤一只随机历史僵尸。
,
,
,
Zombot Dinotronic Mechasaur_name,机器僵龙骑手
,
,
,
Zombot Dinotronic Mechasaur_shortDesc,[truestrike]。[dinoroar]：在一条随机线上召唤一只随机历史僵尸。
,
,
,
Zombuff_flavorText,可能的副作用包括：制造时间悖论，拆散真实世界的脉络，抹除你的整个存在，轻微的皮疹。
,
,
,
Zombuff_heraldFighter,由超时空逃脱召唤
,
,
,
Zombuff_heraldTrick,由超时空逃脱召唤
,
,
,
Zombuff_longDesc,僵尸在本回合无法受到伤害。\n[conjure]一张历史牌。
,
,
,
Zombuff_name,超时空逃脱
,
,
,
Zombuff_shortDesc,僵尸在本回合无法受到伤害。[conjure]一张历史牌。
,
,
,
BUTTON_APPLE_SIGNIN,通过Apple登录
,
,
,
BUTTON_APPLE_SIGNOUT,注销 Apple
,
,
,
SETTINGS_iOSSETTINGS_SCREEN_PROMPT,若要启用此设置并接收与您的兴趣相关的第三方广告，请在您的 Apple iOS 设置中启用跟踪。
,
,
,
SETTINGS_IOSSETTINGS_BUTTON,iOS 设置
,
,
,
ATT_PRE_PROMPT_TITLE,IMPORTANT! PLEASE READ!
,
,
,
ATT_PRE_PROMPT,跟踪可以启用第三方登录，我们就可以经常为您提供相关且具有奖励的广告，并且有助于我们改进应用程序。如果禁用跟踪，第三方登录将无法正常运行，您看到的广告将与您不太相关。无论您选择哪个选项，我们都非常高兴您能来游玩！
,
,
,
SETTINGS_PRIVACY_TITLE,您的数据选择
,
,
,
BUTTON_USAGE_SHARING,信息共享
,
,
,
USEAGE_DISPLAY,"EA将从您的设备收集数据来开发我们的产品和服务。如果禁用，EA将只收集您的设备数据，我们需要这些数据提供必要的在线服务。请查看EA的<u><link=""""privacy""""><color=""red"">保密和Cookie协议</color></link></u>以了解更多信息。（将在下一次游戏会话中体现相关变更。）"
,
,
,
SETTINGS_EA_TARGETING_PROMPT,如果禁用，我们不会将在此游戏中收集的数据用于第三方应用程序和网站上的 EA 营销，也不会使用在其他 EA 服务中收集的数据为您提供此游戏中的 EA 营销。您仍然会看到 EA 营销，但其内容可能与您不太相关。
,
,
,
SETTINGS_EA_TARGETING_TITLE,EA 针对性营销
,
,
,
BUTTON_CONTINUE,继续
,
,
,
THIRDPARTY_POPUP_FOOTER,"您可以通过访问隐私设置来更改首选项。请参见EA的<u><link=""privacy"">保密和Cookie协议</link></u>以了解更多详细信息。"
,
,
,
SETTINGS_PLAYERTARGETING_PROMPT,我们依靠第三方合作伙伴来提供个性化的游戏内广告。如果禁用，您仍然可以看到第三方广告，但这些广告可能与您不相关。
,
,
,
THIRDPARTY_POPUP_PROMPT,我们依靠第三方合作伙伴来提供个性化的游戏内广告。如果禁用，您仍然可以看到第三方广告，但这些广告可能与您不相关。
,
,
,
THIRDPARTY_POPUP_TITLE,由第三方提供的针对性广告
,
,
,
SETTINGS_THIRD_TARGETING_TITLE,第三方针对性广告
,
,
,
AAD_CONFIRMATION_TEXT,此操作无法撤销！您确定要永久删除您的《植物大战僵尸：英雄》帐号和游戏进度吗？<link=link_ea><color=blue>在此</color></link> 查看详情。\n\n如果您此前是使用“登录 Apple”的方式来游玩《植物大战僵尸：英雄》，请参考 <link=link_apple><color=blue> Apple 方面的指引以访问您的 Apple ID。 </color></link>  
,
AAD_SUCCESS_TEXT, 我们会想您的！\n\n您的帐号已被成功删除。您需要重新启动游戏从头开始游玩了。
,
,
,
AAD_DELETE_BUTTON_TEXT,删除
,
,
,
AAD_CANCLE_BUTTON_TEXT,取消
,
,
,
AAD_PENDING_STATE,请注意！帐号删除操作处理中！\n\n我们收到了您希望删除《植物大战僵尸：英雄》帐号的请求，目前正在处理中。请注意，此操作需要耗费一定时间。我们建议您晚些时候再决定是否删除帐号，并再次登入游戏。
,
,
,
AAD_FAILURE_STATE,糟糕！帐号删除失败！\n\n由此给您带来的不便，我们深表歉意。我们在删除您的《植物大战僵尸：英雄》帐号遇到了问题。若要解决该问题，请重新启动游戏并再次发送帐号删除请求。
,
,
,
AAD_IN_PROCESS_STATE, 请稍候……
,
,
,
AAD_NETWORK_ERROR_STATE,糟糕！帐号删除失败！\n\n网络连接错误，未能成功发送删除《植物大战僵尸：英雄》帐号的请求。若要解决该问题，请重新提交帐号删除请求。
,
,
,
NOTIFICATION_DIA_01,"嗨呀，邻居！
 
 想抢在对手之前解锁英雄吗？
 
 抢先了解激动人心的英雄包和重要公告！
 
 是否要我们发送通知？"
,
,
,
NOTIFICATION_DIA_02,没问题！如果您希望在将来收到通知，您可以随时通过游戏内的设置菜单启用它们。
,
,
,
NOTIFICATION_AWESOME,太棒了
,
,
,
NOTIFICATION_MAYBE,以后再说
,
,
,
MESSAGE_OFF,禁用
,
,
,
MESSAGE_ON,启用
,
,
,
DELETE_APPLE_ACCOUNT,删除我的移动设备账户
,
,
,
FORCE_UPDATE_TITLE,新的更新已经生出了新绿！
,
,
,
FORCE_UPDATE_BODY,立即更新，畅享优化性能、激动人心的英雄包和更多内容！
,
,
,
FORCE_UPDATE_BUTTON,立即下载
,
,
,
Reduce timer by {0} hours,将计时器减少{0}小时。
,
,
,
Boost your tickets to {0}x,将您的票提升至{0}倍
,
,
,
317bf3e1-1686-4923-81a9-9d07934a0ae6_Targeting,在此放置章鱼宠物。
,
,
,
BUTTON_YOUR_DATA_CHOICES,您的数据选择
,
,
,
DAILY_LOGIN_TITLE,每日
,
,
,
DAILY_LOGIN_REWARDS_TITLE,每日登入獎勵
,
,
,
DAILY_LOGIN_REWARDS_DESCRIPTION,每天登入領取獎勵！\n保持連續登入，瞧瞧你的獎勵\n在連續第 8、15 & 28 天時增長。
,
,
,
DAILY_LOGIN_STREAK_TITLE,連續天數
,
,
,
DAILY_LOGIN_STREAK_VALUE,{0}天
,
,
,
DAILY_LOGIN_MISSED_TITLE,已錯過！
,
,
,
DAILY_LOGIN_CLAIMED_TITLE,已領取！
,
,
,
DAILY_LOGIN_NEXTIN_TITLE,下一個：{0}
,
,
,
DAILY_LOGIN_BUTTON_CLAIM_TITLE,領取
,
,
,
DAILY_LOGIN_BUTTON_THANKS_TITLE,太棒了！
,
,
,
DAILY_LOGIN_TODAY_TITLE,今日
,
,
,
STREAK_RESTORE_TITLE,想要恢復你的連續天數嗎？
,
,
,
STREAK_RESTORE_MESSAGE,喔不！你的連續天數中斷了\n但你仍然可以拯救你的獎勵\n這是你的復活機會。
,
,
,
DAILY_LOGIN_REWARDS_DESC,明天登入以收穫你的下一個獎勵，並保持\n你的連續天數蓬勃發展！
,
,
,
DAILY_LOGIN_STREAK_REWARDS_DESC,喔耶！你的連續天數正持續綻放精彩中！\n這裡有個特別的獎勵來慶賀你的努力。
,
,
,
DAILY_LOGIN_TODAYS_REWARD,今日獎勵已萌芽！
,
,
,
DAILY_LOGIN_STREAK_REWARD,{0}天獎勵解鎖！
,
,
,
DAILY_LOGIN_STREAK_BROKEN_TITLE,連續天數中斷了！
,
,
,
DAILY_LOGIN_STREAK_BROKEN_DESC,哎呀，你的連續天數被咬掉了！\n每天登入保持活躍\n並獲得更大的獎勵。
,
,
,
DAILY_LOGIN_STREAK_BUTTON_TITLE,明白了！
,
,
,
DAILY_LOGIN_API_FAILED,哎呀！出現了問題。檢查你的網路連線並重試。
,
,
,
DAILY_LOGIN_NO_INTERNET,哎呀！沒有網路連線。檢查你的網路連線並重試。
,
,
,
DAILY_LOGIN_HELP_TITLE,每日登入運作方式！
,
,
,
DAILY_LOGIN_HELP_MSG1,<color=#FFD700>每天登入</color>領取每日獎勵。
,
,
,
DAILY_LOGIN_HELP_MSG2,<color=#FF3B3B><size=30>已錯過！</size></color> <color=#FFFFFF><size=20>獎勵將不會累積。</size></color>
,
,
,
DAILY_LOGIN_HELP_MSG3,<color=#FFFFFF><size=20>連續登入</size></color> <color=#FFD700><size=25>8、15 與 28</size></color> <color=#FFFFFF><size=20>天來獲得\n連續獎勵！ </size></color>
,
,
,
DAILY_LOGIN_HELP_MSG4,錯過一天時，連續天數<color=#FFD700>進度將重置</color>。
,
,
,
DAILY_LOGIN_HELP_MSG5,8天
,
,
,
DAILY_LOGIN_HELP_MSG6,15天
,
,
,
DAILY_LOGIN_HELP_MSG7,28天
,
,
,
MONTH_JANUARY,一月
,
,
,
MONTH_FEBRUARY,二月
,
,
,
MONTH_MARCH,三月
,
,
,
MONTH_APRIL,四月
,
,
,
MONTH_MAY,五月
,
,
,
MONTH_JUNE,六月
,
,
,
MONTH_JULY,七月
,
,
,
MONTH_AUGUST,八月
,
,
,
MONTH_SEPTEMBER,九月
,
,
,
MONTH_OCTOBER,十月
,
,
,
MONTH_NOVEMBER,十一月
,
,
,
MONTH_DECEMBER,十二月
,
,
,
PVP_LEADERBOARD_OPEN_BTN,草坪战争
,
,
,
PVP_LEADERBOARD_TITLE,草坪战争
,
,
,
PVP_LEADERBOARD_DEACTIVATE_TEXT,草坪战争休战中
,
,
,
PVP_LEADERBOARD_HISTORY_DEACTIVE_TEXT,还没有历史记录！游玩你的第一场排名赛来开始追踪你的草坪战争旅程。
,
,
,
PVP_LEADERBOARD_ACTIVE_NOT_ENTERED_TEXT,那是什么？草坪战争只在有限的时间内激活。\n快
,
,
,
PVP_LEADERBOARD_ACTIVE_HOME_SCREEN_TIMER_TEXT,[roundtext] 结束于 {0}
,
,
,
PVP_LEADERBOARD_DEACTIVE_HOME_SCREEN_TIMER_TEXT,[roundtext] 开始于 {0}
,
,
,
PVP_LEADERBOARD_ACTIVE_HOME_TEXT,草坪战争
,
,
,
PVP_LEADERBOARD_DEACTIVE_HOME_TEXT,草坪战争
,
,
,
LEADERBOARD_SCREEN_FTUE_TEXT,卡-砰！那就是你正在进行草坪战争！\n当激活时
,
,
,
LEADERBOARD_SCREEN_FTUE_2_TEXT,嘘！想知道更多吗？ \n点击信息按钮查看草坪战争的工作原理！
,
,
,
LEADERBOARD_BUTTON_FTUE_TEXT,这里下面的这个小玩意是什么？\n 看起来有新的东西出现了
,
,
,
LEADERBOARD_BUTTON_FTUE_2_TEXT,这是全新的功能草坪战争！\n 看看你是不是能名列前茅。
,
,
,
LEADERBOARD_BUTTON_FIRST_TIME_PLAY,立即游玩
,
,
,
LEADERBOARD_HISTORY_EMPTY_TEXT,
,
,
,
LEADERBOARD_INFO_TITLE_TEXT,草坪战争如何运作！
,
,
,
LEADERBOARD_INFO_1_TEXT,<color=yellow>草坪战争持续5周。</color>\n每周激活时间为 \n<color=yellow>星期五至星期一。</color>
,
,
,
LEADERBOARD_INFO_2_TEXT,<color=yellow>每个激活的周期为1轮。</color> \n这使得赛季\n总共有<color=yellow>5轮</color>。
,
,
,
LEADERBOARD_INFO_3_TEXT,<color=yellow>在激活的轮次中赢得排名赛</color>\n来赚取<color=yellow>奖杯，每胜+3</color>，\n同时<color=yellow>输掉则为0。</color>
,
,
,
LEADERBOARD_INFO_4_TEXT,<color=yellow>当草坪战争不激活时\n不授予奖杯。</color>
,
,
,
LEADERBOARD_INFO_5_TEXT,"在<color=yellow>赛季结束时</color>，奖励基于<color=yellow>所有\n5轮的总奖杯数。</color>"
,
,
,
LEADERBOARD_REWARD_SCREEN_RANK_TITLE,排行榜
,
,
,
LEADERBOARD_REWARD_SCREEN_TROPHIES_COUNT_TITLE,奖杯
,
,
,
LEADERBOARD_REWARD_EARNED,获得的奖励：
,
,
,
LEADERBOARD_REWARD_LABEL_RANK,排名
,
,
,
LEADERBOARD_REWARD_LABEL_TROPHY,奖杯
,
,
,
LEADERBOARD_REWARD_LABEL_REWARD,奖励
,
,
,
LEADERBOARD_REWARD_LABEL_PLAYER,玩家
,
,
,
LEADERBOARD_RANK_HOME_SCREEN,排名：{0}
,
,
,
LEADERBOARD_RANK_NOT_AVAILABLE,排名：无
,
,
,
LEADERBOARD_REWARD_SCREEN_TITLE,草坪战争结果
,
,
,
LEADERBOARD_INFO_SCREEN_REWARD_TITLE,奖励的运作方式！
,
,
,
LEADERBOARD_INFO_SCREEN_REWARD_TEXT,当玩家有相同的排名时
,
,
,
LEADERBOARD_SCREEN_CURRENT_TEXT,当前
,
,
,
LEADERBOARD_SCREEN_HISTORY_TEXT,历史
,
,
,
LEADERBOARD_RIBBON_TEXT_LOSES,如果两个或更多玩家拥有相同数量的奖杯，则赛季中失败次数较少的玩家将获得更高排名。
,
,
,
,赛季结束时，奖励将根据您5轮的奖杯总数分配。
,
,
,
LEADERBOARD_RIBBON_TEXT_WINS,当奖杯数量相同时，玩家按激活的排行榜轮次中进行的总比赛数排名。
,
,
,
PACK_PREVIEW_DROP_RATE_TEXT,每张卡获得此稀有度的概率：{0}
,
,
,
QUEST_MORE_GEM_TITLE,更多寶石
,
,
,
HIGHER_REWARD_UPTO_TITLE,獎勵最高50%
,
,
,
MORE_TICKETS_TITLE,額外25%票券
,
,
,
HIGHER_REWARDS_TEXT,更高的奖励
,
,
,
BONUS_TEXT,奖励,